Pedestrian_ID,Gender,Age,Group,Vehicle_Type,Lag_Gap,Vehicle_Speed,Vehicle_Gap,Waiting_Time,Pedestrian_Speed,Vehicle_Encountered,Path_Change,Predicted_Probability,Speed_Change_Simulated
1,Male,Young,More,Three-wheeler,Lag,21.93743759809342,2.5374867358714157,18.963077940301954,0.6295778599099671,9,1,0.6115989365634216,1
2,Male,Young,Two,Heavy,Lag,19.521542545554848,1.102764504859652,4.770984282415388,2.068400331513772,4,0,0.10045939048436246,0
3,Male,Middle,Single,Four-wheeler,Lag,17.582443107624634,2.9746435686543853,16.794219456695135,0.9525951655315563,11,1,0.8501536593484723,1
4,Male,Middle,Two,Four-wheeler,Lag,27.21182762340438,3.580033357038641,17.15997106164714,1.230148842052984,4,0,0.4805192572673497,1
5,Female,Middle,Two,Heavy,Lag,24.205315365862763,5.316928635129185,2.1376159785353233,2.0079066902348814,8,0,0.12342300452042529,0
6,Male,Young,More,Three-wheeler,Lag,23.252789703397575,2.6407620508319543,4.523855777758951,1.4481333364225957,5,0,0.053988665257375716,0
7,Male,Middle,Single,Three-wheeler,Lag,19.25851623048573,3.56816804236324,11.898433709199768,1.336761863738526,2,0,0.5430992397135134,0
8,Male,Young,Single,Four-wheeler,Gap,31.556613801346735,3.7339442518207173,3.5542952250968574,1.03961304474709,7,0,0.1366895824737217,0
9,Female,Child,Single,Two-wheeler,Gap,23.120287729952643,3.9962966764758447,7.416142055549624,0.9991302115095665,5,0,0.034424117820593625,0
10,Male,Young,Single,Three-wheeler,Lag,18.940321029845496,2.9979017952254563,9.487168247549818,0.5704268592522306,8,0,0.3241755343302019,1
11,Male,Young,Two,Four-wheeler,Lag,29.820559761506573,2.0389348012142685,5.0440721792317555,1.3376660735134513,6,0,0.14132204852827138,0
12,Male,Young,Single,Four-wheeler,Lag,27.05644750410109,5.249969079137172,14.80200515224217,1.159839630233254,1,0,0.635321544905861,0
13,Male,Middle,Single,Three-wheeler,Gap,23.622467311271365,5.558371173922838,11.013527768845135,0.9117257406266055,3,0,0.44692599107414394,1
14,Male,Middle,Single,Four-wheeler,Lag,24.102690622773856,3.3433182849480705,13.55027173767893,1.1076511488134124,8,0,0.4294708931443367,0
15,Male,Middle,Single,Two-wheeler,Lag,18.940360677049743,3.7775418006674224,10.66535807245387,1.9659704175872807,6,0,0.2951573678652844,0
16,Male,Young,More,Heavy,Lag,20.121890317375975,1.467890324732085,9.634253465065424,1.7145274302863625,6,0,0.04032336635071112,0
17,Male,Middle,Two,Two-wheeler,Gap,15.150097349164389,1.6548064450052478,10.96860820091025,1.1601854204034783,0,0,0.06085503601418998,0
18,Female,Middle,Single,Four-wheeler,Gap,21.37129936596819,1.8901065801504253,20.136496433055427,2.1984114372397467,4,0,0.33296286894400695,0
19,Male,Young,Two,Three-wheeler,Lag,18.16037564732241,4.3085490723194475,9.35957375972417,1.1959368335422829,8,0,0.29961831201564504,1
20,Male,Middle,Single,Three-wheeler,Lag,17.824067246158926,2.6398309696488127,13.5959059090038,1.0670458211010967,12,0,0.42610704228433016,0
21,Male,Young,More,Three-wheeler,Gap,29.110456200324556,2.4661439592454664,17.89825289403995,1.111899032356343,7,0,0.1145436952338656,0
22,Male,Young,Two,Two-wheeler,Gap,14.580587401020374,1.1759242235044072,13.205025168805342,1.770425678659734,6,1,0.3585893174539005,0
23,Male,Young,Two,Three-wheeler,Lag,25.36214330951517,1.3931162333865,6.394359988855216,0.9684044538590337,6,0,0.17444361079052426,0
24,Male,Young,More,Four-wheeler,Lag,16.784364376634404,3.2423164410579277,4.288334212581422,0.9087555688221864,8,0,0.02259349155741467,0
25,Male,Young,More,Four-wheeler,Lag,9.608491704889687,3.657752033447804,12.661698737907793,2.0580349967546967,10,0,0.06209416443855572,0
26,Female,Young,More,Two-wheeler,Lag,10.407670049400393,3.7728322346178915,15.287224502431734,1.5257445153756106,3,1,0.24412949063397618,1
27,Male,Young,Single,Four-wheeler,Gap,19.019560973223992,3.403295255951752,16.210187479878176,1.5689268779682466,9,0,0.30032215114070443,0
28,Female,Elder,Single,Four-wheeler,Gap,19.378158646932103,3.408311873989551,14.592486246672253,1.534332748035587,3,1,0.5394103876412476,1
29,Female,Young,Two,Four-wheeler,Lag,17.406517753283687,4.363325486364136,1.1265362210129517,1.4562081389823098,1,1,0.4088047714361147,0
30,Male,Young,Two,Three-wheeler,Lag,22.46450702484928,2.866573894755497,16.33057922174138,0.7015745293978434,1,0,0.46931010521050603,1
31,Male,Young,Two,Two-wheeler,Lag,19.81290361246833,2.6798116054257597,12.907017149581524,1.5538249912557398,1,0,0.19934023169691634,1
32,Male,Elder,More,Heavy,Lag,12.000719225050025,4.815014856444544,27.368534443129807,0.9442809374426792,4,0,0.17735997782821925,0
33,Male,Middle,Single,Three-wheeler,Gap,17.83363721552115,4.1309237070260165,16.113446585107987,0.7751711203073453,2,1,0.8757805195845869,0
34,Male,Elder,Single,Three-wheeler,Gap,12.954354211494366,3.4608485527823847,9.92973044580548,2.230430676494264,1,1,0.6593690267721395,0
35,Male,Young,Two,Four-wheeler,Lag,11.543565207103503,2.8171349953481224,14.2429062302677,0.5571082591312919,2,1,0.6801955353008016,0
36,Female,Young,Single,Three-wheeler,Gap,15.48264826667037,2.2438611238834385,13.11125788774766,0.5673760529707302,1,1,0.6304242498756369,0
37,Female,Middle,Two,Four-wheeler,Gap,22.966031256967714,1.559650109232024,8.370410554929395,1.0204539731243427,4,0,0.05038563048923643,0
38,Male,Young,More,Two-wheeler,Lag,22.89251768194816,4.804641039240002,11.665003321497181,1.706208322033085,10,0,0.06464436881326056,1
39,Male,Middle,Two,Four-wheeler,Lag,26.10269563926167,3.817512012365773,5.983474088818764,2.1795227109534476,7,0,0.23857229999550356,0
40,Male,Elder,Two,Heavy,Lag,23.911411625446217,1.641993904953439,3.49729292449273,0.7515364351434315,1,0,0.04749963983496587,0
41,Male,Young,Two,Heavy,Lag,20.517709402009118,2.3506404338346325,15.408016042473129,1.1204957817219152,5,0,0.27200106583320516,0
42,Male,Elder,Two,Heavy,Gap,17.28668352715064,2.8317613962357253,9.160132688857889,1.5257911838604106,5,0,0.04911003929794606,0
43,Male,Middle,Single,Four-wheeler,Lag,6.847402720591347,2.773190742340118,15.909893264919631,1.4088643304375035,2,0,0.3798184683675648,0
44,Male,Young,More,Three-wheeler,Lag,22.134232416315324,3.6782902160597915,10.900560960818982,0.923872779879237,5,0,0.10837618812504275,1
45,Male,Young,Two,Heavy,Gap,16.919686744175067,3.223887109986167,17.230183377551352,1.0435523745903286,4,0,0.1930835494797892,0
46,Male,Child,Single,Heavy,Lag,16.251065549887517,4.9741316590301565,15.551101154355722,1.3471293355637801,6,0,0.319973579043016,0
47,Male,Middle,Two,Three-wheeler,Lag,30.907140200886065,4.2373588948041965,16.102870934597146,0.5773574341737162,8,0,0.5661894671849357,1
48,Male,Young,More,Three-wheeler,Lag,14.787902510165171,5.16678811639951,9.91513737017073,1.5605829799179323,6,0,0.11776629816127264,0
49,Male,Young,Single,Two-wheeler,Lag,9.886892284004228,4.861107349462503,23.69178970907302,0.9780357390252888,1,0,0.5781691267709409,1
50,Female,Middle,Two,Four-wheeler,Lag,29.17141031786361,5.250074888970739,9.513580285379348,1.6760735451738478,1,0,0.31795199649169703,0
51,Male,Young,More,Four-wheeler,Lag,17.182066199878502,6.000390867153936,16.8015386674619,1.4571973764189576,12,0,0.15476223381238619,0
52,Female,Young,More,Three-wheeler,Gap,18.505154139057474,2.94186408496148,10.921574541283062,1.408723567826548,8,0,0.02781178026289034,0
53,Male,Middle,Single,Three-wheeler,Lag,12.255227054627792,2.570791751821078,6.5621177021485035,1.574367324006638,8,0,0.2613482190736608,0
54,Male,Young,Two,Three-wheeler,Lag,18.659408486611763,2.3808795884248566,13.348432567886732,0.6693463886467066,12,0,0.25320894360901713,0
55,Male,Young,More,Two-wheeler,Lag,30.6776060627921,3.9276020202996693,10.578572797863327,0.9585079706713887,6,0,0.05804605187057437,0
56,Male,Young,Two,Heavy,Lag,22.860815988540843,4.102459912074463,7.090194052013722,1.263250967809847,1,0,0.2155529046455479,0
57,Male,Young,Single,Three-wheeler,Lag,19.6510268421663,1.9657362938286524,9.133348004923366,1.5895043768004216,9,1,0.8039173682002567,1
58,Male,Young,Single,Two-wheeler,Gap,17.20535084460253,4.6498262579203615,5.100249661922121,1.7158406762024299,2,0,0.10768718555316173,0
59,Female,Middle,More,Two-wheeler,Lag,18.102934922422314,4.483029692936898,27.10670306521996,1.1052291932199698,8,0,0.15763049450108846,0
60,Female,Elder,Single,Four-wheeler,Lag,21.60144327518883,3.9288423447970464,13.613124190573409,1.615907299451016,5,1,0.7149612267211063,1
61,Male,Young,Single,Four-wheeler,Lag,16.32694686866312,3.335313018837924,5.377340309273249,0.9062764667151888,0,0,0.20204373704269582,0
62,Male,Elder,Single,Two-wheeler,Lag,14.286828377626678,2.3274745900543805,16.113471069750958,0.6842365782976526,1,0,0.15797967368905655,0
63,Male,Middle,More,Two-wheeler,Lag,22.896154927391468,3.5479477674489273,12.857801885300445,0.9412412035726017,5,0,0.057525532394904884,0
64,Male,Middle,Two,Three-wheeler,Lag,26.31098529545451,2.3533482485202195,15.184361246665695,1.8416774666497724,7,0,0.4971743187900967,0
65,Male,Middle,More,Two-wheeler,Gap,27.23916139908456,3.8539697625159595,12.548615466643682,1.288678803354351,2,0,0.042171056499541164,0
66,Male,Middle,Two,Four-wheeler,Lag,25.620670593777675,2.9360487062346725,2.8069972469360795,1.217595222260784,2,0,0.13581159078732033,0
67,Male,Middle,More,Two-wheeler,Lag,20.448725604461078,2.7156463622630307,5.961523422092058,1.5387156123083163,5,0,0.02466573963106122,0
68,Male,Young,More,Three-wheeler,Lag,24.513500189282695,3.351932504241794,16.210355781686147,0.5042306684192075,10,0,0.14508274655683012,0
69,Female,Middle,Single,Three-wheeler,Gap,28.121817456863063,3.777970265399388,15.879012365370398,0.7511449898671323,10,1,0.8146215244770393,0
70,Male,Young,Two,Three-wheeler,Lag,9.169914571547242,3.123501943691019,15.868273681156044,0.7174314292031279,8,0,0.3019381163731948,0
71,Male,Young,Single,Three-wheeler,Lag,18.775142266734296,5.702043214646295,1.5081937922361917,0.7569769563250284,5,1,0.7696734111184435,0
72,Male,Middle,More,Two-wheeler,Lag,15.401190763775082,1.1316688533427963,17.108415296852836,1.1861755077204144,5,0,0.04560324529195975,0
73,Male,Child,Single,Three-wheeler,Lag,34.6950961816206,5.182851950708137,10.078393864875025,0.9846285955157821,3,0,0.4765177531512809,1
74,Male,Young,Two,Two-wheeler,Gap,28.251530177686377,1.0253793143732235,14.589660356778616,1.6030708044246738,2,0,0.12090829981447011,0
75,Female,Young,More,Two-wheeler,Lag,24.777003824993315,2.598780530680436,7.233525148168374,1.6961810988790385,0,0,0.02324562892146493,0
76,Male,Young,Single,Heavy,Lag,17.01974700907074,6.619410676894646,16.228755230687135,1.9075009497257673,11,0,0.6177799241824465,0
77,Male,Middle,More,Three-wheeler,Lag,29.317980355666997,4.26902005497972,26.188632769678314,0.872664359090525,6,0,0.5135678785333978,1
78,Male,Middle,Single,Three-wheeler,Lag,9.654012367685597,3.98080297001993,6.9001140390881055,1.2418560702642765,0,0,0.3486894961644646,0
79,Male,Young,Single,Two-wheeler,Gap,15.078342600327078,4.261675845528393,16.58006640201407,0.610562881489022,6,0,0.19358653840172846,0
80,Male,Young,Two,Four-wheeler,Lag,21.68414326073172,3.2513313040646095,12.912903663722261,0.9325061686087787,3,0,0.27572136297525535,0
81,Male,Young,Single,Heavy,Lag,24.59480653329427,4.4877820033613505,7.25163566795862,1.3717651841783567,5,0,0.3350161146128985,0
82,Male,Young,Two,Four-wheeler,Lag,26.698452207062537,2.333201406618968,7.627116141041654,1.1511218522340336,8,0,0.15675436355723768,0
83,Male,Middle,More,Four-wheeler,Lag,17.094239131576597,4.528633075260231,15.378129826406498,1.4663831070488091,10,0,0.11497431986097473,0
84,Female,Middle,Single,Four-wheeler,Lag,18.467086958517605,5.413870366684753,7.451111083362962,1.6965429290453666,8,0,0.26041764140940704,0
85,Female,Young,Two,Three-wheeler,Lag,19.383334702930284,4.833041159153534,2.465889630730519,0.6356862901977322,12,0,0.09515937404729781,0
86,Female,Young,More,Four-wheeler,Lag,9.475970267937,4.311981628172204,19.1665515092239,1.9567433776721113,3,0,0.10771845182487813,0
87,Male,Elder,More,Four-wheeler,Gap,26.16828512761244,4.003364758623016,12.627523051097237,0.5951979792476645,8,1,0.16087659895589246,0
88,Male,Middle,Single,Two-wheeler,Gap,17.679790151056558,3.5950158065093967,15.972740385394715,2.215864755496857,12,0,0.2321956285075251,0
89,Female,Young,More,Three-wheeler,Lag,15.305538399647773,3.2107565165295298,12.8819124684534,1.399132371822656,4,0,0.07300117576325556,0
90,Male,Young,Single,Three-wheeler,Gap,18.73340674226967,4.876915437328613,11.374631676127377,0.597424651426679,10,1,0.7718130444398538,1
91,Female,Child,Two,Two-wheeler,Lag,23.128361780484266,3.9904920056166593,16.23941691506873,1.118427676987963,13,0,0.08487492391339424,0
92,Male,Elder,Two,Four-wheeler,Gap,26.349172690482927,3.3331347479267985,2.022361779653046,0.9562532703008557,8,0,0.02803286777771868,0
93,Male,Young,More,Two-wheeler,Gap,15.618276486215063,4.490206917193852,7.932261612314782,1.6240383981861615,2,0,0.019547292540514898,0
94,Male,Young,Single,Four-wheeler,Lag,14.752737125896028,1.7157304976421532,13.32186051344143,0.9132803896274313,3,0,0.27397983110885354,1
95,Male,Elder,Single,Heavy,Lag,28.886643788901516,4.613269143135075,22.403362787485605,1.6721604431268753,8,0,0.6379223802684006,1
96,Male,Middle,More,Three-wheeler,Lag,20.735211571397,4.602348266853282,9.319624344089146,1.023383718839757,11,1,0.4703971292369843,0
97,Male,Young,Single,Three-wheeler,Lag,18.09889396946867,2.6448172843636932,25.167567777889364,2.313774256729635,0,0,0.8485730256564817,1
98,Female,Young,Two,Four-wheeler,Lag,15.306353199212607,1.562228040351428,15.900107025956554,0.9717565685754308,4,0,0.15082065845210813,1
99,Female,Child,Two,Four-wheeler,Lag,34.13076413432042,4.21682848475658,10.84284037055962,1.4588782690435032,3,0,0.16431657508410638,0
100,Male,Middle,Two,Three-wheeler,Lag,23.270592220366808,2.5309347145755403,9.9122529244685,1.6267422170262498,5,0,0.3354388166266818,0
101,Male,Young,Single,Three-wheeler,Lag,15.665797408669214,6.596319252147168,4.453350954644026,0.9010794526542987,9,1,0.8222605093196662,1
102,Male,Elder,Single,Four-wheeler,Lag,12.612732884150194,1.1906326445309117,13.097800602558632,0.6706332656837659,6,1,0.525285056942582,1
103,Male,Elder,More,Heavy,Lag,15.305615712225396,2.6496657343747216,2.590379076727478,1.2969517491698013,6,1,0.07225142732162573,0
104,Male,Middle,Single,Three-wheeler,Lag,16.20965557520591,1.606132561508291,9.910851702098833,1.4486721153484845,7,0,0.3264436056676326,0
105,Male,Middle,Single,Three-wheeler,Lag,13.226307102144474,4.481325527676845,6.610573243642174,1.6561012519720237,6,1,0.8352329920790952,1
106,Male,Young,Single,Heavy,Lag,15.884685425886572,3.771702829892948,23.284552272793665,0.9747211360116942,8,0,0.6102532018444596,1
107,Male,Young,Single,Two-wheeler,Lag,13.388330092247394,4.784094476796646,8.80922582100554,1.765142744562472,2,0,0.25553388052321135,0
108,Male,Middle,More,Two-wheeler,Lag,18.275721148380978,5.687667545589421,10.915948945035199,1.8782317336660155,0,0,0.09255114256660783,0
109,Female,Young,Single,Four-wheeler,Lag,19.8248768663698,3.8702177750679905,9.015163124036874,1.592690994662033,10,0,0.21084029477680127,0
110,Male,Young,Single,Two-wheeler,Lag,19.3897962864982,2.657172607453897,4.621862175056526,0.49609506758110633,6,0,0.09174362777774521,0
111,Male,Young,Two,Two-wheeler,Lag,25.34529799890211,1.9966210992426983,8.628615439767525,0.6937248749421159,4,0,0.10206900638697013,0
112,Male,Child,Single,Four-wheeler,Lag,16.31904682315605,4.880331890836689,16.45394996342352,2.572797550311666,6,1,0.8656188384546195,1
113,Male,Young,Single,Four-wheeler,Lag,26.79816007695724,2.7075091245091167,13.206996578549147,1.5252907375002716,8,0,0.422827197893385,1
114,Male,Middle,More,Three-wheeler,Lag,27.45573479825219,5.046044306067566,10.049844014572532,1.3859038186065327,2,0,0.19743233364576077,1
115,Female,Middle,Two,Three-wheeler,Lag,29.7725650704944,4.950260649440601,17.520810291394817,1.8367957410937823,6,0,0.6222761705361819,1
116,Male,Middle,Single,Three-wheeler,Gap,14.93150936969472,3.926703733436152,1.1497115641231161,0.5882565336703228,2,0,0.11148766700432965,1
117,Male,Middle,Single,Four-wheeler,Gap,16.17451478413937,3.8508671491350013,17.688369479513153,1.5593134727800888,11,0,0.3359865909594687,0
118,Male,Young,Single,Four-wheeler,Lag,21.786580112633178,5.535531197500447,2.782428630314861,1.4202489984665845,7,0,0.2555335921840309,1
119,Male,Middle,Single,Four-wheeler,Lag,14.020731305825176,4.374458030111816,19.038678099723246,1.7141689855284183,10,0,0.5757414665767266,0
120,Male,Young,Two,Four-wheeler,Lag,12.421294730479069,4.110369408797718,22.643219943309624,1.590676026181866,9,0,0.49582926228393404,0
121,Male,Young,Two,Heavy,Lag,11.984668579491954,3.33570530650158,17.482407815702096,1.2216316321241714,10,1,0.755997335355973,1
122,Male,Elder,More,Four-wheeler,Lag,21.527344926449572,3.4824747329402332,1.6448469947801936,0.6606158334687544,4,1,0.08970886378287939,0
123,Female,Young,More,Two-wheeler,Lag,24.827338637512014,3.191087748379498,11.540198970003592,1.8593149514874125,2,0,0.04170079966861984,0
124,Male,Child,Single,Heavy,Lag,16.403641140930503,5.484718587491717,17.75033133265012,1.5685055688308909,12,0,0.3729849822374353,0
125,Female,Young,More,Heavy,Gap,28.41816313665447,3.9600218549779465,11.861768658477391,1.0755131521664523,12,0,0.025246843693111115,0
126,Male,Young,Two,Three-wheeler,Lag,24.573858123447835,4.471850461167659,8.753046977768953,2.2411183844216724,11,0,0.392647680829212,0
127,Male,Young,Single,Two-wheeler,Lag,12.127611680308076,1.5573630336357274,10.605084148947576,1.0218970630559796,17,0,0.08901761669656147,0
128,Female,Young,More,Four-wheeler,Lag,18.706123460631876,4.804962418670181,3.3227051213466527,1.0919380021145626,7,0,0.020651807426861905,0
129,Female,Elder,Single,Three-wheeler,Lag,11.758498469860568,3.2801619161577653,11.034590854965781,2.151696191650433,6,0,0.20420055245067964,0
130,Male,Young,Two,Four-wheeler,Lag,27.701343507061146,4.302611813326198,1.8951576484745392,1.4371942490303256,10,0,0.13550216799425252,0
131,Female,Young,Two,Three-wheeler,Lag,23.671589297314377,1.586061509383026,13.630559964406475,1.7810088192904212,2,1,0.778769106813891,0
132,Male,Young,Single,Two-wheeler,Gap,22.742058473008825,5.048388007712978,9.266088441822946,1.8015903977157013,10,0,0.16980099619443131,1
133,Male,Middle,More,Three-wheeler,Gap,22.681470701092458,4.03137094608907,5.730593509165998,1.2800016216067958,10,0,0.035335649710797855,0
134,Male,Young,Single,Heavy,Lag,16.84554804235917,3.402047341848806,1.5762020513348531,0.9674072266231842,7,1,0.5189418831803074,1
135,Male,Young,More,Two-wheeler,Gap,28.418389313843882,2.914424616038322,21.162430837269568,1.7126228898104374,5,0,0.08721321196186888,0
136,Female,Young,Single,Four-wheeler,Lag,27.982108740721234,2.9396078628194493,12.056624392861618,1.240766450156183,8,0,0.28677813142141956,0
137,Male,Middle,Single,Three-wheeler,Lag,23.614245764134875,2.9138824013826827,13.683788383684663,1.3120607674577802,12,0,0.5145587511373445,0
138,Male,Middle,Single,Three-wheeler,Lag,19.582156350808226,2.215395297493202,16.46259734190789,1.2856241908405481,2,0,0.5978411424527138,0
139,Male,Middle,More,Three-wheeler,Gap,10.784371001106992,3.4212207782893644,13.305732043809202,0.5026012389138383,4,0,0.04533632788821741,1
140,Female,Middle,Single,Three-wheeler,Gap,9.58183060615475,3.38983482004591,9.644591028517663,0.6037335197431148,8,0,0.10967244810545052,0
141,Male,Young,More,Four-wheeler,Lag,13.952257456994197,3.2625812676132466,13.324055683245886,1.3733350356553946,10,0,0.05916107948006234,0
142,Male,Child,Single,Four-wheeler,Lag,21.37662795134041,4.179129479989,6.881560566019626,1.6172031066259165,8,0,0.16010880296189578,0
143,Male,Young,Single,Two-wheeler,Gap,24.695283054819257,3.286861391352737,12.143824004794464,1.1902170606954208,7,0,0.16106657806228739,1
144,Male,Child,Single,Three-wheeler,Lag,29.122828807564993,1.9733086388737626,6.006639246471357,0.8645846380868574,1,0,0.19306192736446884,0
145,Male,Young,Single,Four-wheeler,Gap,14.812029238245866,4.803030110866544,20.932211252601952,1.1332494606129695,5,0,0.4611001166557929,0
146,Male,Young,More,Four-wheeler,Gap,16.68569724338351,3.3031062547351246,11.258046466363302,1.5758379931849704,12,0,0.026125679399031446,0
147,Male,Young,Single,Three-wheeler,Lag,11.139932628300187,4.016257617696397,6.539062261897421,0.7339775383418667,5,0,0.2706916984091494,1
148,Male,Middle,Two,Four-wheeler,Lag,32.670751584785066,5.323045997387277,13.546846018393566,1.3072618273793555,5,1,0.8998990640391186,1
149,Male,Young,Two,Two-wheeler,Lag,24.361892848047663,4.419350390993049,3.5573765213994175,1.481641974156608,4,0,0.11600854647070617,0
150,Female,Middle,Two,Two-wheeler,Lag,19.74787717751844,3.648957301959026,9.99325263650327,1.143691484846356,5,0,0.10213878999993761,1
151,Male,Middle,Two,Four-wheeler,Lag,21.086176209018724,3.6679780299986002,18.892580559078446,1.3552791667549378,5,0,0.4789882279894247,1
152,Male,Young,More,Four-wheeler,Gap,20.89525317636074,4.789790330405275,16.189619241285506,1.791169564132284,9,0,0.08201511079389333,0
153,Female,Young,Two,Four-wheeler,Lag,16.325395679013223,4.6618122182481,14.787564733817863,0.8960790518334194,6,0,0.225653412030074,0
154,Male,Middle,Two,Two-wheeler,Gap,15.023618202150109,2.4410655326169532,10.603544687923879,0.7796138942600226,7,0,0.04948084832830023,0
155,Female,Middle,Two,Three-wheeler,Lag,17.037430402553305,3.9224987722076055,10.207580938816347,0.6386268860312134,5,0,0.206005839870656,0
156,Male,Young,Two,Four-wheeler,Lag,16.199276697812845,4.8772640393326485,1.3839210835926377,1.5144150132458576,11,1,0.4733904299125861,0
157,Male,Young,Single,Three-wheeler,Lag,20.829258642704488,4.569455092723551,12.824861406044846,1.8345463546477596,3,0,0.6444386441372675,1
158,Male,Middle,Two,Three-wheeler,Gap,17.21695458572611,2.1822231259349376,12.417018715813398,1.4659817811156828,2,0,0.20323069686847267,0
159,Male,Middle,Single,Four-wheeler,Lag,23.43418992743134,3.335558728173048,1.187248577963544,2.1664227971528924,5,0,0.212742047987732,0
160,Male,Young,More,Three-wheeler,Lag,20.977313962136012,3.5863255005549286,4.618283538844772,1.489569154696373,15,0,0.04523917575807999,0
161,Female,Young,More,Three-wheeler,Lag,20.472164155542547,2.7541635747092297,1.42001151573983,0.9943129329905983,8,0,0.017854731100681486,1
162,Male,Elder,More,Three-wheeler,Lag,29.27362303649992,4.097459489026975,6.893585364129217,0.9528923702126038,7,0,0.051292637500499165,0
163,Male,Child,More,Heavy,Lag,17.44016270937463,3.458907543441999,1.1398571798832418,1.4353618044074523,5,0,0.00970315647431435,0
164,Female,Middle,Two,Three-wheeler,Lag,21.956265588818766,2.8938416425826308,9.715731727528235,1.4470415243783863,4,0,0.23595568562830327,0
165,Male,Young,More,Two-wheeler,Lag,5.074009489568173,3.0250875392138767,10.700390070030757,1.2656083996713312,14,0,0.016473093980452096,0
166,Male,Young,Single,Two-wheeler,Lag,23.57010717464927,4.827551659908931,10.044289057787614,1.2691070938757023,5,0,0.312664954017377,0
167,Male,Young,Two,Two-wheeler,Lag,20.054407318110663,4.8799869917694005,5.887206665914471,1.1446080255660032,8,0,0.11344482871832802,0
168,Male,Child,Single,Two-wheeler,Lag,15.484165303521927,4.609900262286499,11.495152016582134,1.0679572114990492,10,0,0.12303041332009935,1
169,Male,Elder,Single,Four-wheeler,Lag,5.67137038082242,5.190557532171628,17.34492224257162,1.3947482758341656,8,0,0.31608243528484276,1
170,Male,Young,More,Two-wheeler,Lag,23.069242805893744,5.5529933053061455,7.572024470360015,1.5447838130571614,3,1,0.33842645384757347,1
171,Male,Elder,More,Three-wheeler,Lag,22.370928301939742,3.5062099393042954,7.944182006824086,1.6493021866887174,4,0,0.05330004107384896,1
172,Male,Young,Two,Two-wheeler,Lag,22.412508459669585,2.0219365894081074,11.824152750788192,1.0179449024782516,0,1,0.6059864453210817,1
173,Male,Elder,Single,Three-wheeler,Lag,19.137326711774524,4.555293663387578,6.537471036337223,1.7336018141435101,15,0,0.2201944010482757,0
174,Male,Elder,Two,Two-wheeler,Lag,22.01643369666884,3.9448345417850774,8.377111915131087,1.0117653506302997,10,0,0.06545485744132809,0
175,Female,Middle,Single,Four-wheeler,Lag,21.025733750948575,3.16473721567891,10.300255161876997,1.0143599768190692,5,0,0.2288824100556815,0
176,Female,Young,More,Four-wheeler,Lag,16.052372172379716,5.904486588637876,9.196572468331873,1.636541692990687,12,0,0.04507102079350249,0
177,Male,Middle,More,Four-wheeler,Lag,20.282277534986356,3.031021414454988,17.456830244211073,2.112408988512108,2,0,0.17416632027981696,0
178,Male,Middle,Single,Three-wheeler,Lag,20.223606292803122,5.143890721813863,18.34711010308017,1.9327796981062526,1,0,0.8167438135771831,0
179,Male,Elder,Single,Four-wheeler,Gap,25.22345489166432,3.815003383419696,9.473894738251607,0.7383918151574389,2,0,0.12348601434650519,0
180,Male,Young,Single,Four-wheeler,Gap,19.080953543192173,1.5515735661906775,10.222708665661187,0.9942905240502222,11,0,0.10308504976700306,0
181,Male,Young,Single,Two-wheeler,Lag,19.117871168275254,4.847438543880209,23.33306354724489,1.5630776083105624,2,1,0.9462688913263164,1
182,Male,Young,Single,Three-wheeler,Lag,31.95956083203373,4.3987148288936515,11.148667924007121,1.6369527201950018,1,0,0.6869881854206406,1
183,Male,Middle,Single,Four-wheeler,Lag,27.01778272726492,3.97423807981708,28.81892700439698,1.2434554828060307,3,1,0.9824060005930283,1
184,Male,Elder,Single,Three-wheeler,Gap,16.113011090575156,3.8844177268801054,16.07215651500319,0.5230398465294255,5,1,0.7178505994308736,0
185,Male,Child,Single,Three-wheeler,Lag,27.529595982760963,2.6071433719047747,7.093109710383467,1.2407212548251911,6,0,0.2172396491663799,0
186,Male,Middle,Single,Four-wheeler,Lag,13.94806454114843,2.589970762732601,6.450869422989765,0.5660609070878473,3,0,0.16419936493460457,0
187,Male,Elder,Two,Two-wheeler,Lag,25.904449229962456,1.4695839003694369,5.082250736715256,0.9855155001852329,10,0,0.031209376918104704,1
188,Female,Young,Single,Heavy,Gap,14.980581899523823,2.329748800816949,17.134375830719428,1.4229828572562848,14,0,0.13425352772816124,0
189,Male,Young,More,Two-wheeler,Gap,18.9685799524917,3.0238370474830116,7.8451675494463995,0.778818950330384,4,1,0.08958708198995124,0
190,Male,Middle,Single,Two-wheeler,Gap,31.895626280119465,3.654839919810132,14.23592376541561,1.4955059213859447,13,1,0.7340970963046278,1
191,Male,Middle,Single,Two-wheeler,Lag,12.80080688179065,2.214268216893874,11.77802721219399,1.3793604202827365,10,0,0.16588653358416694,0
192,Male,Young,Single,Three-wheeler,Lag,25.583115865537938,3.706460056398688,17.6714285558796,1.1593796715897065,12,0,0.6546718677687107,1
193,Female,Middle,Two,Heavy,Gap,19.944769694405807,2.774085169890841,15.799425677741556,1.0937786216527234,1,0,0.13341845747025113,0
194,Male,Young,Single,Four-wheeler,Lag,13.223576885243329,2.7401361275173364,2.8929358115079538,1.8748864738211397,10,0,0.12509631678518357,1
195,Female,Elder,Two,Heavy,Gap,29.33953647630053,5.502638929718068,8.388048359284223,1.2991629043701889,7,0,0.06675292676570181,0
196,Female,Elder,Single,Three-wheeler,Lag,20.711692046460612,6.391776105472489,11.436379564472594,1.8044296072847141,1,0,0.4389570522907737,0
197,Male,Middle,More,Three-wheeler,Gap,26.61402672298786,4.605666500687746,17.06912765813074,1.1398453760432867,9,0,0.14773034589497835,0
198,Male,Young,Single,Three-wheeler,Gap,26.301447348009617,1.718187303172413,15.005673705087757,1.3474427313952115,3,0,0.3925382320110954,0
199,Male,Young,Single,Two-wheeler,Gap,8.259377839719003,4.2709916570012325,11.937254284434296,2.026849710913009,10,0,0.12779154327401804,0
200,Male,Young,More,Heavy,Lag,16.505571542737822,2.440074276552175,17.192863581103815,0.7611303397475353,7,1,0.3943470573684084,0
201,Male,Young,Single,Three-wheeler,Lag,17.664088907247685,3.742358040466031,10.008407927189452,0.9620921084374338,6,0,0.40628144848469794,1
202,Male,Middle,Single,Three-wheeler,Lag,20.508805539972744,5.047333828623261,2.6793744358333864,1.8810769356938497,0,0,0.4293914918593837,0
203,Male,Young,More,Three-wheeler,Gap,11.913202718197924,3.1637260286314994,19.0477377952502,1.1506827841388954,12,0,0.07225285860425132,0
204,Female,Young,Single,Four-wheeler,Lag,18.440297799480806,5.313676506541019,11.546757812064678,0.9738048588049794,2,0,0.33451458040152365,0
205,Female,Young,Single,Three-wheeler,Lag,25.032486817929744,4.19779577717254,17.193594183263873,2.547972726279807,10,0,0.661065819817444,0
206,Male,Young,Single,Four-wheeler,Lag,14.76525466247689,2.90578089377958,9.293366856645783,0.7222719221640703,8,0,0.1983856146330012,0
207,Female,Young,Single,Four-wheeler,Gap,22.97734294998046,2.0108581092856133,12.620492108740654,1.3675290142182264,1,0,0.15641831046738147,0
208,Male,Middle,More,Four-wheeler,Lag,19.460979956501255,4.6234312000834725,8.262754047342101,1.6068471920259095,6,0,0.07106240061403925,0
209,Female,Middle,Two,Two-wheeler,Lag,11.867213347691333,3.403745961149755,9.585705232528465,1.6046975139181918,14,0,0.061459823742512645,0
210,Male,Young,Two,Two-wheeler,Lag,14.85506106428689,1.8617032386760701,4.838895187624465,1.1730923871247256,13,0,0.039945472793342034,0
211,Male,Middle,Single,Three-wheeler,Lag,14.024162222606483,2.0608019552562524,15.594846202712896,0.599057825283683,2,0,0.46401846759644755,0
212,Male,Middle,Two,Four-wheeler,Lag,21.72594204863091,5.7531456924437805,7.379308016476525,1.7000162130261467,2,0,0.32744593649459974,0
213,Male,Young,Two,Heavy,Lag,12.480040110459981,2.6996426902492034,7.755928841270634,1.6310115609704863,2,0,0.1383705994516142,0
214,Male,Middle,Single,Four-wheeler,Gap,25.211030334296197,5.74732212405703,8.655833326085142,0.9291758485440639,9,1,0.7371196018080237,1
215,Male,Young,More,Three-wheeler,Gap,24.86762558995932,4.10311795627069,9.961708965748779,1.0569364833266264,2,0,0.06895277970161756,0
216,Male,Young,Two,Two-wheeler,Lag,12.223540800989653,2.9040097178663844,12.402205980310885,1.2528777679400664,1,0,0.1456783859628572,0
217,Female,Young,More,Four-wheeler,Gap,26.830380740704065,3.1748215770177604,14.373618181770306,0.7438411128414018,5,1,0.21532654927694025,0
218,Female,Young,Single,Three-wheeler,Lag,29.73235803844939,4.458205236458592,14.233912393726538,1.661950484969016,15,0,0.5336170287893068,0
219,Male,Elder,Single,Three-wheeler,Lag,10.583058264737334,3.3347089834185524,9.82096057791276,1.8981617409726694,4,1,0.7419166515884826,1
220,Male,Elder,Two,Four-wheeler,Gap,29.221464891444292,1.8765138837345448,10.792454685458125,1.0183774065471864,9,0,0.058931564132088686,0
221,Male,Middle,More,Three-wheeler,Gap,16.751152495306798,2.6497506711083396,4.688594359549919,1.9044790975011217,2,0,0.029406606307170367,0
222,Male,Middle,Single,Three-wheeler,Lag,22.402584392422145,4.8474925148089385,11.460271159905044,1.6278730936868564,7,1,0.9278214946263833,1
223,Male,Middle,Single,Two-wheeler,Lag,14.800292006201506,4.154885836466987,19.275984895440637,1.5166684284444887,7,0,0.4686169570590625,1
224,Male,Elder,More,Three-wheeler,Lag,25.091745551448124,3.534067727909324,10.433939802540396,2.1108931811492604,12,0,0.06822196808177593,0
225,Male,Young,Single,Four-wheeler,Lag,25.632115444608434,2.7089305338698253,22.03165100259922,1.0381326730848393,9,0,0.616634032094492,0
226,Male,Young,Single,Three-wheeler,Lag,31.24903613875064,3.4539454039353696,5.014340749122717,1.877853521169706,2,0,0.4734061745047764,1
227,Female,Middle,Two,Two-wheeler,Lag,33.379848135242966,4.507218856208176,15.49220099634972,0.7151880575737624,5,0,0.27237903706201266,1
228,Male,Young,Single,Two-wheeler,Lag,12.067358578319205,1.9238412122976805,14.880776601872137,1.2138380492326968,0,0,0.24170741559240957,1
229,Male,Young,Single,Two-wheeler,Lag,22.29845800112105,6.517055720016229,14.348427937057103,1.2978296455142984,3,1,0.9014132254244641,1
230,Female,Child,Single,Four-wheeler,Gap,16.644177778397683,4.844310409114202,13.985623724085606,0.7589445454360447,15,0,0.07165781198442103,0
231,Female,Middle,More,Four-wheeler,Lag,13.62842239917537,2.9628164861947583,1.7281885568209816,1.5301314769404515,6,0,0.01221002433970055,0
232,Male,Young,Single,Three-wheeler,Lag,14.212279450252458,4.90491217207191,15.606252065399868,1.2106445975896936,11,0,0.5724062164561209,1
233,Male,Young,Two,Three-wheeler,Gap,28.544931288292652,4.105012200565014,11.091323427358324,1.1885297421399768,0,0,0.3165179032550602,1
234,Male,Child,More,Two-wheeler,Lag,22.696376852593286,4.053081910654473,11.505809798541561,1.3319354570594402,11,0,0.02242431377175818,0
235,Male,Young,Two,Three-wheeler,Lag,10.959168138557843,2.2595996001525194,2.550171320856145,0.7789997502917956,12,0,0.06969064275673222,0
236,Male,Elder,Two,Two-wheeler,Gap,31.936290934967154,5.131279626980725,5.672477639684026,0.8782722378800664,8,1,0.2849752748636767,1
237,Male,Young,Two,Heavy,Lag,24.89119119934168,3.3802611935211804,20.633352026828387,0.8504616256710973,2,0,0.503945207669634,1
238,Male,Middle,Single,Two-wheeler,Gap,17.232433544432865,4.569104818595077,7.995216070238815,2.0138691603881433,11,0,0.12596062316177795,0
239,Female,Middle,Two,Three-wheeler,Gap,19.60941078116161,2.9007162193695137,9.323464308968227,1.583328924353785,12,0,0.09544980218785659,0
240,Female,Young,More,Two-wheeler,Lag,23.394223817722157,2.929448087849752,5.688639938422839,1.2717338922346457,3,0,0.016018623785995337,0
241,Male,Middle,More,Four-wheeler,Lag,22.577052246703634,5.718157203468093,13.40883739895889,1.4262430047671208,13,0,0.12839132720104107,1
242,Male,Middle,Single,Two-wheeler,Lag,19.499770094663553,3.5208588840356176,15.575026690992946,1.4143862998197534,11,0,0.3377173706380151,0
243,Male,Middle,Single,Heavy,Lag,20.19266105966815,1.7637760515958898,21.11962862564235,0.9615372924512027,3,0,0.539756178671229,0
244,Male,Child,More,Two-wheeler,Lag,10.568217837038405,4.719860093895518,12.15618346588637,0.6925281805354292,5,0,0.018066512690917143,0
245,Male,Child,Single,Four-wheeler,Lag,20.027584539254896,2.639813737960353,7.2967451162532075,1.3011976147427693,4,0,0.12398143389859764,0
246,Male,Elder,More,Four-wheeler,Lag,17.714870836579436,4.953064693736098,3.0786740367315293,0.9624253930482715,6,1,0.12426487338828052,0
247,Male,Middle,Single,Three-wheeler,Lag,16.8433913527095,5.210517279853342,7.126789460867796,1.767821762375022,12,0,0.42385968671120733,0
248,Male,Elder,Two,Two-wheeler,Lag,16.586595903603865,1.86222933577169,13.155402171043761,0.9274210999117669,11,0,0.05600472918275879,0
249,Male,Elder,More,Three-wheeler,Lag,22.161550304708634,3.7833085061434097,25.01928014048243,1.3219325750947137,2,1,0.769825375624856,1
250,Male,Child,Two,Four-wheeler,Lag,19.020702971831323,6.0364531333781155,3.2856457261634544,1.1485185328817795,7,0,0.0834212445941446,0
251,Male,Middle,Single,Four-wheeler,Lag,18.97142149250244,5.332237023841747,9.231156249893601,1.5380921463277657,6,0,0.4154036573327742,0
252,Male,Young,More,Two-wheeler,Gap,14.454365321103555,3.607641842729039,14.069841321315923,2.0083002020110667,5,0,0.031197656275030627,0
253,Male,Middle,Single,Three-wheeler,Lag,29.905975606473184,4.10084520475051,12.374287570864576,1.138856565109187,9,0,0.6099823602372211,1
254,Male,Child,Single,Three-wheeler,Lag,15.778975375031415,3.851707206882574,13.77309212891431,0.6000267374534687,8,1,0.7642251349956022,0
255,Male,Young,Two,Two-wheeler,Lag,18.688908700253076,2.5447870016228804,10.479994244964628,1.4287327510222378,4,0,0.13309179700691826,0
256,Male,Middle,Single,Four-wheeler,Lag,15.122726249080644,4.008703004831967,7.143404577457433,0.7697796205750678,4,0,0.23686666616941968,0
257,Male,Middle,Two,Three-wheeler,Lag,23.00751804951645,3.012918460527267,10.806893826962437,0.7264887954075223,12,0,0.27221443310558435,0
258,Female,Middle,Single,Three-wheeler,Lag,19.11848666422534,3.0286980298783432,9.116645377831185,1.4288926375669637,4,0,0.3133797788812074,0
259,Female,Young,Single,Four-wheeler,Lag,18.797437325763443,3.287394534110912,14.907727632522256,0.7233848561960474,5,1,0.7706440396792996,0
260,Male,Young,More,Four-wheeler,Lag,26.46123713825208,4.803647701815452,5.338629523234166,0.7690931163642547,15,0,0.03831467369819437,0
261,Female,Elder,Single,Four-wheeler,Gap,23.966288622976,2.682179399548178,11.031803229109942,1.1699777106668954,11,1,0.35268829364189824,0
262,Male,Young,Single,Two-wheeler,Gap,20.297838318974584,2.728510125790635,23.51074917465158,1.1849090003996594,8,0,0.3378438428597505,1
263,Male,Young,Two,Heavy,Lag,19.57737291507317,1.1582120292980398,11.635383337616592,1.8720178998867725,4,1,0.6598387873167967,1
264,Female,Middle,More,Three-wheeler,Lag,29.779010638039814,2.333856510306413,6.601360980691617,0.9789491842587044,7,1,0.27965320207933353,0
265,Male,Young,Two,Three-wheeler,Gap,29.567773877931895,5.970294752041248,21.903753671700407,1.1267622964518476,8,0,0.6509429174678532,0
266,Female,Middle,More,Two-wheeler,Gap,23.033910075283462,3.329982289800938,6.729105544144735,1.4887730226882316,5,1,0.07880966733040967,0
267,Male,Young,Single,Heavy,Lag,23.978317591024076,2.511450083149813,15.807566423435047,1.6736375352684212,1,0,0.5147882252230368,0
268,Female,Middle,Single,Three-wheeler,Lag,27.161371032324517,5.7332238496637,4.0079839133934385,1.0670206531571664,5,0,0.34931845869265743,0
269,Female,Elder,More,Four-wheeler,Lag,30.071598355769815,1.4454001326439267,18.44332069603246,1.3911164942183556,6,0,0.04863385929889488,0
270,Female,Elder,More,Four-wheeler,Lag,12.303391670823162,3.4829838860302944,5.518042571039746,1.3827452430974632,14,0,0.007183221241140713,0
271,Female,Middle,Two,Four-wheeler,Lag,34.951111882751206,4.575159469899628,9.328471070305936,1.0123311565980357,9,1,0.7189554570674135,1
272,Female,Young,Two,Four-wheeler,Lag,23.005565011291665,4.441080381765023,24.099727098007563,0.7516992524278024,2,0,0.5292771239220833,0
273,Female,Middle,Single,Heavy,Lag,21.332990203359035,2.486475436740289,12.458931654486165,1.4557015492349894,4,0,0.26989370577887445,0
274,Male,Middle,Single,Three-wheeler,Gap,18.79050231845928,4.19572782780328,7.088866326548551,0.9688007190287048,6,1,0.7107132416566799,0
275,Male,Middle,More,Two-wheeler,Lag,17.655951813556673,3.9089905374509155,1.031319202449362,1.0305224288375086,5,0,0.014291408158547538,0
276,Male,Middle,More,Four-wheeler,Gap,24.817858430972223,4.083121148571905,1.2370631824952625,1.3213438796433585,0,0,0.01990500667127204,0
277,Male,Middle,Single,Three-wheeler,Gap,22.244723831163146,2.7840811549261764,7.278196149869965,0.8206022849568038,13,1,0.6147195227229567,1
278,Male,Middle,Single,Four-wheeler,Gap,15.333833292438705,4.602493259749828,11.551207903229674,0.9345949503639575,12,0,0.18752669871282976,0
279,Male,Middle,Single,Four-wheeler,Gap,21.582199729606153,3.7115806483337472,10.84275349663204,1.177869250374015,13,1,0.6560412232999404,1
280,Male,Young,Single,Three-wheeler,Lag,14.027499044081729,4.257964106744585,21.150541124689088,1.7793452812377073,5,0,0.7580954943481563,1
281,Female,Young,Two,Four-wheeler,Lag,19.974823962611183,5.414337662906812,16.102017296923613,1.581884354104498,10,0,0.3285981443303243,0
282,Female,Middle,Two,Three-wheeler,Lag,21.199275095759585,4.821271731243713,21.295378531298947,1.029700655676957,8,0,0.5696016506709972,0
283,Male,Child,Single,Four-wheeler,Lag,21.962443210515087,4.480006495887498,11.295417386469122,1.010946319087742,6,0,0.23503073724648246,0
284,Male,Middle,Two,Two-wheeler,Lag,14.127491795913894,2.866845409490213,10.204035061803411,2.2858332331981264,1,0,0.1708812591050769,1
285,Male,Middle,More,Four-wheeler,Gap,12.754446694892142,1.7155542843550193,12.226159791694068,1.4186323361900395,2,0,0.025547673451357965,0
286,Male,Young,Single,Heavy,Lag,16.400584992061507,3.759137731007787,8.958879702003713,1.459625079534638,3,0,0.297267961977254,1
287,Female,Middle,Two,Three-wheeler,Lag,21.540168197267363,1.5290751461083936,6.1065277222939995,0.6256507000182417,12,0,0.08284605132191818,1
288,Male,Middle,Two,Three-wheeler,Lag,28.339516868280604,4.218555418790901,17.976732688192698,0.7273508132734461,8,0,0.6047046047176899,1
289,Male,Middle,Single,Three-wheeler,Lag,24.328019016285076,4.301346199853971,14.32879801566077,1.0016440278703953,16,0,0.5586534364637471,1
290,Female,Young,Two,Three-wheeler,Gap,23.72223997200807,3.7228896850545405,8.169601307560592,1.7019264267759977,7,0,0.1275490853871481,0
291,Male,Middle,Two,Three-wheeler,Lag,17.56135179822172,2.3944764340280402,10.19761420807788,1.8630010646985227,1,0,0.33396341080218717,1
292,Female,Young,Single,Two-wheeler,Lag,13.24427113524418,4.934955455413762,6.382830023363242,0.8654767358201949,6,0,0.10020793863878347,0
293,Male,Middle,Single,Heavy,Lag,26.941363835371625,3.82546169328192,12.169651228628414,1.4978328201859026,2,0,0.5068392397988852,1
294,Female,Child,More,Two-wheeler,Gap,20.030676581048354,3.576175177734144,8.72636961347536,1.7693342259117735,12,0,0.004510290932884181,0
295,Male,Middle,Single,Three-wheeler,Lag,12.909533316278086,3.7373248580888587,19.223385916341,1.780320699856722,4,1,0.9521437785518194,1
296,Male,Middle,Two,Four-wheeler,Lag,20.510281125012437,1.932936837071652,11.576889327827358,1.1922089226262145,3,0,0.21450126777554918,1
297,Male,Middle,Two,Two-wheeler,Lag,22.567362554312332,4.3148991538091535,9.621677367463226,0.956983169778131,6,0,0.1713213914016206,0
298,Male,Young,More,Two-wheeler,Lag,17.401036134582238,1.7708964323886875,15.772592606514046,2.0352938715733466,10,0,0.04888391136554147,0
299,Male,Middle,More,Heavy,Gap,7.4933101866664575,3.77074860908603,20.372373391889617,0.9795110683747328,6,0,0.058586032609404357,0
300,Male,Middle,More,Four-wheeler,Lag,21.753758362305824,2.399452740128578,17.43470623554498,0.9491641195978127,1,0,0.12437162896140869,1
301,Male,Young,Two,Two-wheeler,Gap,10.385567554464604,2.562830033458396,11.011102332988237,0.8862035614162982,9,0,0.04063265209445895,0
302,Female,Elder,Single,Four-wheeler,Gap,19.07105448875176,2.6628952636194825,8.693988251425713,1.2755375163010503,1,0,0.05657645656521753,0
303,Male,Middle,Single,Three-wheeler,Lag,25.248383355852805,1.273322401773341,13.97167252656625,0.7313783827284432,7,1,0.8704823739535541,1
304,Male,Elder,Single,Two-wheeler,Lag,35.83477968525274,5.035029829726874,17.419750815642658,1.319406295884303,7,0,0.4625121982470214,1
305,Male,Elder,Single,Four-wheeler,Lag,18.166095880301548,4.573540791101241,25.62091582426112,1.9772297707307724,3,1,0.9503991073939243,1
306,Male,Elder,Single,Three-wheeler,Gap,8.86555520008578,1.4936867519009507,10.380558934369926,1.2442500154433647,5,0,0.08277665961302626,0
307,Male,Middle,Single,Two-wheeler,Gap,19.919066495270066,1.739991019168129,14.089232723390843,2.0861854655250167,0,0,0.2021973353049617,0
308,Male,Middle,Single,Four-wheeler,Lag,16.698168021554988,4.482242568578943,7.605146225942212,1.8487788832589678,4,0,0.34571176287476446,1
309,Male,Young,Single,Three-wheeler,Lag,26.96651674334344,1.1484617007987756,3.488403102843127,1.6137056712461892,7,1,0.7178659479048982,0
310,Female,Middle,Single,Three-wheeler,Gap,23.143768260029653,3.4369779301275445,6.891385327727418,1.3633638361252656,4,0,0.17655795222992524,0
311,Male,Middle,More,Three-wheeler,Lag,18.66313490750404,2.085340270163474,1.4853107362512112,1.7844980815709635,1,0,0.039316878259795816,0
312,Male,Young,Two,Four-wheeler,Gap,24.01227116220806,3.812023023577837,11.255679327846668,1.3012494587955736,8,0,0.15146987302150275,0
313,Male,Elder,More,Four-wheeler,Lag,17.729481037488284,6.788510869116534,8.975870293050995,0.8883175984969658,9,1,0.26847033613086735,0
314,Male,Young,Two,Heavy,Lag,20.324389922535364,2.411823327170813,14.284489283340452,1.908303143002604,11,0,0.2550136902248914,1
315,Male,Young,More,Three-wheeler,Lag,27.982439411821165,5.607173583489846,13.099975571301512,1.2411080934253949,11,0,0.20979411551684884,0
316,Male,Young,More,Four-wheeler,Lag,15.322981155200239,4.8759328735293375,5.262493991285286,1.8545651392473335,6,1,0.29013074511384457,0
317,Male,Young,Single,Three-wheeler,Lag,17.293711969206427,6.153593681982386,14.197488866902145,1.1178759117177246,5,1,0.94282081908137,1
318,Male,Young,More,Three-wheeler,Lag,26.75469917679761,4.414463452912537,5.653173934596861,1.0512724933915114,7,0,0.0829177315509154,0
319,Male,Young,Single,Two-wheeler,Lag,19.482819893732966,4.8293053462962305,1.2095324585743494,1.572280205672079,10,0,0.11698825582334554,0
320,Male,Middle,Two,Four-wheeler,Lag,17.36958802922349,3.821310496489983,24.568203465152145,1.3952287861805694,6,0,0.6076557591037571,1
321,Male,Young,More,Three-wheeler,Lag,10.212321032568454,4.886109471183072,1.8694409041021203,1.1707044683603218,18,1,0.17419516049123873,0
322,Male,Young,Single,Four-wheeler,Lag,18.873492067854322,2.109564749296352,8.44463879836056,1.7795921531970615,8,0,0.23111346303690006,0
323,Male,Child,Two,Three-wheeler,Lag,20.02713345168911,4.31948415856817,13.507386525194796,1.2573937631002772,4,0,0.28379939249085356,0
324,Male,Young,Single,Two-wheeler,Gap,18.69213451763401,3.9296458870011266,8.929065867699798,0.5128059345923567,10,0,0.08330513193381164,0
325,Male,Young,Single,Heavy,Gap,16.717884836614537,1.7634186313934632,9.111158673369362,1.46967909532802,2,1,0.5418153763411139,1
326,Male,Middle,Single,Four-wheeler,Gap,18.14872730972635,2.8735416726933254,15.188088605331934,0.6437454972775503,13,0,0.19133027962584667,0
327,Male,Middle,Single,Three-wheeler,Lag,22.063615732679303,2.5963899071371666,12.862736107537891,1.217317121155475,4,0,0.518599651829939,0
328,Male,Young,Single,Four-wheeler,Gap,26.92160382564559,3.2416711685113953,11.407178937776775,0.8669826353373398,8,0,0.21247385170062882,0
329,Male,Middle,Two,Three-wheeler,Lag,22.17256970584187,2.5246760141900264,19.61559381344818,0.9352312860948625,7,1,0.9026052320987538,0
330,Male,Young,Two,Four-wheeler,Lag,22.11953239481785,2.815104956655289,3.9754783883228564,2.1970652961299257,1,1,0.6205401153201136,1
331,Male,Young,Single,Two-wheeler,Gap,25.079480944771422,2.8887855320698916,10.589572930418338,0.7426646425847849,9,0,0.1093212256994117,0
332,Male,Elder,Two,Three-wheeler,Lag,14.588599071167003,3.8376822120190344,6.635603399291082,1.5598044152137596,4,0,0.14116570203565793,0
333,Male,Middle,Single,Three-wheeler,Lag,17.10368165484333,2.235180884121121,2.1571479626582954,1.3989034042670698,5,0,0.19983338014823196,1
334,Male,Elder,Single,Three-wheeler,Gap,10.965788773211857,2.692533204229912,25.67817334072128,0.8712141091614238,1,0,0.42519961259277467,0
335,Female,Young,More,Three-wheeler,Lag,17.857299843386873,2.9600924362560064,15.42967162642549,1.9442245395019095,10,0,0.09550406933898153,0
336,Male,Young,More,Two-wheeler,Gap,35.81737523461491,3.376380921898431,6.20856942149498,0.880230706854238,11,0,0.015946586410491743,0
337,Female,Young,Single,Heavy,Lag,17.54715973205022,1.566503220087146,9.466473821654448,1.2562690184557341,2,0,0.1490788103103693,0
338,Male,Young,Single,Two-wheeler,Lag,26.062030394631577,6.8872317031355,6.39360965037304,1.610807861959005,10,0,0.3254331576321738,1
339,Female,Elder,More,Two-wheeler,Gap,12.426723440767312,2.9036724986498763,14.414111548429162,1.568609755539339,12,0,0.005970337365867216,0
340,Male,Young,More,Three-wheeler,Gap,19.452277473677725,2.8588757172789885,8.592425456481974,1.0322298707529556,1,1,0.25206232108306154,0
341,Female,Middle,Single,Four-wheeler,Lag,17.88481884134515,3.6981605770538737,21.050522020302495,1.6966294310077852,19,0,0.43775124260473897,0
342,Male,Elder,Single,Two-wheeler,Lag,15.351181481096244,4.8134625683045,6.044348388062193,2.0667976956045773,0,0,0.14166592090352892,0
343,Male,Middle,Single,Three-wheeler,Gap,18.198680930778764,3.399944639579597,8.58189470576086,1.2093391285632542,11,0,0.20823989607861065,0
344,Male,Young,Two,Four-wheeler,Lag,22.19682138491234,2.7213143776777087,21.673956616305674,1.417297955037123,7,0,0.4869888521645522,1
345,Male,Young,More,Two-wheeler,Lag,19.882631992018492,3.7320281025794366,19.554171039379185,1.0849431828488558,14,0,0.0807606504612356,0
346,Male,Young,Two,Heavy,Lag,25.688444341161844,3.4792734609205134,7.606318888920365,1.072817397899156,4,1,0.6675840739187555,1
347,Male,Middle,Single,Three-wheeler,Gap,27.34989725126281,3.296884009896041,10.812197213592324,1.2044923665751381,5,0,0.3615802100256844,0
348,Male,Young,Two,Four-wheeler,Gap,19.764439237887316,6.097370489122985,19.517837224721866,0.8741839277082373,11,1,0.8097726270390548,0
349,Male,Elder,More,Two-wheeler,Lag,31.62274904240322,6.591444725683399,14.135569054116635,1.464680277794324,8,0,0.08819489929491708,0
350,Female,Middle,Two,Four-wheeler,Lag,11.91929274998269,3.719909843246752,13.503084983976706,0.8278930054544933,7,0,0.15097382826992992,0
351,Male,Young,More,Four-wheeler,Gap,16.6992320410377,1.8270388778850661,13.94161114406785,0.48802360944730994,8,1,0.1537940697029216,1
352,Female,Middle,Single,Two-wheeler,Gap,18.841367496441865,3.7352436778369684,21.10568975023493,1.1704237581990713,8,0,0.23275928386718042,0
353,Male,Young,Single,Two-wheeler,Gap,21.188419288998112,5.554973098934551,11.386772847426258,0.6720056674947733,1,0,0.20931432324302165,0
354,Male,Elder,Two,Three-wheeler,Lag,20.664996219623767,5.2862988655627525,5.542008312819642,1.3098492523670389,2,0,0.19799521431676487,0
355,Male,Young,Two,Two-wheeler,Lag,20.97784169529889,2.593992703056564,10.6390002521206,1.2616970327147528,3,0,0.14471422798032024,0
356,Male,Elder,More,Heavy,Lag,27.072664436986337,2.490290359145445,15.319127869876962,0.7832062516452685,2,0,0.05539435227674231,0
357,Male,Middle,Two,Four-wheeler,Gap,16.71964760732244,2.320814428270441,10.964327994746302,0.9404771507366041,11,0,0.07711690422202608,0
358,Male,Middle,Single,Four-wheeler,Lag,25.079035633273033,4.643841389516796,7.956068590055836,0.5475621593136454,5,0,0.3385780490456868,1
359,Male,Young,Single,Heavy,Lag,20.835963986737575,3.5008356036723933,14.05237736094768,1.3466319219937493,6,0,0.42459008712135626,0
360,Male,Middle,Two,Four-wheeler,Lag,19.88519316637643,3.028941240964254,10.263443762081085,0.9996956130384946,1,0,0.22726442354334753,1
361,Male,Young,Single,Four-wheeler,Lag,17.076660509732463,2.985507207673345,23.837811421557355,1.4961800740331705,11,0,0.62099584453001,1
362,Female,Middle,Two,Three-wheeler,Lag,17.151189086735855,2.8171646900998244,8.621134283111704,1.389591977518521,0,0,0.2011471180429262,1
363,Female,Young,Single,Three-wheeler,Gap,18.43319225393829,4.976612191690271,15.077849105212128,1.0954310113557957,1,0,0.3775834403150652,1
364,Female,Young,Single,Three-wheeler,Lag,24.039140181924115,3.255609659966831,12.035060207208007,0.5397357965373523,10,0,0.3200235672157077,0
365,Male,Young,Two,Three-wheeler,Lag,19.691919373626458,2.703431361424887,3.2450068946033186,1.0327760753338513,2,0,0.15604528882004035,0
366,Male,Young,Single,Three-wheeler,Gap,14.330961811603684,4.205026456994757,10.58941205112925,1.0383872510687469,10,0,0.2376613053542799,0
367,Male,Young,Two,Two-wheeler,Lag,23.97318835966663,3.9513797621187625,1.9342741242424406,1.047701520829178,4,0,0.07872764612021334,0
368,Male,Middle,Two,Three-wheeler,Lag,22.38135229470488,4.222775515904724,16.718865618075597,2.021123647957167,9,0,0.6012884563025463,1
369,Male,Young,Single,Three-wheeler,Lag,29.163396788978627,4.653954267130432,15.440561044098434,0.8263469608345293,1,0,0.7287227856405772,0
370,Male,Middle,Two,Three-wheeler,Lag,20.43203152425187,2.049513995971913,2.5403437565472515,0.9713158092356928,4,0,0.13079692570725385,1
371,Male,Young,More,Two-wheeler,Lag,22.244527548013966,1.0536988597859596,11.091499222342545,1.6835947197151784,6,1,0.2084974351144679,0
372,Male,Middle,More,Three-wheeler,Lag,19.72842967573777,1.6849892938319548,23.7234005591931,1.9082297303166382,7,1,0.7766400000309485,0
373,Male,Middle,Single,Three-wheeler,Lag,22.65129336543972,4.1921951730853575,7.456278242766594,1.2028818489019537,10,0,0.40706115493897216,0
374,Male,Young,Single,Four-wheeler,Lag,19.118320632377078,5.365183751326569,20.338054471244796,1.2841154010279545,3,0,0.7085138436317706,1
375,Female,Middle,Two,Four-wheeler,Lag,13.94530761445571,3.0062449918298118,4.916534461474012,0.6203961235466978,8,1,0.3177861334500337,0
376,Female,Elder,Two,Two-wheeler,Lag,32.28422429867355,4.475277248963492,1.2309233566271889,1.640020129556591,2,0,0.04706508197671886,1
377,Male,Middle,Two,Two-wheeler,Lag,23.29021185817717,4.273025829202077,11.613676413037727,1.3473485264073213,10,0,0.20613427864487696,0
378,Male,Young,Two,Three-wheeler,Lag,21.563440072894263,5.956819524194797,6.638855094469903,1.2149599433463392,13,0,0.3025723997972979,0
379,Male,Young,More,Two-wheeler,Lag,19.757806233135444,3.44242329104123,19.353773387767404,1.0115627144039125,1,0,0.10764626849264375,0
380,Male,Middle,Single,Three-wheeler,Gap,23.142551836820452,2.3850669092221715,14.199444308580954,1.1752675406448736,1,0,0.3983072134993301,0
381,Male,Young,Two,Heavy,Lag,13.660204334964613,4.41065915056251,14.454463485116555,1.5272247604633387,10,1,0.7633406869075803,1
382,Male,Middle,Single,Two-wheeler,Lag,17.497686492872013,4.6393699369221695,14.186954270357013,0.6808925506449442,11,0,0.29328883456861443,0
383,Male,Young,Single,Three-wheeler,Lag,13.60497166595357,4.193991320222107,14.297880583051331,1.2463367234002596,8,1,0.8994664165988452,1
384,Male,Middle,Two,Four-wheeler,Lag,13.640321448630939,4.863119385582207,15.716707759118664,0.575344906817668,6,0,0.32620988359894953,1
385,Male,Young,Two,Three-wheeler,Lag,8.984176302491528,3.1352893432430626,14.121098261246331,1.5818794410872041,9,0,0.3058558026785386,0
386,Male,Young,Single,Two-wheeler,Lag,23.902019880632125,4.134553433277514,17.907306221214057,0.8936047683335531,4,1,0.8817201450008616,1
387,Male,Elder,More,Two-wheeler,Lag,15.84160607525757,2.775985957281217,12.087834357804038,1.8423371739589982,17,0,0.015265646359518256,0
388,Male,Elder,More,Heavy,Gap,25.407258205860618,3.3683725951110355,8.596514852552886,1.2116758539999208,11,0,0.012563139959802282,0
389,Female,Elder,Two,Two-wheeler,Lag,27.333074828509503,2.697738470238478,10.540769874325454,1.1904706212108942,12,0,0.04841919457329747,0
390,Male,Elder,More,Four-wheeler,Lag,14.664379720467682,2.331622374968947,10.096839564801739,1.080114159671661,11,0,0.016616869058609623,0
391,Male,Young,Single,Four-wheeler,Lag,23.100562544015762,1.54436534789453,8.286933377571295,1.257149136361912,13,0,0.18162442536121104,0
392,Female,Young,More,Three-wheeler,Lag,19.46064599786765,4.070110823807689,9.684025753447676,1.0539915027381805,1,0,0.0711845988077203,0
393,Male,Young,Single,Four-wheeler,Gap,27.838391829770046,4.932303771366932,9.17451937027568,1.0796176881200783,12,1,0.7074259031779182,1
394,Male,Young,Single,Two-wheeler,Lag,19.79990263874472,2.9509836777308736,4.044743229766749,0.8720252015101395,3,0,0.1120978009722414,1
395,Female,Young,Single,Three-wheeler,Lag,18.292517305886808,3.3157887423656214,17.80027178225319,1.06244444110038,5,0,0.5058006109724315,0
396,Male,Elder,Single,Three-wheeler,Lag,16.998494635487233,1.0859307330473817,15.92698314533173,1.6463604526904758,5,0,0.3269848011167824,0
397,Male,Child,Two,Heavy,Lag,27.306498782845612,3.265415346164375,8.372888497701386,0.9400782044863827,3,0,0.1095808219262824,0
398,Male,Young,Single,Three-wheeler,Lag,15.820752528481572,2.837914789794614,22.479150325743355,1.6632109404854778,5,1,0.9582603429178493,1
399,Male,Young,Two,Two-wheeler,Lag,25.312445823702074,3.757760872801821,22.76755878947925,1.7411421925230535,6,0,0.5153290315824091,1
400,Male,Young,Single,Heavy,Gap,15.203589830275284,5.150360009714252,18.589837303644217,1.4349365394417075,2,0,0.4503914440102519,0
401,Male,Young,Single,Two-wheeler,Gap,22.077915921718624,3.5496475967526147,1.9404648960553832,0.56481172680023,5,1,0.2982157023067697,0
402,Male,Middle,More,Heavy,Lag,19.33018138801736,4.0839895772402866,8.943262671607894,1.3082255820904662,4,0,0.06351264705458641,0
403,Male,Young,Two,Four-wheeler,Gap,13.034907349283678,4.187557786567024,10.381982724132941,1.6849995427654316,8,0,0.11566013836917036,0
404,Female,Middle,More,Three-wheeler,Gap,13.637874008491963,2.3216529878134002,15.103610734458709,1.086413486242713,7,0,0.032891568681758715,0
405,Male,Elder,Two,Four-wheeler,Gap,16.78503492056588,3.05659964903992,13.457321345702319,0.9872893393382336,9,0,0.06415880254746528,0
406,Male,Middle,Single,Four-wheeler,Lag,24.096387622790303,2.118810306941338,14.286524058692518,1.0342258421402772,10,0,0.3650088733824053,1
407,Male,Middle,Two,Two-wheeler,Lag,23.43410894835121,3.35100193973527,16.1745477921299,1.1518960661023572,8,0,0.2660296886551951,0
408,Male,Young,Two,Heavy,Gap,15.420657824221193,5.005760548687806,22.702743112500265,0.6589203354974953,3,0,0.36459178655489816,1
409,Female,Young,Single,Heavy,Lag,19.6844581107612,3.473184589296383,11.973528323817426,0.929577574577218,6,1,0.71594098277691,1
410,Male,Young,More,Heavy,Lag,12.79883595033117,3.3979482259567635,20.32688351867683,1.4106070567051674,6,1,0.5556454403848917,0
411,Male,Elder,Two,Four-wheeler,Lag,23.21693053215796,2.5693578669089625,17.364392949440585,1.2076097990697383,1,1,0.7431803897202379,1
412,Male,Middle,More,Three-wheeler,Gap,24.600593044628216,2.936897582608891,8.379464310500992,0.9422275354686143,12,1,0.2277511717641721,0
413,Female,Young,Two,Three-wheeler,Lag,26.98881700386595,5.385186100498597,17.333542331699284,1.9279546095916704,1,1,0.9372707379006667,1
414,Male,Young,Two,Two-wheeler,Gap,26.75909966997496,2.91251666118678,4.185190926979677,1.0029784645330393,15,0,0.0316239824151931,0
415,Female,Middle,Single,Three-wheeler,Lag,17.678932672569122,4.281149700837779,5.075957532596079,0.7700033583615793,1,0,0.24566685031919305,0
416,Male,Middle,More,Four-wheeler,Gap,16.328401606142805,1.606903598559328,28.579255679314713,0.8773176018419886,9,1,0.5142198829836311,0
417,Female,Middle,Single,Four-wheeler,Lag,27.083141902300902,2.201252171700112,9.904423471685753,1.004254692218339,4,1,0.7112185259543746,1
418,Male,Elder,Single,Three-wheeler,Lag,14.1454750361424,2.941130929617554,10.436746448692356,1.264184277510863,12,0,0.1986956690577682,0
419,Male,Middle,Single,Three-wheeler,Lag,11.38534418751585,5.099594064141252,22.886641426978784,0.6506603082300806,10,0,0.7310769918528516,1
420,Male,Middle,Two,Four-wheeler,Gap,17.312368981223702,2.608934500554973,8.785187792979189,1.727808542014921,0,0,0.11396283213380512,0
421,Male,Young,More,Three-wheeler,Lag,23.981059059840458,4.264063137766951,6.596877854288148,1.777003933453683,0,1,0.5324700437843418,0
422,Female,Young,More,Heavy,Lag,22.863692587558972,2.3916432749199505,3.251414589577376,1.0306041932760563,7,1,0.1003659386256796,0
423,Female,Elder,Two,Four-wheeler,Gap,32.3413050280613,3.8788709761827023,11.479188160883954,1.5866255972321206,2,0,0.09772405860976845,0
424,Female,Middle,More,Two-wheeler,Lag,18.005918271449293,3.797014052618945,5.893009936083086,1.353418278694166,0,1,0.1426361565226433,0
425,Male,Young,Two,Two-wheeler,Lag,16.691028330246034,3.9079001228005525,2.920421520067415,1.7086535209666351,15,0,0.057636518722647606,0
426,Male,Middle,Single,Four-wheeler,Gap,18.2827213702084,2.855171094427992,17.31744620852029,0.9799904021023299,8,0,0.28221942379453757,0
427,Male,Young,Two,Three-wheeler,Gap,24.38735503526678,2.366917595900844,8.220005809072404,1.365965479746275,0,1,0.6318579710420303,1
428,Male,Middle,Single,Four-wheeler,Lag,15.597789901576697,5.00070428506668,12.458851745253309,0.6642551510541215,6,1,0.8439263898295415,0
429,Female,Young,Single,Two-wheeler,Gap,29.085578948429173,3.743045963851805,3.895478862767315,0.5021609095171321,2,0,0.054879713078322345,0
430,Male,Middle,Single,Two-wheeler,Lag,20.19490047756636,2.5802483252241766,11.190752968970529,1.7706109697832655,10,1,0.7114431460009522,1
431,Male,Middle,Single,Three-wheeler,Lag,24.40427709048942,3.2668788989807025,13.402362762479754,1.0017594783993857,0,1,0.9277387043542811,1
432,Male,Young,More,Four-wheeler,Lag,25.30252949364056,1.8201405770177133,10.25733867895259,1.1771161924749183,5,1,0.3130178862402147,0
433,Male,Child,More,Heavy,Lag,19.721189318933437,3.456328168368073,8.371917571718942,0.921747889349734,3,1,0.1562002378153137,1
434,Male,Middle,Single,Heavy,Lag,23.64678082598382,3.2993905095674783,7.916137020255819,1.7754550239296145,16,0,0.25470000334012904,0
435,Female,Young,Two,Three-wheeler,Lag,18.08287007826956,2.2241785752967234,4.004606836289408,1.1080182544118633,1,0,0.10077033995246797,1
436,Male,Young,Single,Four-wheeler,Lag,24.955300427536155,3.3620669943097266,4.147951673804467,0.8481594056742683,9,0,0.18200683541157725,0
437,Female,Middle,Single,Two-wheeler,Lag,25.229505277197514,3.964614005149536,11.024204215477694,1.3632870439452818,6,0,0.2291607713912499,0
438,Male,Young,Single,Three-wheeler,Gap,20.95261323702386,5.310579023105779,4.656655743635331,0.8858973834785833,10,0,0.19750573524388804,0
439,Male,Young,Single,Heavy,Lag,15.670751809473405,4.179449848171781,6.345425830344927,0.9594265440839135,3,0,0.22415237127709725,0
440,Male,Young,Single,Three-wheeler,Lag,30.512813455507754,3.5383717180733942,5.200375327392626,1.4431717991956048,11,0,0.3729881764790622,0
441,Male,Middle,Single,Heavy,Lag,29.046152378889047,4.429902423154865,17.039254992652918,2.050745806215787,14,0,0.6361386467088782,1
442,Female,Young,Single,Three-wheeler,Lag,21.72745314208393,2.833061504232939,10.254895250907998,1.5554982266080444,3,0,0.35361700986085065,0
443,Male,Young,Single,Two-wheeler,Lag,31.89031569359497,4.061221257067584,11.99218227666706,0.7612267611165487,3,0,0.3756858171771469,1
444,Female,Young,More,Three-wheeler,Lag,20.057950208328208,1.1157825301368662,12.521659925179232,1.023643714649343,14,0,0.035499737179753375,0
445,Male,Young,Single,Heavy,Lag,18.242628580373097,1.8606697170677324,9.365361039688322,1.6203788807025594,5,0,0.23570147375619493,0
446,Male,Young,Single,Three-wheeler,Gap,19.46342817372947,3.915324177062888,7.698365583929194,0.9777129528339095,10,0,0.20004922723281288,0
447,Male,Young,Two,Four-wheeler,Lag,10.718971191540158,2.5005185485141967,9.1319024800034,1.534015883357581,11,1,0.5159915743441366,0
448,Male,Young,Single,Two-wheeler,Gap,20.710142307778263,4.129081138382958,11.687109866730607,1.2068307466802777,4,0,0.17319275316015492,0
449,Female,Young,Two,Four-wheeler,Lag,22.425214504595598,3.9555890046230884,8.730073599603946,1.7934154566583382,3,0,0.18430985765656063,0
450,Male,Elder,Single,Three-wheeler,Lag,13.18076079670175,1.7937725925211523,4.609073974584104,1.0787163273372222,5,1,0.4872014578241523,1
451,Female,Young,Two,Two-wheeler,Lag,16.346852888508835,3.2022561243293395,20.756128170442757,1.941366668154586,7,0,0.2548001373963557,0
452,Male,Young,Two,Four-wheeler,Lag,23.30388295747773,3.879379699616569,15.394682700743518,1.1341580659853834,6,0,0.37141332873198163,0
453,Male,Elder,Two,Four-wheeler,Lag,24.60624356764531,4.216017774591504,2.958326741125653,1.51444660301211,9,0,0.07867553407432074,0
454,Female,Elder,Two,Three-wheeler,Lag,32.16324882505692,4.626784342712075,20.398262203679778,0.8714302778620799,7,0,0.45108899564880217,0
455,Female,Middle,Single,Three-wheeler,Lag,16.305621830616964,3.0040702666107943,5.315189564680821,1.2735476645881072,10,0,0.17207694658047418,0
456,Female,Young,Single,Two-wheeler,Lag,25.621154456219628,4.724834252093791,3.733852133107944,1.0207226117793562,2,1,0.5521215036953314,1
457,Male,Young,Single,Heavy,Lag,14.741673453639399,3.0813436939416246,5.370737019908208,0.5126032473604618,5,0,0.13904765621648252,0
458,Male,Young,Two,Four-wheeler,Gap,13.767642407400999,1.151813169006667,21.742238112350055,1.1679388042682857,0,1,0.7019718614284373,1
459,Male,Young,Single,Four-wheeler,Gap,23.43856663900784,3.869872426704987,6.30493098800599,0.8383305030513376,2,0,0.15515363266116133,0
460,Male,Young,Single,Four-wheeler,Lag,19.25670180057118,2.694658146618812,16.64862253030457,2.047332587800802,4,1,0.9003704031809227,0
461,Male,Middle,Two,Four-wheeler,Lag,24.6127858034778,2.1804370558984028,13.610403229779635,1.6409642764867016,12,0,0.26399639672329145,1
462,Female,Young,Single,Two-wheeler,Gap,16.802462897279216,2.7561541684064794,11.404561187335613,1.5332353690724938,5,0,0.07917591133976845,1
463,Male,Middle,Single,Three-wheeler,Lag,15.576679904861532,4.682100096623048,8.848521552804888,1.1860422094746794,4,0,0.45516298791140736,0
464,Male,Young,Two,Four-wheeler,Lag,20.705570601334536,5.191575384172158,3.6200391374123377,0.9574007745961304,8,0,0.14209442433663821,0
465,Male,Young,Single,Two-wheeler,Lag,13.34705010675458,5.674613231817498,14.935746859775566,1.0377904311089825,8,0,0.356235106840421,1
466,Male,Middle,More,Two-wheeler,Lag,16.739323757082822,2.9119571354942773,9.338542447521068,0.884362628469332,6,1,0.18286331601473102,0
467,Male,Elder,More,Four-wheeler,Lag,14.612928061537929,3.397266026539533,11.689894477532572,1.2976887067616647,4,0,0.03310368371963774,0
468,Male,Young,More,Four-wheeler,Lag,17.403335633045835,4.566023570233564,2.5743366266790932,1.645599843418537,4,0,0.03546427419349153,0
469,Female,Middle,Single,Four-wheeler,Lag,24.075325980905063,2.9626063945340935,16.38053621503071,0.8602626058388436,3,0,0.393656809312769,0
470,Male,Young,Single,Two-wheeler,Gap,13.497931188499056,3.179260037089779,14.561787965664978,0.4858732279590763,5,0,0.12410713557162603,0
471,Male,Young,Two,Heavy,Lag,21.610811925388134,2.6781383092310094,11.592861559790663,0.7637244302666883,2,0,0.21179207123514524,0
472,Male,Middle,Two,Two-wheeler,Gap,21.21807097317067,3.752086449731276,11.034486270286832,1.1946017612988507,8,0,0.0908593120369484,0
473,Female,Young,Two,Three-wheeler,Gap,20.554866773930932,4.029447952671736,8.364222059620033,0.5305463482694288,12,1,0.41439032462404657,0
474,Female,Young,Single,Heavy,Lag,19.797520420685686,2.9643932291148665,8.455784969434498,1.1294186303046876,3,0,0.17640762669112034,0
475,Male,Young,Single,Four-wheeler,Lag,22.388732548451895,1.4100335757709148,3.014859701028233,0.738532583358509,3,1,0.5327340132955468,1
476,Male,Young,Single,Heavy,Lag,25.866135228724115,4.297935596003148,14.450953559617968,0.732432815612805,12,0,0.4307915228964652,1
477,Male,Young,Single,Four-wheeler,Gap,14.518980484388777,3.890816506029467,2.3878432226685,1.495671256027219,7,0,0.08033151166303702,0
478,Male,Young,Single,Four-wheeler,Lag,25.021887530942138,2.6077847583056086,1.058125738842504,2.7874237103360295,9,0,0.19089850829457233,0
479,Male,Elder,More,Three-wheeler,Gap,11.480580021917579,2.95174672570727,1.9879021676933384,0.8704148434950609,12,0,0.005001048068895784,0
480,Male,Middle,Single,Three-wheeler,Lag,19.767693491077384,5.612714355805899,5.965521632004663,0.9188252623892923,8,0,0.41040017761679504,0
481,Male,Young,Two,Heavy,Lag,20.17967758772965,3.934413038249027,12.29777395396236,1.0040508517038336,9,0,0.23608926401475877,0
482,Male,Child,More,Four-wheeler,Lag,15.271815416837512,3.824070412015075,14.341147132875157,1.6020853678744051,5,0,0.04660099975350647,1
483,Male,Middle,Single,Three-wheeler,Lag,12.559737101129379,3.9651291372097717,9.771907861206001,1.2452955906045848,13,1,0.8167834301042793,1
484,Male,Young,Two,Three-wheeler,Gap,12.03133520319124,5.578960978454787,9.570078447215662,1.3193939189883552,8,1,0.6584076447804607,1
485,Female,Middle,Two,Three-wheeler,Gap,10.208203137456985,3.034841550482526,12.413115732158893,1.2915102780113716,1,0,0.12581900373909197,0
486,Male,Middle,Single,Three-wheeler,Gap,21.057982185313914,2.836494541815856,12.76753403825251,1.9519369856146325,7,0,0.3719610696422577,0
487,Male,Young,Two,Four-wheeler,Lag,14.369075675518154,3.1528528391289825,18.224918060468163,0.5759088048201817,1,0,0.33371297400510264,0
488,Male,Young,More,Two-wheeler,Lag,24.909490169292276,4.559122198140813,17.48018465054035,0.8161333764316165,6,0,0.10732922536388834,0
489,Male,Young,More,Three-wheeler,Lag,27.156953943452955,2.1620151054074306,17.60246408662196,1.105239902488051,1,0,0.2139788276606839,1
490,Male,Child,More,Heavy,Lag,16.963533562727523,2.5592878259464924,18.1999662976628,1.2251264971701508,7,0,0.046460727274431075,0
491,Male,Young,More,Three-wheeler,Lag,14.57351061903939,2.643725262393996,19.375712074136104,0.7434752217099598,6,0,0.15036601051137996,0
492,Male,Elder,Single,Three-wheeler,Lag,18.73937837838563,3.9543702234791542,12.039292011383308,1.8152056092185433,7,0,0.3788628550527634,0
493,Male,Young,More,Three-wheeler,Gap,26.640104651267915,3.9712893609205224,12.737947586734382,1.4496768775860822,8,1,0.44631683203646966,0
494,Male,Middle,Two,Two-wheeler,Lag,18.59800819041352,3.1375165956905877,15.28361294864469,1.9328434836263906,3,0,0.27962755667062983,0
495,Male,Middle,Two,Three-wheeler,Lag,13.146028463866855,2.819911238425012,5.879818854657737,1.9654039024868837,4,0,0.21042249413780553,0
496,Male,Young,More,Two-wheeler,Lag,31.995129403241755,4.369167014907238,8.761904450912741,1.2528106169103645,6,0,0.05938832987278324,0
497,Male,Young,More,Two-wheeler,Lag,20.01413929633099,1.4986105088862103,20.708422451662273,1.7238407958644486,7,0,0.08621248377020692,0
498,Male,Young,More,Two-wheeler,Lag,17.747218657656546,4.3085168113425665,11.481611439124537,1.5292769692011616,13,0,0.04140122030145659,0
499,Male,Middle,Single,Three-wheeler,Lag,26.992118142141113,2.5731719640946826,2.575036706909846,1.0802956263050163,4,0,0.27658400815543294,0
500,Male,Young,Two,Two-wheeler,Lag,28.163677363668924,5.109088549635015,9.518676759080094,1.4235966753970801,7,0,0.23559573224176333,0
501,Male,Middle,Single,Heavy,Gap,19.97383624411344,3.2680025172544904,5.117788852535378,2.0177584087757285,13,0,0.11056894229208267,0
502,Male,Elder,Two,Two-wheeler,Lag,17.193352271125498,3.9736163657575325,8.691341031368514,1.5692722553914495,9,0,0.06929169044074275,1
503,Male,Middle,More,Three-wheeler,Lag,19.774849887962027,2.162071725214094,11.861074454190582,1.4913289006285988,4,0,0.105188944331905,0
504,Male,Elder,More,Heavy,Gap,15.692118347732702,2.7398555125410007,11.183223713975535,0.9084424672041533,5,0,0.01146683939289804,0
505,Male,Middle,Single,Two-wheeler,Gap,19.713078934176803,4.170391941267706,10.936355042882155,1.6812242682001926,11,1,0.6037863202851284,0
506,Male,Middle,Two,Three-wheeler,Gap,15.880645389959419,3.6843093724860894,1.6059720277038192,1.113895533940671,5,1,0.3991425975440816,0
507,Male,Middle,Single,Four-wheeler,Gap,21.762540067693728,4.431615087445046,10.178005101348102,1.3826145387561246,3,0,0.27036735387131805,1
508,Male,Middle,Single,Three-wheeler,Gap,23.97365663204146,3.72440277403621,1.928348306058588,1.4495069777127327,6,0,0.17162686857140108,0
509,Male,Middle,Single,Three-wheeler,Gap,30.449649099399284,3.7426975280441233,9.507003938983178,1.2558798459234404,3,0,0.39538963676286426,0
510,Female,Elder,More,Four-wheeler,Lag,25.647350756703382,4.83613633060645,13.684662544476751,0.8279085243367275,7,1,0.2636428720413978,0
511,Female,Young,Single,Four-wheeler,Lag,12.439094575255886,3.301844582589817,4.37566478369312,1.4753044883001134,17,0,0.07508989711830809,0
512,Male,Middle,More,Three-wheeler,Lag,15.54466954866524,5.0561629044175005,20.90114048311697,0.9420987375618715,15,0,0.2379759244533748,1
513,Female,Young,Single,Two-wheeler,Lag,20.464107958832376,3.1385569227294803,13.377854372830217,0.9653762620542776,7,0,0.1789176649135334,1
514,Male,Middle,Two,Two-wheeler,Lag,16.381325037984585,2.99799345178214,6.235285382758308,0.7657372677899774,12,0,0.06114521138807689,0
515,Male,Young,Two,Four-wheeler,Lag,8.22590637695376,4.467971654488103,9.326935174655576,1.3776181283718267,10,1,0.6005550702658612,1
516,Female,Middle,Two,Three-wheeler,Lag,23.882365884003427,1.2300441362725576,3.7144263275599085,0.7495780318490304,14,0,0.06388458558184064,0
517,Male,Middle,Two,Two-wheeler,Lag,17.979566870457685,2.412583218134415,1.720708640963922,1.0624472274879504,11,0,0.03941331002287864,0
518,Male,Elder,Two,Three-wheeler,Lag,11.679205296021737,1.8549471714719514,20.8578962752597,1.8059819580647294,12,1,0.768955200024669,1
519,Female,Young,More,Heavy,Lag,20.14275522221156,3.567712724592575,14.224046410095497,1.1857425629838656,3,0,0.0614572292769817,0
520,Male,Middle,Two,Two-wheeler,Lag,31.13435925458043,3.9275458373732266,16.469552446012983,1.8186391102480117,2,0,0.4559838230555011,1
521,Male,Middle,Single,Two-wheeler,Gap,22.616187573021108,1.2108194816730617,13.224839480956277,1.230411772228029,1,0,0.14533750816329524,0
522,Male,Elder,Single,Three-wheeler,Gap,14.444759988827435,2.3639715322887964,20.44465002784948,0.8477395405265664,8,0,0.2537735644679423,0
523,Female,Elder,Two,Four-wheeler,Lag,20.219430869231637,2.910976583896733,19.98979203164692,1.5616091191089185,13,0,0.1734335100322466,0
524,Male,Middle,Two,Three-wheeler,Gap,27.245054683689204,2.882603479800194,2.7459725887638555,1.0720762366340844,18,0,0.06979110828581017,0
525,Female,Middle,Two,Heavy,Gap,11.14686942064751,2.02458009933353,5.693872442108578,2.092850457063724,11,0,0.028016709526489048,0
526,Male,Young,Two,Two-wheeler,Gap,21.99543102136317,2.415498371474772,9.355410329217024,0.9612623684509763,10,0,0.04909230780639674,0
527,Male,Elder,Single,Three-wheeler,Lag,23.305365203698308,4.776949968515106,8.433409112114303,1.6647906977695124,6,0,0.36138004766412096,1
528,Male,Young,More,Three-wheeler,Lag,23.02159480794532,4.170295625724581,11.529387202320407,1.2317019163454788,5,0,0.14120196448860003,0
529,Male,Middle,Two,Three-wheeler,Lag,14.244922978453598,2.889005442428686,7.13435926249451,1.702162142180271,8,0,0.20860300452398237,0
530,Male,Middle,Two,Three-wheeler,Gap,27.427344976377977,2.7743994123895828,16.910505302748273,0.8539047771435183,0,0,0.38645410466176994,0
531,Male,Young,Two,Four-wheeler,Lag,17.438011174797914,1.914659259616914,1.2601744583649523,1.3942788578595962,10,0,0.05540228596133822,0
532,Male,Young,More,Three-wheeler,Lag,11.02385705948814,3.0641383032288965,16.76073284024386,0.7421437814917116,8,0,0.10561449946617933,0
533,Male,Young,Two,Four-wheeler,Lag,12.337067602052041,3.2196153683325757,9.31493165605405,1.6357140538423334,2,0,0.18418724060448594,0
534,Male,Middle,More,Two-wheeler,Lag,19.422156618918656,5.119022380510234,1.1824780558467296,0.9268925007423803,8,0,0.017669037471283275,0
535,Female,Young,Single,Three-wheeler,Gap,10.378711457761273,4.32500368625762,18.28784153035741,1.156984905928485,7,1,0.7962248920242799,1
536,Male,Young,Two,Three-wheeler,Lag,24.336115816161094,3.4677853353871146,10.205503462876544,1.4218739140037693,10,0,0.3304894903031715,0
537,Male,Middle,Two,Three-wheeler,Gap,26.215944091354366,2.235096774440862,15.230435146271109,1.214063882903417,10,1,0.745855044866315,1
538,Female,Young,Two,Two-wheeler,Lag,8.09891290634941,4.019154977199571,19.32582790758237,1.5922347779268604,3,0,0.2083124224724178,0
539,Female,Elder,Single,Heavy,Lag,24.93641741228307,5.379551242101701,2.085163943229329,1.4630680604028234,10,1,0.44510367185354754,0
540,Male,Young,Two,Heavy,Lag,31.561964769365417,1.8997570846482084,7.055900387633389,0.7718299447100778,3,1,0.6114246338559527,0
541,Male,Young,Single,Four-wheeler,Gap,9.737765724966316,4.784992545257633,4.219875940887402,1.5837518137781355,5,1,0.49902886388561996,1
542,Male,Young,More,Heavy,Lag,23.367178903555082,2.4474328318138654,3.7404517233487518,1.1523554066459487,6,0,0.024728414353413972,0
543,Male,Young,Single,Two-wheeler,Lag,36.024118360279516,4.172752052036471,22.512890284727995,1.3511270264983486,10,0,0.6924575125278056,1
544,Male,Young,Single,Three-wheeler,Lag,24.67581672892171,2.4636047762803344,17.119327045170337,0.9012349742388751,12,0,0.54915995580754,1
545,Female,Middle,Two,Three-wheeler,Lag,20.0939005411537,3.8383198166881045,8.833876311455759,1.151913261908621,0,0,0.25076585797980133,0
546,Male,Young,Single,Heavy,Lag,26.732538205680818,2.6794598287793483,14.46246330977862,1.6558978032534393,9,0,0.44397610165418905,0
547,Male,Young,Single,Two-wheeler,Gap,23.08535435762411,3.6578135569771133,21.03009165092859,1.9119421996352477,11,1,0.8292836918811817,1
548,Female,Young,Two,Three-wheeler,Gap,16.96423962805619,3.8387739102575336,6.295888502497855,1.9570669018748297,14,0,0.07467213849182966,0
549,Male,Young,Two,Four-wheeler,Lag,15.78628986482816,3.8969477357192392,1.4745650932893284,1.4788060698461178,4,0,0.09799361184810826,0
550,Male,Elder,Single,Two-wheeler,Lag,20.194831091132325,4.108717552886397,17.618652913245633,0.6771102728556506,2,1,0.7657158613254849,1
551,Male,Young,Two,Four-wheeler,Lag,18.20583459381409,1.8347318118115588,15.187471049497628,1.1739847285745348,6,0,0.2367920823182922,0
552,Female,Elder,Two,Three-wheeler,Lag,17.54956119758296,4.180162237231485,5.106840030029895,0.8684016158225996,12,1,0.34818866203836046,0
553,Female,Young,More,Four-wheeler,Lag,14.866788065284386,2.3319250081806593,10.922532234802803,1.4755146418238094,4,0,0.03049409442658529,0
554,Male,Young,Single,Four-wheeler,Lag,25.710753142445512,4.089074279292178,5.1104763856682744,0.8214668228721169,6,0,0.24670866597966037,1
555,Female,Young,Single,Four-wheeler,Lag,23.037865372631256,2.1786002494255206,12.870978069405087,2.176222816155732,18,0,0.22787250485526953,0
556,Male,Young,More,Three-wheeler,Lag,17.578133741875043,3.468576609760721,13.695376942173425,0.8704918997868032,6,1,0.5160800150779856,0
557,Male,Middle,Two,Two-wheeler,Lag,16.03029993371446,3.184351775996021,7.315437955269025,0.620058300037642,7,0,0.07879773691886563,0
558,Male,Young,Single,Two-wheeler,Gap,13.696145215318172,5.759254792913914,16.498335553889326,1.7049236885723094,18,1,0.7069217822896402,1
559,Male,Young,More,Two-wheeler,Gap,13.267445292887551,3.9363656759442804,10.653595064653294,0.8814313932801097,5,0,0.015825526099336497,0
560,Male,Middle,Single,Three-wheeler,Lag,21.810895094830602,1.968134632884884,14.84727368324114,0.546313557692847,4,0,0.48926218308778935,1
561,Female,Middle,More,Three-wheeler,Gap,13.160170255188735,4.171367041445881,13.550173762284677,1.2933116039945374,4,0,0.04677784803289661,0
562,Male,Elder,Two,Three-wheeler,Lag,29.798818427135412,2.5071692455403243,10.27226765307043,2.1114394523351305,7,0,0.2585971389864138,0
563,Male,Elder,More,Three-wheeler,Lag,16.745727853685825,2.8547332401516696,7.598378474272996,0.9680791669737012,2,0,0.03226640124533572,0
564,Male,Middle,More,Heavy,Gap,9.380304482894923,3.158210800596478,5.982002311940684,1.1356220926238776,2,0,0.013354754087274226,0
565,Male,Middle,Single,Two-wheeler,Gap,25.951825383840323,4.454886595466732,15.69069457234886,0.9288934658663537,3,0,0.3061655918348784,1
566,Male,Middle,More,Three-wheeler,Lag,18.125851502480053,5.460648554249633,13.589945102826764,1.3047074362985427,6,0,0.19622802679489706,0
567,Male,Young,Single,Three-wheeler,Lag,17.756255540464235,5.274762614617364,7.390949647433815,1.0359128668532012,11,1,0.8363024198811534,1
568,Female,Middle,Two,Two-wheeler,Lag,13.439556374425415,2.4058500073605957,24.245260807172933,1.343579735651362,6,0,0.2638313595017958,1
569,Male,Young,Two,Heavy,Gap,22.336020272865742,1.767989533693936,17.24473563066704,1.213845689786751,10,0,0.1555488464507191,0
570,Male,Middle,Single,Two-wheeler,Lag,17.994850908791776,4.685059414472926,4.3954346587378454,1.9210465418029763,14,0,0.15439445760545176,0
571,Male,Elder,Single,Four-wheeler,Gap,25.20990471953315,2.8619001202365606,5.154233408396354,1.4396226744670202,9,0,0.0639403965653008,0
572,Male,Young,Single,Four-wheeler,Lag,21.887050294692962,3.784543570512953,11.845130872235746,1.4558014392668612,8,0,0.39295096288949294,1
573,Male,Middle,Single,Four-wheeler,Gap,26.593675062079043,5.969153002042193,3.842829874599155,1.223362979861836,0,1,0.7242114497685694,1
574,Male,Elder,Single,Four-wheeler,Gap,21.76782468006118,2.4745945536369156,23.97767244162482,1.0122551403288251,5,0,0.3222760774019856,0
575,Male,Young,More,Four-wheeler,Lag,24.330937805729768,3.146901159889534,13.516904765511292,1.0253363366359172,4,1,0.4565413632850738,0
576,Male,Young,Two,Three-wheeler,Gap,22.90113322103278,4.88789373314446,2.9558508967969477,1.2431445420808207,6,1,0.5493170314754462,1
577,Male,Elder,More,Three-wheeler,Lag,19.492885435796964,3.998770337664875,10.15101699076631,0.8667414538940428,14,0,0.03969890328044423,0
578,Male,Elder,More,Four-wheeler,Lag,22.775755816265207,5.394418246436313,6.317602248503006,0.7752069765356578,4,0,0.032120489857210575,0
579,Male,Young,Two,Three-wheeler,Gap,22.384991565432255,3.939302210050033,10.93604781538397,1.0940209645110834,2,0,0.24135244861419686,1
580,Male,Young,Single,Three-wheeler,Lag,7.031982953746754,2.9144648402436477,6.781562676224748,0.771946772531633,10,0,0.18118297362750999,0
581,Male,Middle,More,Two-wheeler,Lag,22.934829003723248,4.577397132941162,17.83585564051525,0.92039105728697,17,0,0.08270787624396533,0
582,Male,Young,More,Three-wheeler,Lag,16.459822029089956,4.387132104137162,15.153717263964833,1.2783756006110882,9,0,0.1536660534461466,0
583,Female,Young,More,Three-wheeler,Gap,20.606974326597015,5.356978452449445,20.436464187136686,1.6101146170950549,2,0,0.16656989890825286,0
584,Male,Child,More,Two-wheeler,Lag,13.233444530092717,3.4587268898830787,5.859474002619601,0.9123598214584709,7,0,0.007469048819804437,0
585,Male,Young,Two,Three-wheeler,Lag,9.139387312179963,3.5395970298503694,9.18131691811583,1.612666460256401,5,0,0.24082874861603026,0
586,Male,Middle,Two,Two-wheeler,Lag,8.318631062091377,2.9822541292133478,17.11664502609368,0.521327335143623,8,0,0.1502335691701174,0
587,Female,Middle,More,Three-wheeler,Lag,14.431688890534403,2.7935631664961713,8.987482636977914,2.5304834488400374,8,0,0.05553754944411438,0
588,Male,Middle,Single,Four-wheeler,Lag,8.842198826417535,6.632248660238064,9.075560110415314,1.2578047015228042,10,0,0.33921994184081494,0
589,Female,Middle,More,Three-wheeler,Lag,13.80684321505652,5.939660480797212,26.89077899275975,1.2114424502265104,3,0,0.4116583510377767,1
590,Female,Young,Single,Four-wheeler,Lag,20.852617404741984,3.6210467701746727,16.26014920128025,1.4151053133724805,14,0,0.3330614653108496,0
591,Male,Young,Single,Two-wheeler,Lag,18.604576063923304,5.586927423049486,18.722284325487987,1.2106411623852134,3,0,0.5575967453029765,1
592,Male,Child,Two,Two-wheeler,Lag,31.509467271003295,3.0874394982886253,9.54226993931716,1.1348258972881067,2,1,0.4839103488858073,0
593,Male,Young,Single,Four-wheeler,Gap,24.909276863638844,4.792205100062035,12.573906130440962,1.0924260968130806,10,0,0.2860686162120695,0
594,Male,Young,More,Four-wheeler,Lag,14.163975201935703,3.949480889611744,10.268843272507725,2.178521227883625,6,0,0.06988991589802482,0
595,Female,Young,Single,Four-wheeler,Lag,18.842487629998296,4.228894005477371,10.264508038087554,1.7415335199601443,6,0,0.2768682723309772,0
596,Male,Child,Two,Four-wheeler,Lag,19.045109860554614,4.232994105152535,4.415145499799576,1.2413575225098672,4,0,0.07364221760604923,0
597,Male,Young,Single,Four-wheeler,Lag,18.04448206118961,3.9525917003069106,18.13863744261112,1.6912382508133983,1,0,0.6171054476008417,1
598,Male,Middle,More,Four-wheeler,Lag,19.95678424766262,4.804444140720113,9.267598378998962,0.8022898075101905,3,1,0.3963610294993287,0
599,Male,Middle,Single,Four-wheeler,Lag,22.481434397080985,3.200747593980541,12.501683182012384,1.2720162771038348,9,0,0.38249161385867986,1
600,Male,Elder,Single,Four-wheeler,Lag,22.04028643114453,4.788010424997002,18.60111379185679,1.1824812406525531,3,0,0.498012483625336,0
601,Male,Middle,Single,Two-wheeler,Lag,17.969490077351473,2.4617083630483156,16.32196100703953,1.0384091235894082,18,0,0.22851739117496403,1
602,Male,Middle,Two,Two-wheeler,Lag,23.038370744222686,2.531295855413254,5.8649095826547955,1.8865000765511586,10,1,0.4710400064497249,1
603,Male,Young,More,Three-wheeler,Lag,16.915972110292355,4.229892693323244,13.158074200652308,1.6837711566380273,11,0,0.13041580968203925,0
604,Male,Middle,More,Three-wheeler,Gap,25.484808404086824,4.35172709043146,11.024791658279586,1.8526809534650202,11,0,0.08361849151650462,0
605,Male,Young,Single,Four-wheeler,Lag,30.07600231364648,5.1057455568963555,7.019705257190594,1.3961727462662297,9,0,0.3903308607706278,0
606,Male,Young,Two,Three-wheeler,Gap,17.00126998811273,2.814586762647449,2.2724865220601256,1.0984655876964835,6,0,0.06256890794129595,0
607,Male,Young,Single,Three-wheeler,Lag,24.43376236452047,1.7323489718474756,13.364584558264431,1.5584716803709195,12,1,0.8711856426467375,1
608,Female,Young,Two,Four-wheeler,Lag,25.007161818800757,3.5536500193576996,16.474591909569867,0.73387937266041,5,0,0.2739261928036296,0
609,Male,Young,Two,Three-wheeler,Lag,19.889024768110378,4.932701845938683,22.259132543114568,1.7239865343952077,1,0,0.7698756952547599,1
610,Male,Middle,Single,Four-wheeler,Lag,12.494501728562092,5.828344703227309,8.669289022881095,0.5596272188112308,7,0,0.2974727506774461,0
611,Male,Middle,Two,Two-wheeler,Lag,24.462404534383086,4.833794774874558,9.412714511110243,1.6577596222576427,2,0,0.2537583708464136,1
612,Male,Middle,More,Three-wheeler,Gap,18.70864728809225,3.500536680913786,5.163299390402827,1.483956075325098,8,0,0.029097371961869976,0
613,Male,Middle,Single,Three-wheeler,Lag,15.47808835220491,4.864232458089662,26.6076803624049,0.6961614288018748,19,0,0.775750728385715,1
614,Male,Middle,Single,Three-wheeler,Gap,21.8282303267338,2.5879250296386997,18.3654452671098,0.7989607062158992,8,0,0.4294196184708125,0
615,Male,Child,Single,Two-wheeler,Lag,19.129986681770614,5.24843924867319,23.390389618318757,1.1849826404029502,3,0,0.4827561449546667,1
616,Male,Middle,Single,Three-wheeler,Lag,12.488528250374433,3.735022628699734,11.018334148983127,1.0082737081736373,2,0,0.4406088072326898,0
617,Male,Middle,Single,Three-wheeler,Lag,31.86350402425765,3.1924712099843915,6.086886538859025,1.75404970140115,4,0,0.48806919589513226,1
618,Male,Young,Two,Three-wheeler,Lag,16.155230524151627,3.780856969242694,12.350016262621168,0.8680619112940866,2,0,0.35534450636919973,0
619,Female,Young,Single,Four-wheeler,Gap,20.172648652282604,4.4869432215662135,8.957968275433887,1.1451050758018289,7,1,0.5456899726391432,1
620,Female,Elder,More,Two-wheeler,Lag,22.441487141145153,2.6888582563198766,8.548603385561291,0.9591470915625698,10,0,0.007740706754978185,0
621,Male,Middle,More,Three-wheeler,Gap,13.340806693083243,2.0533890028382644,3.3638909041616243,0.7663991952463574,8,0,0.011692672813916352,0
622,Male,Young,More,Two-wheeler,Lag,23.612888015916536,4.2875686312118635,3.1341226144609973,0.9582148831160309,7,0,0.020800562907675266,0
623,Male,Middle,Two,Heavy,Lag,22.151609191209694,5.55493501639255,9.070693527140454,1.7383334175484375,5,0,0.33272186618961413,1
624,Male,Young,Single,Four-wheeler,Lag,19.930996917136806,3.9563182251687588,21.37127265782723,1.4996140030640068,2,0,0.6956950827554668,0
625,Male,Young,Single,Heavy,Gap,20.416769566501156,2.273884634851581,15.194351904574335,1.8735988248715292,8,0,0.25235778186771685,0
626,Male,Young,Single,Heavy,Lag,29.47004848428673,3.9771676159370277,16.020488603033634,1.1317073403319713,5,0,0.5775755462908464,0
627,Male,Young,More,Three-wheeler,Lag,27.55040967279374,2.1382939164762664,6.547404060699084,0.9331694861916485,4,1,0.3576142917525964,0
628,Female,Middle,More,Four-wheeler,Lag,13.252222158036181,2.914311603010451,15.440550779265138,0.5528133192150163,8,1,0.251099407079702,0
629,Male,Child,Single,Three-wheeler,Lag,18.143123503143798,1.4971721136494627,9.531355772532963,1.233166324569343,5,0,0.17346629754146242,0
630,Male,Middle,Single,Heavy,Gap,20.254217420484423,3.4930949751110933,2.7785985742644232,0.5884768391853957,2,1,0.44151165128348324,1
631,Male,Young,Two,Three-wheeler,Gap,27.876112113149855,2.9740767593811372,9.339079314506339,0.4849440230037587,6,0,0.16174605171537954,0
632,Male,Middle,Single,Three-wheeler,Lag,25.072914434052606,2.026971880151399,4.4928930382862875,1.3593735036692203,4,0,0.2994240085834781,0
633,Female,Middle,More,Heavy,Gap,18.404028038919616,2.932895484046549,18.49389785565399,0.8267528560322599,9,0,0.03253968135967146,0
634,Male,Middle,Single,Four-wheeler,Gap,26.772522140530956,3.9908576850322808,18.083816436424136,1.3067769682448978,1,0,0.5104624252158791,1
635,Female,Middle,Single,Heavy,Lag,18.2819887773742,2.864885790662899,7.506161279051364,1.3227016847463617,11,0,0.13461161247107334,0
636,Female,Elder,Single,Two-wheeler,Lag,16.61305328372152,2.276297613206939,13.038546011454013,1.5111098295388323,6,0,0.08714634805197922,0
637,Male,Young,Single,Three-wheeler,Gap,21.581930875191823,3.6672903292334453,8.81759075029595,1.106405768492451,0,0,0.2961145171509168,0
638,Male,Middle,Single,Three-wheeler,Gap,17.951541034911973,4.363654189382309,4.981963441271884,1.4855874136031666,2,0,0.23730973671872652,0
639,Male,Middle,More,Three-wheeler,Lag,21.76555966473018,4.692780037706417,13.72996343217189,1.08662436496241,13,0,0.151694923280317,0
640,Male,Young,Single,Three-wheeler,Lag,18.74041761537084,3.44638036919192,16.01011805717611,0.7140305546765129,6,1,0.910784746488932,1
641,Male,Young,Two,Three-wheeler,Lag,24.649124524510974,4.207406640933441,16.351562282693525,1.0205476251082686,9,1,0.9000127806216791,1
642,Male,Young,Single,Four-wheeler,Lag,29.44220154247049,4.708214141011263,4.877260737095061,0.49599763457218216,11,0,0.24389785776195996,0
643,Female,Young,Single,Three-wheeler,Lag,16.598174445317255,4.075051425721211,11.308955629140033,1.196323646649842,4,0,0.3676659869213516,1
644,Male,Young,Single,Four-wheeler,Lag,20.159237011917945,3.6138145428058914,1.7765697246291055,1.534362554053155,7,0,0.1641672952120924,0
645,Male,Young,Single,Four-wheeler,Lag,23.35820527769828,1.7641690476704641,3.553765312791076,1.6015070831267284,8,0,0.15172363727362614,0
646,Male,Middle,Single,Four-wheeler,Gap,14.439114975066769,2.8681768170848514,3.331530323165863,0.9221704758817492,11,0,0.05823213121963167,0
647,Female,Young,Single,Three-wheeler,Lag,24.6518297953738,2.968967722274176,2.720249412301343,0.7285754221729337,5,0,0.16323177119100474,0
648,Male,Middle,More,Two-wheeler,Gap,21.192301678736065,3.210095995965484,8.308527095212984,0.8573912802037928,14,0,0.011063383209882765,0
649,Male,Young,Two,Two-wheeler,Lag,14.234737782262313,5.536304068556737,8.714897489807926,2.238585544838197,7,1,0.6604155120302909,1
650,Female,Middle,More,Four-wheeler,Lag,26.278458481523618,2.567556194033217,14.674449306323002,1.0230961583536606,11,1,0.32439763356037027,1
651,Male,Young,Single,Three-wheeler,Lag,18.984249183689034,3.6573760831449618,8.241982336135301,1.1589166056415,1,0,0.41890655785789976,0
652,Male,Young,Two,Two-wheeler,Gap,14.83895466234296,6.34233364957854,4.690204232759605,0.6703659811530094,6,1,0.3216871911140688,0
653,Male,Child,Two,Heavy,Lag,15.227940185326707,3.8978228711222824,22.595778469736338,1.6088759410635913,3,0,0.35755330147962233,1
654,Male,Middle,Single,Four-wheeler,Lag,24.449434384892946,2.5676984902103612,19.219889879054477,1.1805871738449982,12,1,0.9013541785705744,1
655,Male,Young,Single,Four-wheeler,Gap,28.513042924292705,5.6536814371907305,4.338594537150514,0.6940811658565625,3,0,0.19472230333872984,0
656,Male,Elder,Two,Three-wheeler,Lag,18.283343631231343,3.023221527758202,8.801036749971217,1.208125214524417,9,0,0.13382430430203532,1
657,Male,Young,More,Heavy,Lag,12.17832515037647,1.660793464726215,5.266927740649007,1.4965750958074475,1,0,0.0214806448336901,0
658,Male,Middle,Two,Two-wheeler,Lag,12.919210102311379,3.3223037699720104,23.51484137305532,1.2082332893458232,3,0,0.40330175567868787,0
659,Male,Young,Single,Two-wheeler,Lag,22.24538429442387,2.6908628653680235,8.686108380850508,2.1073669613251287,4,1,0.7193194090341192,1
660,Male,Middle,More,Heavy,Lag,18.17273804300656,4.639577595658944,3.7429789230163735,1.7637441391972422,10,1,0.23982956459993246,0
661,Male,Young,Single,Heavy,Lag,18.976118605090466,2.611539093331245,15.275468033301344,1.255387375823881,3,0,0.41235584635586353,0
662,Male,Young,More,Three-wheeler,Lag,17.66601345453052,4.64416464071228,14.957734126465384,1.9642276839896415,10,1,0.6586439822648006,1
663,Female,Young,More,Two-wheeler,Gap,19.534397843003422,1.5466516243806796,6.671806170156316,1.645792877199813,10,0,0.005019928683712943,0
664,Female,Young,More,Three-wheeler,Lag,22.080209247849282,5.316469665011813,8.097487129475518,1.0892909427649253,17,0,0.05216830191180838,0
665,Male,Young,More,Four-wheeler,Lag,20.597322137334178,1.6074076635993444,9.67653305507439,1.5805780865848464,8,0,0.04036870759540512,0
666,Male,Elder,Single,Four-wheeler,Lag,14.568482380241512,5.404085741938301,7.155281209499904,1.2452487320820516,8,1,0.6257373714053032,1
667,Male,Young,Two,Three-wheeler,Lag,19.89639991148946,1.868915479998749,7.531126744555357,1.2830441571830373,7,0,0.1878517247948515,0
668,Male,Child,More,Two-wheeler,Gap,19.46497996498742,4.916532794822082,17.01620066173385,1.2619831103093195,2,0,0.028676707926990515,0
669,Male,Elder,More,Four-wheeler,Gap,20.66227517578507,4.698525676715564,15.822632725836977,1.6325996977180623,6,0,0.04375883498829522,0
670,Male,Child,Single,Four-wheeler,Lag,13.214259831893358,3.8207656679342503,14.568954892046694,1.8869214750100989,11,1,0.7182380613688738,1
671,Female,Young,Single,Three-wheeler,Gap,14.323812433100628,1.5447105081075383,14.452144138349933,1.032002055643801,0,0,0.18944359127722896,0
672,Male,Middle,Single,Four-wheeler,Lag,20.443719372754718,3.9053247159690336,11.466654059014255,1.404408306654704,2,0,0.43796483127834723,1
673,Male,Elder,Two,Heavy,Lag,16.68414729352714,3.8947980244809832,8.600466525152724,1.3878681995772306,7,0,0.09926312891585189,0
674,Male,Middle,Two,Three-wheeler,Lag,21.86350704184799,3.7053083921110828,15.14204222827425,1.800956503452447,11,0,0.4921703296696493,0
675,Male,Young,More,Three-wheeler,Lag,18.20230232537833,3.9386769039968006,4.163200192931639,1.1791461366325984,4,0,0.05436341639218667,0
676,Male,Elder,More,Four-wheeler,Lag,15.719398009977965,5.771495652904369,4.704620771702867,0.8642284143957943,11,0,0.018460454167875805,0
677,Male,Child,Two,Three-wheeler,Lag,22.27454189181907,6.562270398846145,4.38361326178193,0.8825736974017595,4,0,0.18145272130028192,0
678,Male,Elder,Single,Four-wheeler,Lag,18.51224370139508,3.593202763452842,15.401405678778831,0.6166862349070991,6,1,0.7479225027184809,0
679,Female,Middle,Two,Four-wheeler,Gap,14.41834811832452,1.9912409331195966,12.673477894564815,0.7195280067632746,14,1,0.2746448674379457,0
680,Male,Elder,Single,Three-wheeler,Lag,24.911630549718538,2.230557972709105,10.262287009336506,1.00991242659855,5,0,0.2661564411116766,0
681,Female,Young,Single,Two-wheeler,Lag,19.056328906759635,4.240762967503633,10.697682481096237,0.7229248595857727,7,0,0.15268836563459823,0
682,Male,Young,Single,Four-wheeler,Gap,27.69691583469075,6.047344305161022,17.715357016860718,1.762461735272889,13,0,0.5363702996600995,1
683,Female,Middle,Single,Two-wheeler,Lag,15.187699248791997,3.336666965577529,4.282108401478764,1.082049219400056,3,0,0.07774185190155265,0
684,Male,Young,Single,Two-wheeler,Lag,26.49540229136417,2.0301399290790014,9.145300882947216,1.0895190937764774,1,0,0.2124943370143045,0
685,Male,Young,Two,Three-wheeler,Lag,25.059165241170003,3.0774588549481403,16.01148417004917,1.5595049958933203,14,0,0.4517909669084291,1
686,Male,Elder,Single,Three-wheeler,Lag,13.013952244567333,3.1788434056416914,13.889719392372331,1.0100561888355883,7,0,0.28882900460585187,0
687,Male,Middle,Single,Heavy,Lag,20.463959464311582,6.637246847216512,10.012044792584119,1.4991792320933304,15,0,0.4312586194088307,1
688,Male,Young,Single,Four-wheeler,Gap,22.233295625146102,4.121692551929161,6.36211376273825,1.6652868450642562,11,0,0.1504318382645458,1
689,Male,Young,Two,Four-wheeler,Lag,19.95527391833305,2.1451097241481074,22.566436938874993,1.079912118435168,7,1,0.8650851292927642,1
690,Male,Young,Two,Three-wheeler,Gap,18.45919661550592,3.025779661868067,9.558071200207978,1.213610263921919,6,1,0.5922855223808656,1
691,Male,Young,Single,Three-wheeler,Lag,28.88953129665076,1.6670356677200378,19.303802530686824,1.0352439496563879,6,0,0.6608068648982601,1
692,Male,Young,Single,Heavy,Gap,22.96998969339797,4.0089105406993015,16.425856360748234,1.1519954411328213,2,0,0.3799905302810934,0
693,Male,Middle,More,Three-wheeler,Lag,30.18207923252606,4.074545263396141,18.74559166471607,1.3311258537825386,6,0,0.33867486055708873,0
694,Male,Middle,Two,Four-wheeler,Lag,25.73297127803101,1.7442195635357738,1.561802769453541,1.0676282074162997,10,1,0.391934830338394,0
695,Male,Young,Two,Three-wheeler,Lag,25.084893430937907,3.02069834119818,10.71710000226754,1.1982060017300724,17,0,0.2662084910000362,1
696,Male,Young,Two,Three-wheeler,Gap,23.378349728549473,5.109520002629075,7.006752639032677,1.234369348206605,14,0,0.1601483942805804,1
697,Male,Middle,More,Three-wheeler,Gap,22.118278814524075,4.676867600707326,7.268117565166266,0.5477083941739633,14,0,0.033556185803284795,0
698,Male,Middle,More,Three-wheeler,Lag,26.7914212642055,3.7577997165329013,7.193556485585491,0.8249571044450184,0,0,0.10605892785392447,1
699,Male,Elder,Single,Two-wheeler,Lag,21.633358982935306,3.48436929743556,9.247022060765875,1.2856315088455175,6,1,0.5486372964961423,0
700,Male,Middle,Two,Three-wheeler,Lag,12.045735372073093,6.415636706369442,9.604556998875724,0.47934800525236476,3,1,0.8252622055217801,1
701,Male,Middle,Single,Two-wheeler,Lag,21.186438609396987,4.247458227411828,13.443027253776005,1.4842956830315206,7,0,0.3672973309585162,1
702,Male,Young,Two,Three-wheeler,Lag,12.981073023658642,5.556927222787479,7.732107632577338,1.8481101699597837,13,0,0.28333222572688094,0
703,Female,Young,Single,Heavy,Lag,29.166687209228915,1.853626857190402,7.2459577561573365,1.5551417063973725,11,0,0.15295792781126819,0
704,Male,Elder,Single,Three-wheeler,Lag,22.127167307777327,2.5806792802659344,8.764390347032306,1.025562461081791,11,0,0.19695999643241324,0
705,Male,Young,More,Four-wheeler,Gap,20.802563096030433,1.491715515904429,14.447001174181837,1.1821091148232974,5,0,0.03290346076422298,0
706,Male,Young,More,Three-wheeler,Lag,15.276513579126252,4.889702479685115,1.0158258970922116,1.415305695869848,6,0,0.042566767973124565,0
707,Male,Young,Single,Two-wheeler,Gap,20.24010438778763,4.148125020013294,15.712550678014349,1.4530062603695535,4,0,0.2602050094115711,1
708,Male,Young,More,Two-wheeler,Lag,17.749644612145854,2.4366889532157563,8.397274371438057,2.1755173903324634,7,0,0.028994312267779876,0
709,Male,Middle,Single,Heavy,Gap,22.56698757095236,5.878352608673628,12.403536350099982,1.2307095065522962,4,0,0.37118082294440824,0
710,Male,Middle,Two,Four-wheeler,Lag,21.50202110615718,5.595873228972273,16.042641137594092,0.9450759776541797,10,0,0.4350539653295583,1
711,Male,Young,More,Heavy,Lag,20.008967978153017,2.629634682762614,11.279470799426894,1.0822503229821936,6,0,0.051139148209359976,0
712,Male,Young,Single,Three-wheeler,Lag,16.297214058064554,3.989021055539527,13.687506364595434,1.8992758791762672,8,0,0.5630325398539839,0
713,Male,Elder,Single,Four-wheeler,Lag,20.38036423192824,4.058942924877772,21.054357045182584,1.393107547335426,11,0,0.46262723722788884,1
714,Male,Young,Two,Four-wheeler,Lag,19.480261542872974,1.0953362497817563,1.9550524812719772,1.7474357875484219,4,0,0.0719595795359251,0
715,Male,Elder,Single,Heavy,Gap,25.852990881691436,4.129254243354617,8.576850455418228,1.5114522445089895,7,0,0.12329943142005546,0
716,Female,Young,Single,Two-wheeler,Lag,27.013921637510467,2.61695533692492,21.405664327063867,2.086698266866992,11,0,0.4303111519185625,0
717,Male,Middle,Single,Heavy,Gap,23.962139066651172,5.098882993582846,17.999268721345153,1.240023470193584,14,1,0.8559414804678088,0
718,Female,Middle,Two,Three-wheeler,Lag,17.39697409107613,4.733709354024802,13.127462190815185,2.004417601845905,2,0,0.4194428282222144,0
719,Male,Middle,Single,Four-wheeler,Lag,10.262248212592597,5.126960661275109,6.454786007132427,1.7970145733142848,8,0,0.26608462055908144,0
720,Male,Young,Single,Three-wheeler,Gap,28.081502471332627,4.380450168694337,8.253168927083093,1.7040386617778664,5,0,0.3719940071479428,0
721,Male,Elder,Two,Three-wheeler,Lag,33.25970142556432,2.379754297993533,18.629526015879776,1.9586230754463627,4,0,0.5134411364862709,1
722,Male,Young,Single,Three-wheeler,Lag,13.66670601060434,3.1015070077238764,14.682560784185686,1.267569876661172,2,0,0.5221460709881026,0
723,Female,Middle,Single,Four-wheeler,Lag,22.727382628796622,4.199782885925466,7.474118379569589,1.5379857936590045,7,0,0.2385262091759906,0
724,Male,Young,Two,Three-wheeler,Lag,18.96205802621166,2.9806063221988004,4.5144789033134405,1.3016547359581998,4,0,0.18290754515477334,0
725,Female,Child,More,Three-wheeler,Gap,14.205727034311469,4.203701781573713,16.496718876357562,1.5881047392778793,8,0,0.02869644288158372,0
726,Female,Young,Single,Three-wheeler,Gap,35.350635477591055,3.0227843020953706,12.403271650575503,1.568884035093125,4,0,0.36306483509291815,1
727,Male,Young,More,Four-wheeler,Lag,28.405090102186467,2.43702956501655,23.894174767443342,1.5608446398193851,0,0,0.30563863222383375,0
728,Female,Young,Two,Three-wheeler,Lag,31.729156910633854,3.586114954797184,9.534228381526157,1.1579725094719056,9,0,0.2675422368934546,0
729,Male,Middle,Single,Four-wheeler,Lag,14.094353890505344,4.120470526262759,8.568335176527693,1.6202515416562064,2,0,0.3308373493390581,0
730,Male,Young,More,Three-wheeler,Lag,19.90532763795108,3.5831732717953386,7.563963118024678,1.774720799560447,3,0,0.09330624118261842,0
731,Male,Young,Two,Four-wheeler,Lag,27.057961657711417,3.9722157982904287,10.792278229213142,1.3974441363037888,3,0,0.32846921112766353,0
732,Female,Young,Two,Four-wheeler,Gap,22.563441165480345,3.342767868760595,8.119292809134777,1.187530104819406,4,0,0.06807456268988617,0
733,Female,Young,Two,Four-wheeler,Lag,19.096780586225584,4.463496914349055,3.1351688066066403,1.7243313036131456,6,0,0.0947000998862843,0
734,Male,Young,Two,Four-wheeler,Lag,20.253132720188308,3.998723912838495,7.936459239710082,1.5915329888764358,10,0,0.18839845944815514,0
735,Female,Middle,More,Three-wheeler,Lag,10.294173655617046,3.7590205242042223,6.259581300195034,1.2043620029735782,8,0,0.029906199518101473,1
736,Male,Young,Two,Two-wheeler,Gap,21.605668569834528,3.3345766613051606,17.379646421800658,1.3300998311260621,2,0,0.18375279748515938,0
737,Male,Elder,More,Four-wheeler,Lag,26.060589914821904,3.6395835252311195,6.5714919860077465,1.4600047263450007,3,0,0.03226688175829313,0
738,Male,Young,More,Two-wheeler,Lag,6.089054425156354,1.6889044838312506,10.407597470454144,1.4632657560750493,11,0,0.01451600418115122,0
739,Male,Young,More,Three-wheeler,Lag,14.472071435947145,4.054305218407295,14.176409049244835,1.0218113171860979,3,0,0.13693282379135588,0
740,Male,Elder,More,Four-wheeler,Lag,20.271343952263173,2.5495046377890294,4.877392860470727,0.9994812001220004,3,0,0.015058406555550713,0
741,Female,Young,Single,Three-wheeler,Lag,20.878054114705733,4.846420608617564,11.626657246805124,1.8005859604817254,0,0,0.5324481207981004,0
742,Female,Young,Single,Three-wheeler,Lag,17.76212785047355,4.6097559700748425,18.29159506183577,1.9505565861075531,9,1,0.9299794618108765,1
743,Male,Elder,Two,Heavy,Lag,9.552375228990448,3.6158947160803567,12.541457746805616,1.1280493286091045,9,0,0.09768548770545059,0
744,Female,Elder,Single,Three-wheeler,Lag,23.685456222927638,4.777358587151608,10.800762752736595,1.8710070462845612,4,0,0.34580845220665307,1
745,Male,Middle,Two,Two-wheeler,Lag,16.124389819847835,4.068019193166101,18.041915794296074,1.2055918413440296,0,0,0.34592335087912923,0
746,Male,Young,More,Two-wheeler,Lag,22.095665278912012,2.2673263145928146,22.621350263856577,0.8303627285311904,10,1,0.4636995944890957,0
747,Male,Middle,More,Three-wheeler,Lag,20.852235938556834,4.316162517107642,17.53221463851814,1.5237790106709983,2,0,0.2866989945533389,1
748,Male,Elder,Single,Four-wheeler,Lag,19.043219786083238,6.581786979251676,9.566251891300366,0.6037724499135334,6,0,0.2632226656214883,0
749,Male,Elder,Two,Four-wheeler,Lag,21.29756856783272,1.595503479672552,13.034401936757648,0.7434388661936973,11,0,0.09142758727575,0
750,Male,Young,Single,Three-wheeler,Lag,22.87710430781202,2.7067883076624435,11.547580638528828,1.96622543738347,3,0,0.5397878748373968,0
751,Male,Young,Two,Three-wheeler,Lag,21.038718045080305,3.831174231231593,7.783398073969352,1.2585791876707646,5,0,0.28732484183472495,0
752,Male,Young,Single,Three-wheeler,Lag,20.829220926348498,3.2726320905434565,10.014934476349355,0.9666592787730711,8,0,0.39458286034519596,0
753,Male,Young,Two,Two-wheeler,Lag,19.117761898723415,3.958194046423668,17.76367848999498,1.2165365334844147,8,0,0.28586037946732346,0
754,Male,Middle,Two,Four-wheeler,Lag,19.031773414320366,3.7956918018212704,7.734118149411465,1.3281251374815826,6,0,0.1906995956461778,0
755,Male,Young,Two,Four-wheeler,Gap,19.891869537196104,4.503598946116262,19.739182742719315,1.400708864906116,5,0,0.3475010567128284,0
756,Male,Young,Two,Two-wheeler,Lag,19.344490368943998,1.8486198018639026,28.261650746637148,1.0659695763143615,5,1,0.8810475689861219,1
757,Male,Young,Single,Four-wheeler,Lag,19.159616410461705,3.3506033587302815,7.843522465479438,1.111306192877851,6,0,0.24567490799962746,0
758,Male,Young,Single,Four-wheeler,Gap,15.522501642830552,4.845900524839068,4.305626772712078,1.295246661694137,4,0,0.12620196867863373,0
759,Female,Young,Single,Three-wheeler,Lag,23.36500818545226,3.1085474629071688,23.355608985797673,1.3857495825818422,3,0,0.7232414682178762,1
760,Male,Young,More,Four-wheeler,Lag,13.821092421316912,3.542477019731319,5.327322579874433,1.895759382780117,4,0,0.03661002490709572,0
761,Male,Young,More,Four-wheeler,Lag,27.475605903092628,1.3759821623898683,16.27431388698365,1.1168819911658954,6,0,0.09255243906744956,0
762,Female,Elder,Single,Two-wheeler,Lag,21.801554971516925,2.62798990059762,2.2230326062621435,1.7705866314626268,5,0,0.0390110567889903,0
763,Female,Young,Single,Two-wheeler,Lag,10.878732837243978,3.4207517219387538,6.570984733055699,2.396261077185118,7,0,0.10238579390289675,0
764,Female,Young,Single,Four-wheeler,Lag,22.314260498946133,3.2224092885818414,7.019762207616955,1.0551416036853667,7,0,0.16038210366628175,0
765,Male,Young,Two,Heavy,Lag,18.03549556013582,4.2202237623790895,7.677470369841352,0.5555051506338932,19,0,0.1015070712988991,0
766,Female,Young,Single,Three-wheeler,Gap,28.259709344931714,3.875816316580979,21.02318195656929,1.3589726924225787,7,1,0.9087447036724987,0
767,Female,Young,Single,Three-wheeler,Lag,28.52889925046475,4.962313248330659,5.412815019054125,1.8430545949551667,9,0,0.3647874896525719,0
768,Female,Young,Single,Four-wheeler,Gap,25.725857645949024,4.817392469798321,5.379234705400744,0.6216327513474634,1,1,0.523993410464986,1
769,Female,Young,Single,Three-wheeler,Gap,20.976019554205283,2.692977615290732,14.549844059569974,0.8742076705078341,9,0,0.21572833666460547,0
770,Male,Young,Single,Two-wheeler,Lag,27.84641177944865,1.322226786355233,22.980707797012784,1.4474770763942497,6,1,0.9020531951248052,1
771,Male,Middle,Single,Three-wheeler,Gap,22.174571625449115,4.815794846881056,9.246531122665605,1.6427947130147242,11,1,0.8082095058585407,1
772,Male,Young,Two,Heavy,Lag,26.462163950542482,2.9997258405807807,16.313693507088153,0.6925919472089351,15,0,0.2735507132092154,1
773,Male,Young,Two,Four-wheeler,Lag,14.474083403316481,3.058341362346002,1.9895101089596086,1.084043489763008,3,0,0.0776294795723048,0
774,Male,Middle,Single,Heavy,Lag,27.32474850863821,2.3497429783926433,17.617410745122328,0.9309666080085677,13,0,0.45317065089323516,1
775,Female,Young,Two,Two-wheeler,Lag,22.353912059264253,4.143874630089909,15.202249143470231,2.0832853335438593,8,0,0.21911061919576744,0
776,Male,Young,Two,Three-wheeler,Lag,17.13849939887095,2.8336697128531503,20.01792361462377,1.4556389325591341,9,1,0.8973102782059331,1
777,Male,Young,More,Four-wheeler,Lag,35.190743127747545,2.4327053937849406,13.506328355848781,1.21116216769368,6,0,0.11346471019054293,1
778,Female,Young,More,Three-wheeler,Lag,22.7474152590853,3.541269621487502,22.23516984018341,1.7433578976859363,4,0,0.2637461082235045,1
779,Male,Young,Single,Two-wheeler,Lag,27.46563970064243,4.352825139101933,9.256127944327691,1.2813880208583621,10,0,0.2693745554944075,0
780,Male,Elder,More,Four-wheeler,Gap,6.798323557109768,2.796557122196962,15.397381698906067,1.8649496580956089,0,0,0.02205432538400209,0
781,Male,Elder,Two,Four-wheeler,Gap,20.75568050137973,4.246889154561049,15.248226446307703,0.9310586306209124,6,0,0.12043654754177799,0
782,Male,Elder,Two,Four-wheeler,Lag,23.160672294420287,3.4156477601616784,7.1715253614603665,0.5556547031950947,1,0,0.09742354908332881,0
783,Male,Young,Single,Three-wheeler,Gap,8.146175729234788,3.2373239943243703,21.085814129612917,1.1582995488812289,3,1,0.8781033861559642,1
784,Male,Young,Single,Three-wheeler,Lag,24.021886012368448,3.098206738772831,16.458236787442615,0.8842411245699644,9,0,0.5816165108702598,1
785,Male,Young,Single,Two-wheeler,Lag,22.19939806923914,2.288613843216357,18.90557542945692,1.689868618713966,9,0,0.40442906784763244,1
786,Male,Young,More,Two-wheeler,Lag,16.67286398520276,3.0112564479782233,8.797868797719646,1.2759800348013783,12,0,0.021645211194609357,0
787,Male,Child,Two,Three-wheeler,Lag,22.780051818540827,4.95606719593586,18.112405223210153,0.9945213286850344,9,1,0.8471898588102218,1
788,Male,Young,Single,Three-wheeler,Lag,13.768228979834726,2.055106530637155,7.985685255805768,1.5839240173373597,8,0,0.2683933039873997,1
789,Male,Young,Two,Heavy,Gap,25.23240582217345,5.628234282649979,23.983587622874325,1.2691028854202435,13,0,0.48466538292603945,0
790,Male,Young,Single,Three-wheeler,Lag,26.226325341643104,2.086497701643366,1.778017317283826,1.241791656838143,6,1,0.6981215227993045,1
791,Male,Young,Single,Two-wheeler,Lag,19.814787854636798,3.106219915083366,13.170385150886753,0.8506162539244266,8,0,0.23753432866173985,1
792,Male,Middle,Two,Two-wheeler,Lag,20.12317739882619,3.8581630344229425,4.069774382748245,2.4545694719087443,11,0,0.10698003689566198,0
793,Male,Young,Two,Four-wheeler,Lag,18.630350593019873,4.730403214454858,15.103965104788202,1.425693207559001,9,0,0.3634211542023528,0
794,Female,Middle,More,Two-wheeler,Lag,17.79220090615693,2.2788144682095393,8.816385871701094,1.727564217592629,9,0,0.016297940770727545,0
795,Female,Young,Two,Two-wheeler,Gap,26.402020842378374,2.2665419110466036,19.051342553094763,1.5628315558249648,6,0,0.1304262541076542,0
796,Male,Middle,Two,Three-wheeler,Lag,17.164015614258684,3.928534020751059,19.122648428473042,1.241948956209604,6,0,0.5737381838907153,0
797,Female,Young,More,Three-wheeler,Lag,18.641852488391688,2.877520710013423,8.890591797991481,0.5030652760804264,8,0,0.03416815590320696,0
798,Female,Young,Single,Four-wheeler,Gap,17.08473552869692,3.9808151447533926,17.23527510959298,1.4353628643221084,8,0,0.23856329313001368,0
799,Male,Young,Two,Three-wheeler,Lag,22.279385962717043,4.64755239527408,14.340707685486862,0.7195574004582869,7,0,0.45938179524578626,0
800,Male,Young,Two,Two-wheeler,Gap,25.0237059733864,1.8915356215842016,9.869063671452627,2.0631907189331735,3,1,0.4415822511098653,0
801,Male,Middle,Single,Four-wheeler,Gap,14.57059254087143,4.763845695675589,8.469951522978485,0.9447260140922926,3,0,0.18084058432370964,1
802,Male,Young,Single,Three-wheeler,Lag,16.33202445343235,1.5613411656566563,6.096872408624405,1.0882071043408188,6,1,0.6911204192997285,0
803,Male,Young,Single,Four-wheeler,Lag,13.019765426408838,5.081686010934547,2.8788463805172064,1.2973102782142432,3,0,0.2001358201568823,0
804,Male,Elder,Single,Two-wheeler,Gap,14.477054045915027,5.906177362521,11.389917642826884,1.241587952858859,5,1,0.5000531597320307,1
805,Female,Young,Two,Four-wheeler,Gap,18.700047324311768,4.056770308715109,11.776388795077354,1.4208375978905874,2,0,0.11375750419985509,0
806,Female,Middle,Single,Three-wheeler,Lag,24.267017264665952,6.107582254730499,10.159899654664851,1.5994340278603423,2,0,0.5767604490863797,1
807,Male,Middle,Two,Three-wheeler,Lag,20.604081454373794,4.654121275112209,22.8553744861633,1.5597101145112058,11,0,0.7183161803866204,1
808,Female,Young,Single,Three-wheeler,Gap,11.099803416179096,1.628242877800287,1.459953479759248,1.8555295229229243,6,0,0.047835919188360984,0
809,Male,Young,Single,Heavy,Gap,21.805109376111584,1.091232972938224,18.387694620519785,1.204718263738564,9,1,0.7227968902735193,1
810,Male,Young,Single,Three-wheeler,Lag,24.639951536057993,1.3656533830501685,16.996423175571593,1.277404522620306,0,0,0.6107946365432089,1
811,Female,Middle,Single,Heavy,Lag,18.50584850152353,3.385027199815185,15.979110441251544,1.7691967630015406,4,0,0.39867261025106665,0
812,Female,Young,More,Heavy,Lag,16.161444691514223,3.9124939729475177,11.518208068364537,0.9866790507498157,0,0,0.04450333171887942,0
813,Male,Young,Single,Three-wheeler,Gap,24.046901888427037,3.474814264622235,5.71124380227301,0.9403771838102579,0,0,0.22801833139502983,1
814,Male,Young,Single,Three-wheeler,Lag,9.218062583883828,4.089406437573308,18.789961604259318,0.5010947997111099,1,0,0.6019388428517869,0
815,Female,Elder,Single,Three-wheeler,Lag,25.05246432797522,3.378009791858952,15.66079850631457,1.5317402454203262,6,0,0.37692182230574667,0
816,Male,Middle,Single,Heavy,Lag,24.8188580702087,1.610997464667825,17.86531273033923,1.4623031404541762,1,0,0.5349706516438344,0
817,Male,Elder,Two,Four-wheeler,Gap,26.824194022972968,2.635708794276606,6.575097730619635,0.979682706575928,10,0,0.03842787827521303,0
818,Male,Middle,More,Three-wheeler,Lag,12.553238768539735,6.404796353762443,12.023014801866992,0.7710075145889417,6,0,0.14837336715630148,0
819,Male,Middle,Single,Two-wheeler,Lag,13.128978686201627,3.0543149100361178,9.692216807483879,0.5955156208271276,3,0,0.15994336414187996,0
820,Male,Young,Two,Four-wheeler,Gap,26.398124617603557,2.985370318615835,13.54757070812407,1.2249369805339834,11,1,0.6086253333154256,1
821,Female,Elder,Two,Two-wheeler,Lag,19.671248891768442,2.3233666417532604,15.839673667634202,0.8689890150701467,6,0,0.06687483682181129,0
822,Male,Young,More,Two-wheeler,Lag,18.4894209476101,6.19351558727491,5.380772363934971,1.6154968474765095,4,0,0.043993751829300494,0
823,Male,Young,Two,Three-wheeler,Lag,21.05370382401643,2.6522231745638933,5.387267952645108,2.0050073290794925,7,1,0.6970622276137229,1
824,Male,Middle,Single,Three-wheeler,Gap,11.350739017497174,3.9884208875328127,2.3497478469764355,1.5890398985752197,8,1,0.5387483472367598,1
825,Male,Middle,Two,Heavy,Lag,22.082715146596453,1.6059871665216314,5.043398794357906,1.7209644704747218,7,0,0.11050370923856015,0
826,Female,Young,More,Four-wheeler,Lag,28.950650896063053,1.8154297302564961,6.655970530419161,2.343189669524625,13,0,0.02718168391589315,0
827,Male,Young,Two,Two-wheeler,Lag,22.57218665738913,4.22776142301126,3.118164019100856,1.5350794810331219,4,1,0.4857829269606884,1
828,Male,Young,More,Three-wheeler,Lag,19.520261701833928,3.950452231342332,8.681258091122585,1.3155033167423968,5,0,0.09257740285955955,0
829,Male,Middle,More,Four-wheeler,Lag,29.841770800868012,4.099717738733505,14.223699974899684,1.643412554800398,11,0,0.14495817466073763,0
830,Male,Young,Single,Three-wheeler,Lag,22.773258147502187,2.6541793652814687,16.7997670715282,1.311483025211712,8,0,0.595037632040747,1
831,Male,Middle,More,Two-wheeler,Lag,11.27584128469426,6.125378395730044,8.513815206709825,1.1625664792062238,15,0,0.031466712191931236,0
832,Male,Young,Two,Three-wheeler,Lag,22.48409527947942,3.7089286386117237,3.399742277330196,0.5697004348842876,10,1,0.5906331458202917,1
833,Male,Middle,Two,Four-wheeler,Lag,11.401231829404972,5.795294681128904,15.99329208899959,1.4057150640111975,6,0,0.4183739318328197,0
834,Male,Young,Two,Heavy,Lag,17.201511373928103,2.3763997752839616,9.278334368118466,1.8265074065634002,8,0,0.1556294692518961,1
835,Male,Elder,More,Four-wheeler,Lag,21.66667780459295,3.241435902661318,6.861773445567742,1.4696100421260607,5,1,0.17307884626556752,0
836,Male,Young,Two,Two-wheeler,Lag,15.6228273434761,3.0212391684644375,10.60500973179875,1.1304183012891997,2,0,0.13105077096446774,0
837,Male,Young,Two,Four-wheeler,Gap,10.26848674857553,4.37080713363653,24.532629925871312,1.3739542156231555,5,0,0.38311144846922385,0
838,Male,Young,Single,Three-wheeler,Gap,21.70000368736025,4.341934367414026,8.967186181880237,1.648518299873204,4,0,0.33846865283916244,0
839,Male,Young,Single,Four-wheeler,Lag,16.856624358545773,3.490191296684631,23.54356301947375,1.5696221774929235,8,0,0.6642459151575985,1
840,Male,Young,More,Three-wheeler,Lag,20.482032515234252,1.3007763801424348,6.893407758918834,1.228676120126069,8,0,0.0410760600633733,0
841,Female,Middle,Two,Two-wheeler,Lag,16.442460464596763,2.42593946224353,3.9162857173592496,1.081652749608651,13,0,0.02829261571384739,0
842,Male,Elder,Single,Three-wheeler,Lag,22.740220682144066,1.6823254058684012,5.043269677906043,1.1221208255101316,1,1,0.6160020930245892,1
843,Male,Middle,More,Three-wheeler,Lag,27.055720728094343,4.7767583917457666,16.329188627969252,1.8550250242381305,6,0,0.3200766044597271,0
844,Male,Middle,More,Three-wheeler,Gap,12.453940199668246,2.8672695290179067,11.734820477163357,0.8343656539101172,5,1,0.24901038363286565,1
845,Female,Young,Two,Three-wheeler,Gap,24.46503403803701,2.1454210960626283,12.503406713787532,1.7447005309265093,6,0,0.15473185640724035,0
846,Male,Middle,Single,Four-wheeler,Gap,14.383419712884884,3.081080331646211,24.306798936943935,0.871557161676024,2,1,0.8859544387425905,1
847,Male,Middle,Two,Four-wheeler,Gap,17.548662932947533,1.8944757411481585,11.17817882781484,2.207775057884154,6,0,0.12123463658527736,0
848,Male,Young,Single,Three-wheeler,Lag,17.973476555927196,5.974229111873607,4.177899087229043,1.1804210482527238,8,0,0.36589530117574565,0
849,Female,Elder,Single,Two-wheeler,Lag,15.443868592137754,2.9529506009443955,15.09939361272281,1.5245569519638318,4,0,0.12559191361606464,1
850,Male,Young,Two,Three-wheeler,Gap,12.04367597440488,5.3518565433868375,6.050014478136955,1.518839860155996,8,0,0.13574736079385297,0
851,Female,Middle,More,Three-wheeler,Lag,24.130022879241164,4.108477551080757,12.49663997938778,1.5823093222377538,4,1,0.5446186876542175,0
852,Male,Elder,Single,Two-wheeler,Lag,24.606976559142616,3.7327422662106207,18.515355351298837,1.6089820487603699,5,1,0.8240549541866938,1
853,Male,Middle,More,Heavy,Lag,34.72257831336392,3.456694836516094,10.711904860238132,0.5868162430562133,12,0,0.07359790668251517,0
854,Male,Young,More,Heavy,Lag,28.464399435454016,4.1244328530902035,7.973741012563442,0.9754379534230204,0,0,0.07629026606460239,0
855,Male,Middle,Single,Two-wheeler,Gap,19.09735818873377,4.12063398321349,12.391382815575005,0.9189861511402466,4,0,0.1741782828178513,0
856,Male,Young,Single,Four-wheeler,Lag,13.832246104808913,1.213232988519151,4.398712601366457,1.4768149618686095,13,0,0.09123735042586989,0
857,Male,Middle,Two,Four-wheeler,Gap,7.722858594106018,5.144984582648822,7.857353425184323,1.4567407542793347,2,1,0.5022215677777135,0
858,Male,Young,More,Three-wheeler,Gap,20.461652592118153,3.1250868136400927,11.16646271114292,1.0048035781681701,5,0,0.04949230208219175,0
859,Male,Middle,Single,Four-wheeler,Gap,26.081954724324582,3.078193094544055,6.911220934715854,1.615734060512834,6,1,0.6426129095991983,1
860,Male,Elder,Two,Two-wheeler,Lag,16.557555660430737,3.2460534499343847,2.227145970502364,1.0225149369292685,8,1,0.17825160430023032,0
861,Male,Young,Two,Two-wheeler,Gap,15.2988359227191,4.117226040051133,12.56017171331326,1.0597683124103274,7,0,0.0871602713280655,1
862,Male,Young,More,Heavy,Lag,19.158605521554133,3.150567419357042,9.446643647141496,1.1243870590739296,7,0,0.044419314666197106,0
863,Male,Middle,Two,Four-wheeler,Gap,26.989448004935845,3.143664692893962,9.268733999027527,1.540530695293152,13,0,0.11858266993461242,0
864,Male,Young,Single,Three-wheeler,Gap,19.338779001994826,1.792194120822769,30.81252069768876,0.5096116543792613,5,1,0.9491460959690784,1
865,Female,Young,Single,Three-wheeler,Lag,23.329410665702518,3.2770921449279777,4.0594104096268975,1.8509237277778419,6,0,0.23763574843683657,0
866,Male,Child,Single,Heavy,Lag,19.491952136896234,2.3075136757379617,4.980911240552667,1.4681655822536626,14,0,0.06624015184084008,0
867,Male,Young,More,Three-wheeler,Gap,18.20536725354245,4.821763753747611,19.247704971497715,1.3379783722044598,2,0,0.17480702796501882,0
868,Male,Middle,More,Heavy,Lag,19.186399994171058,3.017401127316624,4.471252661645423,0.929111008492952,14,0,0.020246590451780806,0
869,Female,Middle,More,Four-wheeler,Gap,24.128444012111224,5.6630093216601765,20.94180947493512,1.6027317817379527,14,0,0.10056158143010172,0
870,Male,Young,Single,Three-wheeler,Lag,23.875515395691075,4.114637469402919,14.161303009866508,1.7662753510409908,14,1,0.9237139437442704,1
871,Male,Young,Two,Four-wheeler,Gap,19.056321314068896,4.374988457794836,11.573481979709435,1.240381284363342,1,0,0.1772557057858084,0
872,Female,Young,Single,Four-wheeler,Lag,16.55270898211265,5.500485911875807,7.345928052991608,0.9991975356494239,7,0,0.20529171223243411,0
873,Male,Young,Single,Four-wheeler,Lag,13.977012635729704,2.6843971893263743,8.745220236456657,1.103448561175552,11,0,0.17906988789321665,0
874,Male,Middle,Single,Three-wheeler,Gap,5.620364174971764,3.7363962422602284,17.67023046326269,1.1441654536829675,4,1,0.836974726653068,1
875,Male,Young,More,Two-wheeler,Gap,13.28876520016456,1.5930197707425997,2.728598378961757,1.015617873577123,7,0,0.003804492918649702,0
876,Male,Middle,Single,Two-wheeler,Lag,14.577727209461667,2.0466558945461215,16.205769964124833,1.49509635085928,3,0,0.3066588065300419,0
877,Male,Elder,Two,Four-wheeler,Lag,22.795807311268845,3.1207165367893857,17.722732873966276,1.0588739291071332,2,0,0.2718219789002563,0
878,Male,Middle,More,Four-wheeler,Lag,25.101473862146985,4.107702034638207,14.839256268846984,1.6631196373595873,11,0,0.13326697834261148,0
879,Male,Middle,Two,Four-wheeler,Lag,23.570485117409895,4.700275509116821,2.6484011808820593,1.1977083649940305,16,0,0.11614142177340818,0
880,Male,Young,Single,Four-wheeler,Gap,23.33810685661911,2.7490522460859967,15.617978856462331,1.3885385772885255,1,1,0.8071076596254456,1
881,Male,Young,More,Two-wheeler,Lag,33.84583195919117,4.347691472822484,15.197317820885056,1.995598709005139,2,1,0.6229627594616214,1
882,Male,Young,Two,Two-wheeler,Lag,29.954803371293927,2.6284450352848037,1.4409917397431258,1.1778409063634734,7,0,0.0664613690503864,0
883,Male,Middle,Single,Four-wheeler,Lag,16.5735083085598,1.134629343063489,19.845242659879343,0.8351064741961436,1,0,0.45669639611642693,0
884,Male,Middle,Two,Three-wheeler,Gap,14.123585827735045,1.7183664074811649,4.513398710685655,1.2954293584412915,7,0,0.06311153955794266,0
885,Male,Young,More,Four-wheeler,Lag,14.318468598891453,3.7930548061827993,23.657219966347007,1.2348794305677215,9,0,0.18729105910787164,0
886,Male,Young,Two,Two-wheeler,Gap,27.05280560120636,3.522337306186025,3.07376700424932,1.5980597837453572,5,0,0.05217038153490076,0
887,Male,Young,Two,Three-wheeler,Lag,12.966137676406657,2.7994985069998837,6.6168558881195665,1.738782146503584,9,0,0.17446646637883842,0
888,Female,Middle,Single,Heavy,Lag,17.71330492329704,1.1437690988052291,14.521206152391168,1.49568317068577,2,0,0.24832537053746687,1
889,Female,Middle,Single,Two-wheeler,Lag,20.445160642399127,3.7386173741137134,4.622540308937536,2.1270874603786316,4,0,0.1326663281373065,0
890,Male,Middle,More,Two-wheeler,Lag,21.63395534724712,4.633776639984655,5.605175981149679,0.970224291335357,10,0,0.026841290264605307,0
891,Male,Elder,Single,Four-wheeler,Lag,21.37616430265407,1.831104315370238,1.3794868549730328,0.931568531010912,1,0,0.06626963114721922,0
892,Male,Young,Single,Four-wheeler,Lag,24.46674603978164,4.300049652064911,17.68497747153674,0.997753805431986,4,0,0.6070687237859393,0
893,Male,Middle,Single,Heavy,Gap,21.03085061313563,3.948427132408444,2.1803468871618215,1.440758204120928,7,0,0.09927872773973731,0
894,Female,Middle,Single,Heavy,Lag,25.847707713168873,3.468394851223942,13.415897700916979,0.922761769381967,3,0,0.3474733572602179,0
895,Male,Young,Single,Four-wheeler,Lag,12.386724371568057,1.6650686200651477,12.510190315521402,0.6960774257781377,6,0,0.20938032908671136,1
896,Male,Elder,Two,Two-wheeler,Lag,26.04182895088325,5.2683383257208805,11.286320257687393,2.1775265265548707,10,0,0.1755185391029413,0
897,Male,Young,Single,Three-wheeler,Lag,21.29344107333322,3.462591069313773,9.009525964295824,1.0261151309050036,4,1,0.8558488768820055,1
898,Male,Middle,Single,Heavy,Lag,15.760477322850306,3.2243946650388704,7.718117510238767,0.9091505950996231,5,0,0.21468690392486228,0
899,Female,Middle,More,Three-wheeler,Lag,31.187893010320796,4.853694082321683,23.337350513504767,1.0782511539651145,0,1,0.8606798167061509,1
900,Male,Elder,More,Heavy,Lag,28.69435070315822,4.769382893811549,16.608475195232543,0.8169227914688169,8,0,0.08925280997219247,0
901,Male,Young,Two,Four-wheeler,Lag,25.721090323261855,4.265956520549978,21.193293195327037,0.5782997230257294,4,0,0.5523644936704292,1
902,Male,Young,Single,Two-wheeler,Lag,27.574572411882457,4.689023394237332,15.426884891078613,1.0149730374763077,11,0,0.418498869760449,1
903,Female,Middle,Single,Three-wheeler,Lag,18.340488467290207,2.1801549473737856,17.756360482188697,1.0537969386341115,1,0,0.4939975341111225,0
904,Male,Middle,Single,Four-wheeler,Lag,15.85075153943249,4.393611958039634,23.962457834518375,1.6451493082149429,10,1,0.9540925355040499,1
905,Male,Young,Single,Two-wheeler,Lag,14.971812830521651,2.9961499023707687,10.32039141043505,1.1660912027917105,10,0,0.15880388974369014,1
906,Male,Middle,More,Three-wheeler,Lag,26.425165631745543,4.88730320772684,20.4503692263722,1.5292736704064116,9,0,0.38271407536314794,0
907,Male,Young,Two,Four-wheeler,Lag,25.288754477813388,3.1322775561547056,2.3348388590537086,1.527794027250528,9,0,0.11041207053575607,0
908,Female,Middle,Single,Two-wheeler,Lag,31.531137497664325,1.7174377011990207,3.9699293854112785,1.6083288059220764,3,0,0.10905475374233127,0
909,Male,Elder,More,Three-wheeler,Lag,25.780843778204,3.270121526009766,10.934764776352548,1.8867160101675848,5,0,0.08134988491471608,0
910,Male,Young,Single,Four-wheeler,Lag,21.913020769629615,4.377422346067832,10.325873856912652,1.2370878606195579,5,1,0.8418389690205076,1
911,Male,Young,Single,Four-wheeler,Lag,14.054919896847668,3.533812838856662,10.063143626086141,0.7254836118917545,3,0,0.2625585782178552,1
912,Male,Elder,Single,Three-wheeler,Lag,14.582017444701927,4.404329308282849,11.727608546790464,0.5857662516609999,6,0,0.285819470794505,0
913,Male,Middle,Single,Heavy,Gap,19.6492642373207,1.5371883624220997,11.747823783315866,0.8595370288498738,8,0,0.13085843591382576,0
914,Male,Elder,More,Heavy,Lag,24.11733923454863,2.4345530915520612,19.04873480349508,1.6776698321974721,6,0,0.08312009832960034,0
915,Male,Young,Single,Three-wheeler,Lag,14.76707715169559,3.7250363317238766,8.51545581625161,1.3236638212114775,15,1,0.7799130293209154,1
916,Male,Elder,Two,Two-wheeler,Lag,27.712928865537446,3.179794663388172,8.007518127468416,0.787871395115204,8,0,0.0656125024581522,0
917,Female,Young,Single,Four-wheeler,Lag,22.69860469412172,4.09976322334991,14.756091204090943,0.7755557506929851,5,1,0.8221061400810262,1
918,Female,Young,More,Three-wheeler,Gap,17.281905302065084,5.686818097372829,13.712440306914765,1.8109628279278638,5,0,0.07814112556269955,0
919,Male,Young,Two,Four-wheeler,Lag,26.759492913112894,4.031425347139934,17.780171618156242,1.2613125212040803,7,0,0.4778019491253861,1
920,Male,Middle,Two,Four-wheeler,Lag,21.41811453859466,3.279313772661413,7.887083478630431,0.8374343721641939,5,0,0.17313841884169048,0
921,Female,Elder,Single,Three-wheeler,Lag,23.5057143068749,3.6598489968425336,1.2240708991891616,1.8244797209127857,3,1,0.5391363693403827,1
922,Male,Middle,More,Three-wheeler,Lag,18.388816956728245,5.18258903527948,22.409145564155864,1.5067992308897238,6,0,0.40235996762960197,1
923,Male,Middle,Two,Three-wheeler,Gap,18.507051564560808,4.075389061040606,2.367020600077474,1.2135615722948676,8,0,0.0890056731055493,0
924,Male,Young,Single,Heavy,Lag,7.997955948452306,4.568892675859963,14.318601956905221,1.199255938105686,5,0,0.3711415418709739,0
925,Female,Young,More,Three-wheeler,Lag,20.55164208210015,2.907502892765377,8.103855099963466,1.442988416943048,4,0,0.04997630389070624,0
926,Male,Young,Single,Heavy,Lag,23.990018314755936,4.329568795014344,9.818495907470329,1.0543231954135486,3,1,0.8373556637506105,0
927,Female,Child,Single,Two-wheeler,Lag,30.402603548692674,2.2582069247170566,18.016982604465003,3.0049955466598064,5,1,0.7675518832830861,1
928,Male,Young,Two,Four-wheeler,Lag,26.95000023373008,4.350367914974732,9.752586264890063,1.6011988556464487,3,0,0.332817448258502,0
929,Male,Middle,Single,Heavy,Lag,12.468607507661996,4.970095817899535,4.774876507705507,1.4032238728921986,9,0,0.20397036990409131,1
930,Male,Middle,Two,Three-wheeler,Lag,31.483720982278406,5.091350745897067,15.880929693929328,1.4621289979638519,8,0,0.6701087420298215,1
931,Male,Middle,Single,Two-wheeler,Lag,14.228572534314527,2.1380610150829007,1.6639032781580934,2.4870761889940067,4,0,0.09912283906725929,0
932,Male,Young,Single,Four-wheeler,Lag,10.4464704861827,4.691532159623613,7.280781338640391,0.5064405858011379,17,0,0.14693982088104637,0
933,Male,Young,Single,Four-wheeler,Lag,23.778659357577457,2.100571173895977,11.742702110769828,0.5429157051324649,8,0,0.26671859388720603,0
934,Male,Child,Single,Three-wheeler,Lag,27.380943324520864,3.4654902426699223,10.05565480482934,1.6019550910137772,2,0,0.3717374748211773,0
935,Male,Young,More,Three-wheeler,Lag,29.192241414253864,4.107769303563197,13.189351028928986,0.89135692127952,10,1,0.6104578738232193,1
936,Male,Young,Two,Four-wheeler,Lag,25.25273950463939,3.483234685241412,9.113483423855893,1.4591462663607642,9,0,0.22111174897740946,0
937,Male,Young,Two,Two-wheeler,Lag,15.416473908230294,3.035005887119459,9.2683062602405,1.2424085324078629,6,1,0.4920769975004798,1
938,Female,Child,Single,Four-wheeler,Lag,14.334904516037147,4.112215794444898,8.562061233801808,1.030987050102797,3,0,0.0972782049297009,0
939,Male,Middle,Two,Three-wheeler,Lag,11.368305479109809,4.034806224488108,19.651699731095494,0.9211624383887378,10,1,0.8864940380308738,1
940,Female,Young,Single,Two-wheeler,Lag,21.177907914595934,3.784750703463155,1.5735054767563046,1.5888623728379154,2,1,0.4408210870693103,0
941,Male,Young,Single,Four-wheeler,Lag,19.83928502124539,3.6173379854567145,22.130270172185867,0.8360613663691626,5,0,0.6322093934005375,0
942,Male,Young,Two,Three-wheeler,Lag,13.17384594331508,4.188466722802791,8.72406258657929,0.817380697967959,10,0,0.2125206670248969,0
943,Female,Middle,Two,Heavy,Gap,19.524375645867327,3.2350428121708097,8.836534194515378,1.1731945516728395,10,0,0.05447829771581189,0
944,Male,Young,More,Three-wheeler,Lag,20.968534483510005,1.8327777972539907,15.255215338332112,0.7528397871249414,7,1,0.48623671224891496,0
945,Male,Young,More,Three-wheeler,Lag,23.33345343950995,3.644853242319359,9.229653642879569,1.4039039042594113,0,0,0.12409667699914408,0
946,Male,Middle,More,Three-wheeler,Lag,18.805301144498436,4.252043912092283,13.12413460914783,2.367197394346665,4,0,0.2106796279872334,0
947,Male,Child,Single,Three-wheeler,Lag,17.376844636295232,2.8994761788678862,20.30929381437165,1.5453611801534426,11,1,0.8758248130742665,1
948,Male,Elder,Single,Four-wheeler,Gap,22.416695855872618,2.2647951655481053,18.261397645462146,1.3576217584565686,9,0,0.1905220098890069,0
949,Male,Young,Single,Four-wheeler,Lag,22.705423675464974,5.175120048072735,11.35615307811857,1.11958086898879,10,0,0.41974546420601,0
950,Male,Young,More,Four-wheeler,Lag,16.600185663503698,4.866274450386621,15.060389608531352,2.2954261169711625,1,0,0.17457061884490072,0
951,Male,Young,More,Three-wheeler,Lag,8.835244744423955,3.8966729973612657,9.29927554766505,1.7827657512996402,13,0,0.06035363038084659,0
952,Male,Young,More,Three-wheeler,Gap,28.980954158577855,4.497795599852342,16.38307610059248,1.6619974856969677,3,0,0.18429409987394985,0
953,Male,Young,Single,Two-wheeler,Gap,23.89119267729379,5.782918966871292,5.309487539615366,0.9193832468707432,4,0,0.13028618859285002,0
954,Female,Middle,More,Four-wheeler,Lag,15.341728538760856,3.742474428956921,2.406146340332608,0.7602654224824217,11,0,0.01125684713412764,0
955,Male,Young,Two,Three-wheeler,Lag,20.944921952767093,2.704042162676785,11.788251209435012,0.8464223529102699,5,0,0.305444620419509,0
956,Male,Middle,More,Three-wheeler,Lag,21.36481160246401,3.962272338760678,6.192536578276227,0.9568687416047488,8,1,0.3748978868409666,0
957,Male,Young,Two,Three-wheeler,Lag,13.63935251883743,5.1961403420632655,15.315653872377364,0.6827571623542369,7,0,0.43458178548835485,0
958,Male,Child,Single,Three-wheeler,Lag,15.152329721259422,4.133977112550249,3.8181911000536477,1.8032441236851575,11,0,0.14419723674659904,0
959,Male,Young,Single,Four-wheeler,Lag,29.582342078482156,1.4348290859625812,1.2928748785258044,0.8570585515286245,2,0,0.13685351114269287,1
960,Male,Middle,More,Four-wheeler,Lag,20.13116269189097,5.215971526649779,14.234182659617968,0.914832636578633,1,0,0.14485886350877156,0
961,Male,Young,Single,Heavy,Gap,15.147958412675717,4.365385853371785,11.110106758080635,1.8025899447705855,7,0,0.21742794206042826,0
962,Male,Elder,Single,Two-wheeler,Lag,24.684863570215114,3.231301123571082,22.95846111906141,2.044978629181535,11,0,0.44010588329663974,1
963,Female,Middle,Single,Three-wheeler,Gap,19.605282150947907,6.204795793056521,6.7899633246914215,0.9083200901716348,13,0,0.18050178789696553,0
964,Female,Elder,Single,Two-wheeler,Lag,22.00318913215536,4.2455823961197,4.317119547548782,1.0013134247675841,5,0,0.05552218962505758,0
965,Male,Young,More,Four-wheeler,Lag,17.045904498285875,4.670344526637406,1.7524937706367485,1.6265903441655096,9,0,0.027706080705114086,0
966,Male,Middle,Single,Four-wheeler,Lag,11.319585759567362,5.451032353351855,10.16371145741306,2.1185760780210376,5,0,0.4283818658985863,1
967,Male,Middle,Single,Three-wheeler,Gap,14.58417361561969,1.5815910779679476,3.8063473655379196,1.414010636972267,4,1,0.4997696298819255,1
968,Female,Middle,More,Four-wheeler,Lag,30.747585156149952,4.447540578881817,16.37350773250268,1.1739298989148825,0,0,0.1577411823706276,1
969,Male,Elder,Two,Three-wheeler,Lag,21.782980687310065,3.183030229861363,3.104657404964712,1.445459015015336,3,0,0.11058606031210903,0
970,Male,Middle,Single,Three-wheeler,Gap,25.386754843963292,4.89629682697406,21.094479074444337,1.5944189592494025,2,1,0.9611391785306758,1
971,Male,Elder,Single,Three-wheeler,Gap,9.00050525043255,4.953920963756913,11.790329697727616,0.7412027753824337,4,0,0.16741968357941925,0
972,Female,Middle,Single,Two-wheeler,Lag,24.074665548506324,4.685468456366488,14.6441962684218,1.165709190987042,4,1,0.8079949229621315,0
973,Female,Young,Single,Heavy,Lag,19.807415708968705,4.467064598963153,4.4855544340540785,1.7327000484937365,11,0,0.14766030052166118,1
974,Male,Middle,Single,Four-wheeler,Lag,22.410981472712926,4.5303037153316215,3.53776895979387,1.4859492618016852,3,0,0.2781102132897831,0
975,Male,Young,Single,Four-wheeler,Gap,17.98604873168733,2.8905729630981165,8.64727842039721,0.8096783654527195,10,1,0.5003962719135152,1
976,Male,Elder,Two,Four-wheeler,Lag,21.742884619005608,3.2458604686073844,11.442079257271526,1.5560959508565388,11,0,0.13429397909455076,0
977,Male,Middle,More,Four-wheeler,Lag,10.103701053544558,2.129522037919597,12.39060043529486,1.436342283225188,6,0,0.04575561629007878,0
978,Male,Young,More,Three-wheeler,Lag,10.701538619696109,4.694949297890617,8.24041935011395,0.9644675864000164,9,0,0.06104758066067494,0
979,Male,Young,Single,Two-wheeler,Lag,24.70994831669634,3.9857354378939784,7.243911016584564,1.0610224318882253,4,0,0.21826297515763968,0
980,Female,Young,Single,Three-wheeler,Lag,13.598703826490999,3.878472906730128,26.044333037876807,1.0258695049759623,0,0,0.7437722598812317,1
981,Male,Young,More,Heavy,Lag,8.177807964262563,2.711093177266353,7.243904329154001,2.397026580799248,8,0,0.029916155394904928,0
982,Male,Young,More,Heavy,Lag,27.6045358342879,3.885845927850273,4.637240228271983,0.8549045116437712,7,0,0.03825925978604685,0
983,Male,Middle,Two,Four-wheeler,Lag,16.51732570264778,3.3930768324537364,8.74498674876748,1.678046226481058,6,0,0.19664335385615542,0
984,Male,Middle,Single,Two-wheeler,Lag,21.183835716658653,6.547243750186078,7.793189268808623,1.273372183479897,12,1,0.7684935224600536,1
985,Female,Middle,Single,Two-wheeler,Lag,25.56316190562925,4.862490527188373,9.788526038968772,1.784129142975453,9,1,0.7299580195013008,1
986,Male,Young,Two,Heavy,Lag,23.72567389368979,3.6098925293441444,13.253012676812274,2.2179081281735966,5,0,0.3741450801188286,0
987,Male,Young,Two,Two-wheeler,Lag,10.758121639102304,4.592273745932438,12.880553033068033,2.0610328815785683,1,1,0.7215501160670234,0
988,Female,Young,Single,Four-wheeler,Lag,20.877832086664007,2.377927443412668,14.682933574545903,1.7263907106234213,11,1,0.7620282798131743,0
989,Male,Elder,More,Three-wheeler,Gap,20.606621970945916,2.0505156659507104,5.03304119782915,1.1411275238594742,16,0,0.007721526746779972,0
990,Male,Young,Two,Three-wheeler,Lag,17.863974895216977,3.9358549689945947,2.4148145062536965,0.9728438151684051,8,0,0.1420371048924436,1
991,Male,Young,Two,Four-wheeler,Lag,23.860530044580475,4.264214214443375,16.743195306123404,1.0319777616277452,9,0,0.4019212873278173,1
992,Male,Young,Single,Heavy,Lag,30.050591754713334,1.7067438226291032,6.226858680083087,1.4183248071926302,6,0,0.22735713031842675,0
993,Male,Middle,More,Four-wheeler,Lag,14.173837427246518,2.5354198088068056,7.997575791879998,1.058505000104021,3,1,0.23215240288991318,0
994,Male,Young,Two,Three-wheeler,Gap,14.126568159588153,3.64428392068755,10.354339651784837,1.1652466632854197,12,0,0.13122590966669564,1
995,Male,Middle,Single,Three-wheeler,Gap,23.532637493347373,1.7871062445899177,15.053166139652209,0.6787905481791764,8,0,0.3083202355238376,0
996,Male,Middle,Two,Heavy,Gap,19.377530190141556,3.2998882412215824,5.1751548696754135,1.5799644066679823,7,1,0.38967075678703794,0
997,Male,Middle,Two,Three-wheeler,Lag,24.638271282204443,3.4766576054735743,20.257153498654297,0.7390886870723642,8,0,0.5964270068303896,1
998,Female,Young,More,Three-wheeler,Lag,14.02531798385143,5.253698376264152,8.098613814738686,1.0528101498931302,6,1,0.32235117849696077,0
999,Male,Young,Single,Four-wheeler,Lag,10.371178083043095,2.9551836794533,26.253643819932165,1.342485547556288,1,1,0.9485907416550377,1
1000,Male,Young,More,Three-wheeler,Lag,22.923516172741802,2.3968045813779053,7.469927651035058,1.2739867789304182,8,0,0.060476193788973745,0
1001,Female,Young,Two,Two-wheeler,Lag,33.961481627281074,1.1612411821395354,15.250114590342477,1.8151055334677337,0,0,0.21445723465885344,0
1002,Male,Middle,Single,Four-wheeler,Lag,12.728653966715761,2.1655323809147005,9.034925677678121,1.4252783652029883,3,0,0.22855675623072771,1
1003,Female,Young,Single,Four-wheeler,Lag,26.177724765092435,4.354554456228289,17.974603038578042,1.6084140222670253,2,0,0.5769592452332686,1
1004,Female,Young,Single,Two-wheeler,Lag,18.38658706937491,3.363743130076435,10.46660515648928,1.0126207635752094,4,1,0.585490530120413,1
1005,Male,Young,Single,Three-wheeler,Gap,8.513261099963566,2.526210537656207,19.047605741912633,0.7749246399331875,12,0,0.28402362788780633,0
1006,Male,Middle,Two,Heavy,Lag,20.15940144395023,5.351495978535613,15.869703919519722,1.5387088372283686,1,0,0.5086091312605489,1
1007,Male,Young,More,Four-wheeler,Lag,16.74106661493782,4.501702481660665,12.575851134030037,0.8093721633565709,4,0,0.07957780976127915,0
1008,Male,Middle,Single,Four-wheeler,Lag,22.850972132009705,2.1256617317827047,6.835617366095524,1.6869118399340335,9,0,0.22755937201360993,0
1009,Male,Young,More,Two-wheeler,Lag,16.888946617618434,2.794272671122542,7.01457751401806,1.9744365785525437,11,0,0.02157457390725128,0
1010,Male,Elder,Single,Heavy,Gap,19.761731625244177,4.7893241131153745,28.25935366909162,0.9874204625282632,9,0,0.4948813917197565,0
1011,Male,Middle,Two,Heavy,Lag,15.33106363972682,4.1418787419272896,21.329079824417263,1.5647413640943206,14,0,0.4487686582644634,0
1012,Male,Young,More,Three-wheeler,Gap,25.320930342617913,5.476297975886357,4.647839269985637,1.1680116640232403,8,1,0.2802645561921273,1
1013,Male,Child,More,Three-wheeler,Lag,28.085260436755753,1.8871588094684302,5.977390692968349,1.0072030622400576,9,0,0.023762843876155442,0
1014,Male,Young,Two,Four-wheeler,Gap,18.64887156972499,4.4515698414457185,3.9455875255880626,1.161016988435351,5,0,0.0718573848320566,0
1015,Male,Young,Two,Four-wheeler,Lag,19.29927184361824,1.8883022319620584,5.924865063371085,1.4103990831855073,4,0,0.11522354421732725,0
1016,Female,Young,Single,Four-wheeler,Lag,31.738369987301976,3.024426596070751,7.554854404658599,2.296626214998706,6,0,0.2912296348446545,0
1017,Male,Elder,Single,Heavy,Lag,14.050842095013198,4.353796465312223,18.00505445810558,1.0084795907615796,9,0,0.31668135093706895,0
1018,Male,Middle,Single,Four-wheeler,Lag,24.90774038221587,4.207183895345293,3.673569007769312,1.4866467785242337,8,0,0.253334803403638,0
1019,Female,Young,Single,Three-wheeler,Gap,20.96789358438105,1.0564323291034894,19.459308708125477,1.0502630268678392,9,0,0.26220270285253144,0
1020,Male,Middle,Single,Three-wheeler,Lag,26.616641601560872,2.5394334815872384,24.762066595333177,0.9474833542883677,7,0,0.8035226285086046,0
1021,Male,Young,Single,Four-wheeler,Lag,16.963864513535896,4.4644907770812745,7.405070416449614,1.3920489599565444,9,1,0.7480976585383752,1
1022,Male,Elder,More,Three-wheeler,Lag,17.02423813505881,2.1898310824504064,10.36358427691385,1.5651668420366176,2,1,0.28342509249724646,0
1023,Male,Child,More,Three-wheeler,Lag,17.49313858646192,2.9906956442342483,11.593338806436286,1.5021985831659606,4,0,0.051330195256528835,0
1024,Male,Middle,More,Four-wheeler,Lag,8.4953731566395,2.463748646729842,6.008596831870179,1.9726552755607027,7,0,0.025908798911403623,0
1025,Male,Middle,Two,Three-wheeler,Lag,14.693493005796771,2.109236597041802,15.376810869406576,0.731713433514763,0,0,0.3615547547310181,0
1026,Male,Young,Single,Four-wheeler,Lag,33.92398920269628,4.72438847907998,12.469553210130249,1.2848185547237485,12,0,0.5257603047052102,1
1027,Male,Young,Single,Two-wheeler,Lag,16.230864181080193,1.7754224759491344,4.068360742279172,0.9972085350438072,3,0,0.0818840391939081,0
1028,Male,Young,Two,Three-wheeler,Lag,8.84465798845368,3.6405670952312477,19.992349450094686,1.6555372368486516,1,0,0.5597059658279311,1
1029,Male,Elder,Two,Three-wheeler,Gap,16.735855144089143,4.142706731416739,7.763969029986598,0.6412474934867325,8,0,0.06572180896884719,0
1030,Male,Middle,Single,Four-wheeler,Gap,18.72178660025014,1.744991373047043,5.02396471431596,0.843257521404752,3,0,0.08054717297385992,0
1031,Male,Middle,Two,Four-wheeler,Lag,20.69126206121712,3.94481786720229,26.117107027347522,1.5815328270296782,7,0,0.68690872307319,1
1032,Male,Middle,Two,Three-wheeler,Lag,11.78102130021552,3.0159438082989176,3.8551576759025767,1.0734686043636061,3,0,0.14291597392029262,0
1033,Male,Middle,Single,Three-wheeler,Gap,24.544502052773197,4.7092743660192,2.7866826304900245,1.4547716478956212,2,0,0.24826272457138712,0
1034,Male,Young,Single,Two-wheeler,Lag,25.264142687300474,4.5448311614276555,6.607699968944494,2.6347468545285757,9,0,0.28755918424163396,0
1035,Male,Young,Single,Four-wheeler,Lag,15.576043427121252,4.528687171862554,8.059662427169018,1.1933821601474135,5,0,0.285587935768776,0
1036,Male,Middle,Two,Heavy,Lag,24.70162272590497,3.221462268548577,9.989647315747893,1.276049179472093,7,0,0.23049358639055167,0
1037,Male,Young,More,Four-wheeler,Lag,18.034192266036367,4.656724618313648,14.420347780608672,2.1569978291200242,3,1,0.596333361456387,1
1038,Male,Middle,Two,Three-wheeler,Lag,18.9329678645442,3.933699016745349,8.850540519086923,1.543147992291991,7,0,0.3204999620936453,1
1039,Male,Child,Two,Four-wheeler,Lag,28.542756345230863,3.1589681060237496,12.108823895428996,0.8736505290647782,5,0,0.15734894624041232,0
1040,Female,Young,More,Three-wheeler,Lag,26.940312853975737,1.9178852434606553,1.2048542052594993,1.6336514353382832,1,0,0.027799482281989432,0
1041,Female,Middle,Single,Two-wheeler,Gap,18.237120435175356,1.8180696647005232,9.173059644867351,1.2565793515814816,9,0,0.0474672891469377,0
1042,Male,Young,Two,Two-wheeler,Lag,19.851771255092384,2.7307528144685307,22.468375662843197,1.6057112137940421,7,1,0.8382643951594715,1
1043,Male,Young,Two,Two-wheeler,Lag,16.867552898582602,2.900923539758446,16.354513910359223,1.3520677333978979,13,0,0.18035806233934681,0
1044,Male,Young,Two,Two-wheeler,Lag,20.235428517864634,5.30215143516816,15.5772136563636,0.9158017510626082,10,1,0.7557362183671628,1
1045,Female,Young,Single,Four-wheeler,Lag,22.66899334666606,6.990029095291388,7.80440220588954,1.6511094405916196,7,0,0.36367942596913777,0
1046,Male,Middle,More,Three-wheeler,Gap,12.659236785219854,2.279262554615481,10.897861409520512,0.4771715098490522,1,0,0.03202515618764523,0
1047,Male,Young,More,Four-wheeler,Lag,27.871083644778743,5.446879818618382,18.21056490971349,1.8022728027988264,9,0,0.25713367812770677,0
1048,Male,Child,Single,Heavy,Lag,23.265436652470154,4.191298213550009,19.387511902174705,1.6584642317200562,7,0,0.4580881462433381,1
1049,Male,Young,Single,Three-wheeler,Lag,12.79137726218487,3.526765973425554,14.933437319267247,2.1177069416379286,10,0,0.5408901423081538,0
1050,Male,Elder,Single,Three-wheeler,Lag,26.298350656038426,5.581959574219068,10.368715988112339,0.5776998857830198,7,0,0.3972303890300613,0
1051,Male,Young,More,Four-wheeler,Lag,23.68689590496691,4.216775556617683,3.134522817555977,1.1683458999489134,0,0,0.04346568781700194,0
1052,Female,Elder,Two,Two-wheeler,Lag,17.294796246078285,3.8183547856271365,4.230208780161432,0.8332779044975502,10,0,0.020527540963839512,0
1053,Male,Elder,Single,Three-wheeler,Lag,20.31974283605796,2.570174109456095,1.0199662034175407,1.095894419488659,10,0,0.09081908597793502,0
1054,Female,Young,More,Three-wheeler,Gap,26.071002663661737,2.705018853099394,8.740594886071449,1.0794628838771896,2,0,0.030081188807138018,0
1055,Male,Middle,Single,Four-wheeler,Lag,30.348994310135637,5.172560806507281,1.7609351334148453,1.3508943506942348,8,1,0.7663511284267681,0
1056,Male,Middle,Two,Four-wheeler,Lag,16.777898084055387,2.5921624359723667,10.009962932187616,1.168115118673447,6,0,0.17110916858341166,0
1057,Male,Young,Single,Four-wheeler,Lag,22.185919775669994,1.50504523475578,12.78027082288667,2.087585875963427,7,0,0.3560533387493961,0
1058,Male,Young,Two,Four-wheeler,Lag,26.073922582792868,2.784519032073392,12.750646771986585,0.9809998282293781,12,0,0.23043555580022312,0
1059,Male,Middle,Two,Three-wheeler,Gap,32.519846942209625,3.4720365095800796,12.038958873515758,1.1469979690233127,3,0,0.33396057154527387,1
1060,Male,Middle,Single,Four-wheeler,Lag,11.867746093009758,3.1692865607639837,6.396350405038474,1.479560785783457,0,0,0.22858793061820465,0
1061,Male,Middle,Single,Four-wheeler,Lag,20.069541637272575,5.3775521883188215,11.420942302622786,0.979461281701671,3,0,0.47318387099892384,0
1062,Male,Elder,More,Three-wheeler,Lag,26.422629975652978,3.2830429235885243,25.79760860811991,1.5110708416000616,12,0,0.26017734590973907,1
1063,Male,Young,Two,Heavy,Lag,6.194886125942247,5.017019210912765,10.16988599240457,1.490382372894767,3,0,0.20458765360793169,0
1064,Male,Middle,More,Four-wheeler,Lag,19.134207398751816,3.821515195244411,19.185193743596372,1.4951639642994716,8,0,0.1665361428518448,0
1065,Male,Middle,Two,Three-wheeler,Lag,21.209919282672725,3.6042384267746312,9.114452452511559,1.4460968721533767,10,0,0.3023220014496178,1
1066,Male,Young,More,Two-wheeler,Lag,20.390877695534797,2.3581109482151197,13.240769813978606,1.656427059232678,10,0,0.04186527745455193,0
1067,Male,Young,Single,Three-wheeler,Lag,23.499142295481235,2.801654760722725,10.79158733779997,2.44509965906392,0,0,0.5883563607249694,1
1068,Male,Young,More,Four-wheeler,Lag,11.654945422474661,4.8854454696801906,14.488909817770402,0.6261391010447113,0,0,0.09474938247943045,0
1069,Female,Middle,Single,Two-wheeler,Gap,24.447714280359676,4.470176542620532,20.048855108237237,1.2354113285130615,17,0,0.22720021993372483,0
1070,Male,Young,Single,Three-wheeler,Lag,16.81244943101384,3.3713696269476827,10.10793416970106,1.648735714854797,6,0,0.43107450699240873,0
1071,Male,Middle,Single,Four-wheeler,Lag,25.236562416689758,5.154079094162893,15.948234068390104,0.4701689274147186,1,0,0.6147181165388522,0
1072,Male,Child,Single,Four-wheeler,Lag,18.881151585637244,4.641034725097926,19.474733906490243,1.2899583037622837,0,0,0.48839373603018527,0
1073,Male,Young,More,Four-wheeler,Lag,10.551666419056597,2.112811870521069,16.711736072657104,1.4266747934127002,10,0,0.060659652572969604,0
1074,Male,Middle,More,Four-wheeler,Lag,30.044319531012867,3.8569758333412922,1.796437760504043,0.8664999635971118,12,0,0.02934687982193435,0
1075,Male,Young,More,Three-wheeler,Lag,24.35496387074546,4.549957149725579,1.016454462763292,1.126631738821939,6,0,0.05039800422566578,0
1076,Male,Elder,Single,Two-wheeler,Gap,17.829779514064906,4.591775892465424,19.49023391427207,1.6090716302553794,5,0,0.22354639804656137,0
1077,Male,Young,More,Four-wheeler,Lag,16.593424915413014,1.9883168783057026,15.328229351320985,0.6514442875616211,8,0,0.05397325417066883,0
1078,Male,Elder,More,Two-wheeler,Gap,21.278463960938932,2.629686512902903,23.433580098959403,0.7792561753713618,0,0,0.040058015348621294,0
1079,Male,Young,Single,Three-wheeler,Lag,32.37870501487886,3.2659848584501145,7.594259478207676,1.6575061157818285,12,0,0.44859298869517206,0
1080,Male,Elder,Two,Heavy,Lag,16.92708036354241,2.7315958264511035,16.67270670081898,1.6420243635223981,3,1,0.6887637626985041,1
1081,Male,Middle,Two,Three-wheeler,Gap,29.11268808488513,2.0948345878238728,17.01444161929547,1.342449530506495,3,1,0.8355686859738731,1
1082,Male,Young,Single,Four-wheeler,Lag,17.56373799017728,3.9298932510876035,18.609280670683567,1.1440924915784783,4,0,0.5616380136858613,0
1083,Male,Young,Two,Four-wheeler,Lag,23.022990246067042,3.5536552569297877,14.556909537239068,0.7285911418772026,1,0,0.34132795348594763,1
1084,Male,Young,Two,Four-wheeler,Lag,18.334515096273112,2.3337757718182424,4.64546906928616,1.645878668837516,5,1,0.5072810293883859,0
1085,Male,Middle,Single,Three-wheeler,Lag,12.401479002702185,3.7956221364723453,14.336886676605126,0.934919029016554,9,0,0.4742510525416913,0
1086,Male,Middle,Single,Three-wheeler,Lag,28.533938650803137,1.7807745583070924,12.90452139559461,1.8704509693414135,6,0,0.5666716739989281,1
1087,Male,Young,Two,Two-wheeler,Lag,14.561470896236985,3.1726662063254305,8.306864840231576,1.587444701591385,8,0,0.09767967013342116,0
1088,Male,Young,Two,Four-wheeler,Lag,28.931246853622053,4.522767000144708,6.06458584117086,0.6812191618886124,3,0,0.21813313410526572,0
1089,Male,Middle,More,Three-wheeler,Lag,12.99545299361538,5.023426937411198,19.569848715886383,1.396510851717367,5,0,0.27829213216264775,0
1090,Male,Middle,More,Three-wheeler,Lag,16.541357664289933,2.707960391471802,4.72330932460187,1.8934160668053956,6,0,0.05199928615424829,0
1091,Male,Middle,Two,Four-wheeler,Lag,27.91166253346797,4.842926837285319,9.796239384307176,1.7809462675904315,7,0,0.36493668503898063,0
1092,Male,Young,Two,Two-wheeler,Lag,22.307268617494213,5.03450130680452,13.236273673776703,1.3696966135432527,3,0,0.2952654377771254,0
1093,Male,Middle,Two,Three-wheeler,Lag,15.107972810480796,3.859984326373792,24.746796881862068,0.8375262598278876,10,0,0.6447449381260371,0
1094,Male,Elder,Two,Two-wheeler,Lag,21.323585764019093,6.052727399081888,14.142196130685443,1.4527538553387496,1,0,0.24184136671360257,0
1095,Male,Young,Single,Three-wheeler,Lag,14.91903353029523,2.711456061928016,7.810700382423629,1.4346924405287,1,0,0.3428197384971201,0
1096,Male,Child,Two,Two-wheeler,Lag,26.443563951819776,1.8343183408969552,2.8121224685595205,1.34048724058877,3,0,0.03294826908749137,0
1097,Male,Young,Two,Two-wheeler,Lag,10.926792480201723,4.758501689518224,8.032743112240173,0.9658561455915599,8,0,0.09724203207266899,0
1098,Male,Middle,Two,Heavy,Lag,20.43715088876492,3.5034899486417386,7.599593636191569,1.833915569174103,1,1,0.7117693251202301,1
1099,Male,Young,More,Heavy,Lag,11.567660198442779,3.0562224101761615,17.47994734130256,1.241545497373027,0,0,0.10077669236726747,0
1100,Female,Elder,Two,Four-wheeler,Lag,22.87684848828299,1.7253149264090988,9.033504934905723,1.0049035471672056,6,0,0.05202049714788957,0
1101,Female,Middle,Single,Four-wheeler,Lag,28.516614683949342,1.8012239225780382,3.7507706205479048,0.9524200643476106,4,0,0.12289829606406204,0
1102,Male,Young,Single,Four-wheeler,Lag,25.386338883378638,1.984327389225548,19.028582141939573,0.9850455655700345,2,0,0.5453605584390194,1
1103,Male,Middle,Single,Heavy,Lag,18.18717571678213,2.4626866388602853,1.5971212275974693,1.1947841785762205,8,0,0.11056958228588268,1
1104,Male,Young,Single,Three-wheeler,Lag,16.01656933432372,5.809788998747619,1.1116484667334454,0.9205110091131288,8,0,0.2527154366406577,1
1105,Female,Middle,Two,Two-wheeler,Lag,13.505723479855192,2.838201528644795,10.672948807403897,1.2583441750806528,2,1,0.43677310456405155,1
1106,Male,Child,Single,Four-wheeler,Lag,26.421505995938993,4.631203588781602,3.0341885264208663,0.8669023629976046,3,0,0.1338199779421971,0
1107,Female,Middle,Single,Heavy,Lag,12.261522078679738,1.346946930421451,5.448734811695561,0.9724407267622813,5,0,0.07223804618136116,0
1108,Male,Elder,Single,Three-wheeler,Gap,21.8605046061877,2.9756049663876487,26.737791021703632,0.7535147347749891,17,1,0.8626103538214444,1
1109,Male,Middle,More,Three-wheeler,Gap,18.121103874897887,5.133426802292767,18.205772897442998,1.076675659546554,9,0,0.1368992686558081,0
1110,Female,Middle,More,Three-wheeler,Lag,34.311646735544045,2.468688985615431,16.100710203733417,1.132492479123758,4,0,0.16273803766138464,0
1111,Female,Young,Single,Three-wheeler,Lag,20.14257122418198,2.8473395221299747,14.13864170148922,1.1299304763020643,14,0,0.33081185592209184,0
1112,Male,Middle,Single,Four-wheeler,Gap,20.705460325616205,4.675436101142163,2.4664919280741033,1.5125675972622648,6,0,0.12800228157844531,0
1113,Male,Middle,Single,Three-wheeler,Lag,27.798905921498466,2.1643611007695247,17.95477612198484,1.2198625249388837,5,0,0.6772433208877394,1
1114,Male,Middle,Single,Heavy,Lag,30.46612827757116,1.7078364502213617,10.613324925056991,1.4694173466639509,13,0,0.29931676302261156,1
1115,Male,Young,Single,Four-wheeler,Lag,21.201843131891813,5.737764842827456,3.7477490046551196,0.5713901566063796,9,0,0.22210673712887827,0
1116,Female,Young,Single,Two-wheeler,Lag,24.657281308458995,3.240482391102961,7.73884633377296,1.1671656119748988,7,0,0.1267780899729507,1
1117,Female,Middle,Single,Four-wheeler,Lag,21.948765151406185,4.024817752826618,11.12979897286614,0.6987664142943589,7,0,0.25762012292956477,1
1118,Male,Young,More,Four-wheeler,Lag,18.994224027764975,2.194949976380223,1.460095752837704,1.1959190775380044,15,0,0.012352584823353855,0
1119,Male,Middle,Two,Three-wheeler,Lag,11.292355761534573,2.6124070877651038,6.879796992496139,1.3719118142689588,2,1,0.6648364475154791,1
1120,Male,Middle,More,Three-wheeler,Lag,23.24668459739929,3.4095869558376024,8.345325822936276,1.6209979054647348,4,0,0.10868649473878118,0
1121,Male,Elder,Single,Four-wheeler,Gap,22.96098950940718,4.082704723580528,10.489727422227057,1.2957702403017621,5,0,0.14133896567038545,0
1122,Female,Young,Single,Three-wheeler,Lag,13.3861643509786,2.8792437666338775,1.0771159938271708,1.102240541468172,16,0,0.07510717694573103,0
1123,Male,Elder,More,Two-wheeler,Lag,15.892337356181763,4.989092802056375,12.214920710259598,0.9642309047484268,1,0,0.03225800751133514,0
1124,Female,Young,Single,Three-wheeler,Gap,23.488173898055486,4.475070077019874,5.8531915570056245,2.041290107955557,2,0,0.22667171870130556,0
1125,Male,Young,Two,Three-wheeler,Lag,14.234060785941253,3.6879958141551508,12.775077571755556,0.8758157726303071,5,0,0.324072608785035,0
1126,Male,Middle,More,Four-wheeler,Gap,22.811654681227818,3.407247660060724,6.637142434514445,0.5952304285392349,2,0,0.022266219263659424,0
1127,Male,Young,Two,Two-wheeler,Lag,23.250553162778232,3.9002108252733674,9.471221359594708,0.7641886234934989,8,0,0.13540079617053657,1
1128,Male,Child,Single,Four-wheeler,Lag,17.91312827453199,4.282172427231589,13.251484138664638,2.5578601860507932,5,0,0.3406176904422789,0
1129,Male,Child,Two,Three-wheeler,Lag,16.391516603497276,2.235571156865463,13.865608387486906,1.8499501570679198,11,0,0.17831899454570782,0
1130,Male,Young,Single,Four-wheeler,Lag,18.20655659986259,4.806097207200257,1.9765613708586738,1.0328878594302264,9,1,0.6186442437428574,1
1131,Male,Middle,Single,Three-wheeler,Lag,18.000881203120777,3.498858272357635,11.691405421829495,0.48348645221997766,6,1,0.8605584072053267,1
1132,Male,Young,Single,Heavy,Lag,21.540022080762583,5.3731854291128816,17.413615595732843,1.574130656994615,11,1,0.9261968152473256,1
1133,Female,Young,More,Heavy,Gap,23.689774114877423,5.592657358048838,6.022665948872355,1.0090799700384196,2,0,0.0212606564963101,0
1134,Male,Middle,Two,Two-wheeler,Lag,26.11188620637868,1.487266812666312,11.638705292930258,0.5409695073407446,7,1,0.5328220303513312,1
1135,Male,Young,Single,Four-wheeler,Lag,9.709854012912189,3.177183840447327,10.219842742277162,1.1897282787435228,7,0,0.2230374426037427,1
1136,Male,Middle,Single,Three-wheeler,Lag,23.393812670599566,3.6106245752418373,18.376217725742002,1.1531176094269369,3,0,0.7283638462448133,1
1137,Male,Elder,Two,Four-wheeler,Gap,17.3114728477648,3.6513899781355525,10.07230916175522,1.0817475098370495,1,1,0.3752959681760452,0
1138,Male,Middle,More,Four-wheeler,Lag,25.556876191694542,4.6559996366669445,22.39465694849994,1.4186112575790006,6,1,0.7914420378838087,0
1139,Female,Elder,Single,Three-wheeler,Gap,12.062023628474847,2.2665506781037683,13.787005274499554,1.5141377607369357,6,0,0.10309747451315215,0
1140,Male,Young,Single,Three-wheeler,Lag,20.73919714256508,3.909611823980589,12.144372218617345,1.306090233309921,8,0,0.5124207456112367,0
1141,Male,Middle,More,Three-wheeler,Lag,20.70379988178286,5.445101183458662,7.584385507311266,0.5165366958907445,3,0,0.10563047781437006,0
1142,Male,Young,More,Four-wheeler,Lag,17.503853104231368,6.644432201229641,12.762150407070845,0.5417392464818321,3,1,0.5340434145582827,1
1143,Male,Young,More,Four-wheeler,Lag,30.519515475930447,1.2059633465275161,4.492732561269434,1.7870252493374559,15,1,0.17747664910376865,1
1144,Male,Middle,Single,Two-wheeler,Lag,13.104218291123445,5.84810125138107,9.696967600452634,0.858860612551278,2,0,0.280479239478481,1
1145,Male,Young,Single,Three-wheeler,Lag,13.908655675704116,2.1687837857290906,7.452557704450911,1.1234902878951103,21,0,0.16818711881183557,0
1146,Male,Elder,Single,Three-wheeler,Lag,22.09088620489944,3.6433151284898924,14.128630045623876,0.7247010481516059,9,0,0.35723505869698624,1
1147,Male,Middle,Single,Four-wheeler,Lag,20.219481988039018,2.7121757690856656,16.09974470334194,0.9184399994744578,7,0,0.4263340084277273,0
1148,Male,Elder,More,Two-wheeler,Lag,16.49921109588012,3.858431260615064,21.499976756443473,1.2221082008886437,4,0,0.06988038235110303,1
1149,Male,Young,Single,Three-wheeler,Lag,17.15442741559834,1.5555703358011947,6.320087381566413,0.9267507628365129,11,1,0.656414420565543,1
1150,Male,Young,Two,Heavy,Lag,14.404812158377837,2.6821298688464306,19.556784058412134,1.4257744270590458,12,0,0.3085897055649025,0
1151,Female,Middle,More,Three-wheeler,Gap,26.266304990734103,2.9042973299624872,18.253889279305834,1.0881786915200566,9,0,0.07629706791392883,0
1152,Male,Young,More,Four-wheeler,Lag,20.999826210877657,5.2040044571758015,18.77520301390399,1.607480076631569,8,0,0.20949773358587517,0
1153,Female,Middle,Two,Three-wheeler,Lag,16.158291069635776,3.787044721601417,15.570092300349685,1.3560960867951393,6,0,0.34952823110858877,1
1154,Female,Middle,More,Three-wheeler,Gap,18.505164421234184,4.197218747830618,7.1556650165601035,0.9508018865537313,1,0,0.028138406302285385,0
1155,Male,Elder,Single,Four-wheeler,Lag,27.40750130296958,4.085624385998468,19.30513426777376,1.6406110082711323,21,0,0.41571855510129946,1
1156,Female,Middle,Single,Three-wheeler,Gap,26.790813112342754,3.201606071417467,12.816110201140901,1.9322795354275644,0,0,0.3820796957206936,0
1157,Female,Young,Single,Three-wheeler,Lag,11.802988682958132,1.2689832071535632,15.573070931089564,0.7541717940392125,6,0,0.2613609048243479,0
1158,Female,Young,More,Heavy,Lag,22.239634240077557,2.0837322926186257,6.000307036214496,1.4391712604551947,5,1,0.14391202038575188,0
1159,Male,Middle,More,Four-wheeler,Lag,14.310823594586147,3.4060234345503417,5.048067237375465,1.390772903974186,9,0,0.027802509531354592,0
1160,Male,Young,Single,Four-wheeler,Gap,15.532380576755,5.4317054501872,7.3184379809638305,1.4392340534204078,9,1,0.629356278208772,1
1161,Female,Young,Single,Two-wheeler,Lag,26.17438627350359,2.7210138365675416,11.288527300426566,0.5661654694226242,7,0,0.1469187997190882,0
1162,Male,Young,Single,Two-wheeler,Lag,27.04001423338896,4.162371929463768,9.703321681897915,0.5578311375403743,1,0,0.2848878451749455,0
1163,Male,Young,Single,Two-wheeler,Lag,12.318272701392075,4.675820794619145,19.66453259672193,1.0020828170797462,3,0,0.4618250492790222,1
1164,Female,Young,More,Heavy,Lag,26.429565729252964,5.137716087266606,1.4385908451940068,0.6797978371665823,1,0,0.024281014665979025,0
1165,Female,Young,Single,Four-wheeler,Lag,23.426563427528457,2.880063150256219,3.3067350764040304,1.0867546349708834,16,0,0.08321228602703015,0
1166,Male,Middle,More,Three-wheeler,Lag,24.263913690147746,5.3355269183609355,8.165340083152294,1.7654464346757854,2,1,0.6353948685930717,1
1167,Male,Young,Two,Heavy,Lag,24.571511836213425,3.8634637206479643,5.2597664413158025,1.073229552856498,15,0,0.1184632142105206,0
1168,Male,Middle,Single,Two-wheeler,Gap,20.120244244545027,3.556487396202542,9.53855992285706,1.117533547519716,2,0,0.13687128424006176,0
1169,Male,Young,Single,Three-wheeler,Gap,29.04246777325688,4.463748257772021,15.080071723071224,0.9681100258020541,11,0,0.47330725360074327,0
1170,Female,Elder,More,Two-wheeler,Lag,15.326990818251334,2.6835609297653624,28.969923133879096,1.1502286196837535,7,0,0.06695217853969071,0
1171,Male,Child,Two,Three-wheeler,Lag,20.088398420771952,4.610826276089986,5.939080650927225,1.622277662620851,10,1,0.5750900180464179,0
1172,Male,Young,Single,Heavy,Lag,17.37997579056872,3.998711658928944,7.124372837109289,1.6807830758611908,8,0,0.2533151466101351,0
1173,Male,Young,Single,Four-wheeler,Lag,25.197783385373132,4.552227596154759,16.2102226179039,1.1496124593900026,9,0,0.5568665164005024,0
1174,Male,Young,More,Two-wheeler,Lag,12.318585913176351,4.8224752450774035,7.2329907358541465,1.1221171599026354,9,0,0.02403425010400607,0
1175,Male,Young,More,Three-wheeler,Lag,19.08364879682725,3.893207081988299,14.793901954660285,0.8712465300672843,3,0,0.157180973993729,0
1176,Male,Middle,More,Four-wheeler,Lag,24.22227713511598,1.552543149743819,12.531020497397112,2.159256391537525,13,0,0.06647419267451067,0
1177,Male,Elder,Two,Two-wheeler,Lag,17.282407208070573,2.894657810638816,18.531679828870423,1.0217608688543482,8,0,0.13762268311032877,0
1178,Male,Young,More,Three-wheeler,Lag,16.080705413095668,4.948652776895991,2.0568090263363183,1.0594244656839011,3,0,0.04936222215261965,0
1179,Male,Young,Single,Four-wheeler,Lag,16.466485165670637,3.9239621877153454,25.784165127091754,1.159562989967224,4,1,0.9586885971723845,1
1180,Male,Middle,Two,Three-wheeler,Lag,23.178065984268766,5.0234703062930155,23.96949243389242,0.6802036773278094,6,0,0.758425345124642,1
1181,Male,Middle,Single,Three-wheeler,Lag,16.87179464274945,3.177332877371429,1.7306147384087094,1.0427585912460828,11,1,0.6394190605992468,1
1182,Female,Young,Two,Three-wheeler,Lag,18.63944652810039,3.5453242722012837,11.08837889664776,1.9269092335311986,10,0,0.24429222670201065,0
1183,Female,Middle,More,Heavy,Lag,20.66129757383429,4.859855638451918,9.449630221797724,0.6678860247344637,4,0,0.04379481867881084,0
1184,Female,Young,More,Three-wheeler,Lag,28.742111767060052,4.398002984804382,6.9114382776315075,0.9332648460933828,8,0,0.06083899219085193,0
1185,Female,Middle,Two,Four-wheeler,Lag,24.621118082867692,3.1552439186447163,25.5054958135131,0.9028429624703203,0,0,0.560166198309828,1
1186,Male,Young,Two,Three-wheeler,Lag,15.02135574375124,1.3896767317969672,5.398571163351917,0.9261188966279255,4,0,0.11943350145839172,0
1187,Male,Young,More,Four-wheeler,Lag,26.682904605559315,4.962659903672376,7.080936062248851,2.0268848021019576,11,0,0.07738097029093303,0
1188,Male,Young,More,Two-wheeler,Lag,25.698589720385684,4.496747076058164,1.2840027569479293,1.4901701122089022,2,1,0.18210068806428384,0
1189,Female,Middle,More,Two-wheeler,Lag,23.71375509753662,3.3766639198939714,12.473498891920897,1.890759800555501,4,0,0.04684649017035449,0
1190,Male,Young,Single,Four-wheeler,Lag,20.25610806557879,3.6717058335727164,18.72166811453037,1.733343613598685,0,0,0.647951019118729,1
1191,Male,Middle,Single,Four-wheeler,Lag,11.831577858329524,2.5490990913939795,13.22009178463406,1.3834236276781746,0,0,0.3537320287022684,0
1192,Male,Middle,More,Three-wheeler,Lag,23.14380256666896,3.2630889309164997,13.771478640487405,1.3068113616849293,2,0,0.17538558676706392,1
1193,Male,Middle,More,Three-wheeler,Lag,20.276291829439383,2.3719358934983727,2.959631462330859,1.2489231257840345,2,0,0.043229736078802095,0
1194,Male,Child,More,Heavy,Lag,17.24186473143117,2.574356320040139,15.021900257599356,1.4648528147548088,6,0,0.03673546698625369,0
1195,Male,Young,Two,Two-wheeler,Lag,7.604886809052315,4.773440402690785,9.576182663223056,1.4811231896691917,12,1,0.49100987850735545,1
1196,Female,Young,Single,Two-wheeler,Lag,15.910270796652092,3.107624824913797,10.655537342732092,1.353139556355512,1,0,0.1548763523901149,0
1197,Male,Middle,Single,Three-wheeler,Gap,21.520654416906794,4.620564594055787,12.557957289658889,1.181095474236363,11,0,0.3768732841832979,0
1198,Male,Elder,More,Three-wheeler,Lag,13.26151952246493,3.451849918250529,25.176938133332392,1.4464656455094256,8,0,0.18951080958444805,0
1199,Male,Young,Single,Four-wheeler,Lag,22.259682516182085,1.847698496707545,15.740505120496492,0.8142212390474988,2,0,0.4040480516385463,0
1200,Male,Elder,Two,Four-wheeler,Lag,25.138753866258284,3.1046112732395845,14.39574918579631,1.2972806780593344,4,0,0.21803571998555485,1
1201,Male,Young,Two,Three-wheeler,Lag,17.37412001597795,2.3491772450214716,9.957824815514297,1.2604833329582432,3,0,0.2590044473131733,0
1202,Male,Young,More,Four-wheeler,Lag,12.293042396469133,4.145849794857896,2.0891576320619984,1.2779774693187465,10,0,0.01898127447849241,0
1203,Male,Young,Single,Three-wheeler,Lag,13.991217735828766,5.171750402887342,11.753163705851524,1.2508690003064353,9,0,0.49500366765940174,0
1204,Male,Middle,More,Four-wheeler,Lag,17.981616723973787,4.402122482159395,13.94778104772497,1.5487979636428473,4,0,0.12171647805058285,1
1205,Female,Young,Single,Two-wheeler,Lag,25.007337963107382,4.463932688968825,14.802883723860747,1.559484901234486,1,0,0.3699861531418078,0
1206,Female,Young,Single,Three-wheeler,Lag,21.941492900954003,4.855847814525529,12.965616614275717,1.0439997438957442,2,0,0.5087032522889903,1
1207,Male,Middle,Single,Four-wheeler,Lag,26.269527139541722,4.456678579756887,7.732150755893235,1.068929652791018,7,0,0.35344583769775334,1
1208,Male,Middle,Single,Three-wheeler,Lag,33.87680013526837,3.7403559084551734,6.299987534142008,0.5242045201696877,1,0,0.4765521724740799,1
1209,Male,Child,More,Two-wheeler,Lag,15.370565537399523,4.218865654177504,3.551948970334924,0.742339736496358,6,0,0.007205488136539056,0
1210,Male,Child,More,Three-wheeler,Lag,22.87362880104494,3.274975568519791,14.775160212908977,0.9615118989659248,7,0,0.07230634588218002,0
1211,Male,Young,Single,Four-wheeler,Lag,19.54817446919119,1.8477736226544723,24.63331112208929,1.571852947207427,8,1,0.9350113186463661,1
1212,Male,Young,More,Two-wheeler,Lag,19.92713847916935,4.1879005683156265,11.520030474698688,1.6229034641717266,2,0,0.06340671463184386,0
1213,Male,Young,Two,Four-wheeler,Lag,17.489440404489915,4.2455156804067515,14.18505263346112,0.943103473179802,6,0,0.29815477253999895,0
1214,Male,Middle,Two,Four-wheeler,Gap,17.749358918995174,2.626237137891139,14.568419593976586,1.75948331248214,6,1,0.6354498959720272,1
1215,Male,Young,More,Four-wheeler,Lag,22.580947807390615,5.572769986709529,5.131213603464888,1.097863018741214,10,0,0.049210587412402716,0
1216,Male,Middle,Two,Three-wheeler,Lag,21.7419139967904,1.702029795671037,5.739565907712028,1.6231734477301536,6,0,0.1931205078748546,0
1217,Male,Young,Single,Four-wheeler,Lag,17.37920909691797,4.2981266496184745,6.056246632196128,1.2012695923586731,5,0,0.24484696516689547,0
1218,Male,Young,Single,Three-wheeler,Lag,13.438457575956912,5.777543816720183,21.731401851647966,1.4956570197813552,2,0,0.8222623129654119,1
1219,Male,Young,Two,Heavy,Lag,21.124471781645173,2.9333076619005647,1.5197019268568912,1.0754165009551375,8,1,0.3976729108588367,1
1220,Female,Young,More,Four-wheeler,Gap,23.612650885505957,5.179844910048635,11.795727664777091,0.6598489868366502,7,1,0.20395845222088968,0
1221,Female,Child,Two,Two-wheeler,Lag,20.844782548392494,4.675062600881708,9.043468991625588,0.9509133029828325,9,0,0.04514941810696174,0
1222,Male,Young,Single,Four-wheeler,Lag,6.330568026138044,4.328766289480333,13.91853082666887,1.4748172824064394,8,1,0.8123814385590032,1
1223,Male,Elder,Single,Three-wheeler,Gap,16.79835017821633,5.57093367358687,6.289842019089569,1.8849912605372205,11,1,0.6019862542874743,1
1224,Male,Middle,More,Three-wheeler,Gap,24.317760682658875,4.0121988204734595,23.691051920850917,1.3877256127409014,11,0,0.23072275402515163,0
1225,Female,Young,Single,Three-wheeler,Gap,23.667180972074092,3.515464534120597,8.264847605255875,1.5768025118883076,4,1,0.6811567736507429,0
1226,Male,Middle,Two,Four-wheeler,Gap,7.678635106409857,4.084492125135376,21.357086270664574,0.516960417661964,3,0,0.24784433100393102,0
1227,Male,Middle,Two,Four-wheeler,Lag,19.601383000925335,3.2622327795965957,12.631971300840139,1.563327247967364,13,1,0.7256342530092443,0
1228,Male,Middle,Single,Heavy,Lag,19.135385719423706,2.9857715264317344,9.667228993367619,1.689501868425488,9,1,0.770757065552661,1
1229,Male,Young,Single,Three-wheeler,Lag,22.212027198384835,1.9286058843350786,15.426616159686303,1.1400825563864774,15,0,0.44238534293268994,0
1230,Female,Young,Single,Four-wheeler,Lag,13.61247700877054,3.1568425501633093,12.000384064652202,1.231736891098305,6,0,0.2077247049757791,1
1231,Male,Young,Single,Four-wheeler,Lag,21.750933300535742,4.568961073934845,4.6513622470726705,0.6192616784974121,14,1,0.6413868768043106,1
1232,Male,Child,Two,Four-wheeler,Lag,29.042996917258176,5.475117573320648,14.809005685752648,0.841521989133158,2,0,0.3187264133692914,1
1233,Female,Young,More,Three-wheeler,Lag,18.18749668479383,5.896952837129332,12.460675306405363,0.6287553017455534,7,0,0.09742033735783422,0
1234,Male,Elder,Single,Three-wheeler,Lag,17.67074018348534,2.55807944025554,12.21844268473737,1.5216446222715467,6,0,0.2952356478655853,0
1235,Male,Elder,Two,Four-wheeler,Lag,9.578886300134236,3.7491918265741857,15.51913552605038,1.6261913018487288,0,0,0.2049080213401565,0
1236,Female,Young,Single,Three-wheeler,Lag,11.296053991478068,3.762558378363085,13.806914593813623,0.73405954780323,3,0,0.3486830811086066,0
1237,Male,Young,Single,Two-wheeler,Lag,28.334878881868462,2.4296482559662818,8.859461627021895,1.896531534044727,2,0,0.2723527490819692,0
1238,Male,Young,More,Three-wheeler,Lag,30.969820820080365,3.780816600751435,8.046287762691474,1.6971187109007735,1,1,0.5968722251909819,1
1239,Female,Young,More,Three-wheeler,Lag,6.810619010221716,3.108550442028978,6.8507030442569175,1.3259180673791895,14,1,0.14171434732873817,1
1240,Female,Middle,More,Two-wheeler,Lag,27.211678501317817,5.443126792156403,12.384352244165493,2.1826505018593525,14,1,0.360519695432601,1
1241,Male,Child,Single,Two-wheeler,Lag,14.78186254628817,2.744670366653691,7.72379125511088,1.7887508123563163,12,0,0.06427915289452804,0
1242,Male,Middle,Two,Four-wheeler,Lag,20.88365874818025,4.716199178020577,4.254000719291157,0.9094848350110012,17,0,0.11300240169987957,0
1243,Male,Elder,Single,Heavy,Lag,22.609969730531517,5.06830278729584,16.54348588859138,2.024019282195147,10,0,0.4508184819501404,1
1244,Female,Middle,More,Three-wheeler,Lag,17.99881910983719,4.297803012904303,6.074495549091885,1.1743524445635174,13,0,0.036534069841011325,0
1245,Male,Middle,Two,Two-wheeler,Lag,20.426033840995927,2.5907291297267507,5.201587078842573,0.8113866545174353,3,1,0.4105949476750748,1
1246,Male,Young,More,Four-wheeler,Gap,21.84143446159442,2.7634402683332797,18.34733881035671,0.8783632859160772,3,0,0.06628024235464733,0
1247,Male,Young,Single,Three-wheeler,Lag,15.19831791740592,5.822223904015743,14.76082984729276,1.4578809330731586,11,1,0.932123277479815,1
1248,Male,Young,Single,Heavy,Lag,33.82742317583541,1.8841849321545028,16.14991903088164,2.288961851725615,6,1,0.9212185250551629,1
1249,Male,Middle,More,Three-wheeler,Lag,15.396414418588247,2.140805266335089,8.590958082619064,1.1769594272226638,9,0,0.05030656834178198,0
1250,Male,Young,Single,Three-wheeler,Lag,7.66756017912445,5.967883531449122,13.138516661771272,1.3222503768968397,7,1,0.9071891403848482,1
1251,Female,Middle,Two,Three-wheeler,Gap,28.911201999693084,4.457618284210044,21.695118264667443,1.0087183712934398,4,1,0.8863547123764842,1
1252,Female,Young,Two,Three-wheeler,Gap,19.01885131356793,4.337406594148809,7.4219931300640685,1.7086801930270712,4,0,0.12480269495667419,0
1253,Female,Young,More,Four-wheeler,Lag,18.58063324413395,2.3581671295428355,3.0275781442420078,0.7456282929128314,9,0,0.00998646484923518,0
1254,Male,Young,Single,Two-wheeler,Gap,16.688091465257756,3.497451825100615,5.323540204644445,1.3328801776480075,6,0,0.06892581090155787,0
1255,Female,Elder,More,Four-wheeler,Lag,9.382554464514962,4.744976241043281,20.052455360055465,1.337534974217553,5,0,0.05612402411248567,0
1256,Male,Young,Single,Four-wheeler,Lag,16.50093225505222,2.998903075683644,7.4013738987553985,0.474053241789715,7,0,0.1725160958962242,0
1257,Male,Young,Two,Four-wheeler,Lag,18.503413324603166,2.501422540894723,10.949520735523615,1.9644464393853682,5,0,0.22590048662232065,0
1258,Male,Young,Two,Heavy,Lag,20.304223408271632,1.2202398507379444,11.68276509402745,2.149031620329767,6,0,0.19909662600525976,1
1259,Male,Middle,Single,Three-wheeler,Gap,19.42309983706643,3.9098032592170684,23.59111995798437,1.2019673448823007,8,0,0.6520930340863385,1
1260,Male,Elder,More,Three-wheeler,Lag,26.569317938152224,2.8811754883921292,7.75153565271787,1.5136179727400145,6,0,0.048093229350233656,0
1261,Female,Young,More,Four-wheeler,Lag,27.565342285508287,4.865844891884431,11.458321900998735,1.7151515364045185,14,0,0.06674659386804513,0
1262,Male,Elder,More,Three-wheeler,Lag,17.358091890750575,2.8455790334018856,23.432947113376265,0.7483510500830794,6,1,0.585176813753657,1
1263,Male,Young,More,Two-wheeler,Lag,29.75708017791041,2.317570309715901,5.925000576154064,0.6885948785868125,14,0,0.017220442795756942,0
1264,Male,Middle,Two,Three-wheeler,Lag,26.193030591997406,5.65720509691608,12.786403947169307,1.4645600760290216,11,0,0.5460325288337301,0
1265,Male,Child,Single,Three-wheeler,Gap,28.172980155966403,5.7194772056656635,2.8892320766910293,1.306446267940051,12,0,0.12341327292666673,0
1266,Male,Young,More,Four-wheeler,Gap,23.059262422911956,4.116337584696083,7.070524118294918,1.451657484690269,9,1,0.18166889853095264,1
1267,Female,Middle,Single,Three-wheeler,Lag,15.285503563930888,5.309657517035786,3.0340515980726463,1.32092695586512,7,1,0.7027686051273347,1
1268,Male,Middle,More,Four-wheeler,Lag,15.224550126835652,2.365677125747165,8.246657775107424,1.5146644175140516,6,1,0.244125554339627,1
1269,Male,Young,Two,Heavy,Lag,27.47361124082173,3.410681455426594,6.02287221376112,0.8114543872124824,7,0,0.15133482874478343,0
1270,Male,Middle,Two,Three-wheeler,Lag,20.117607168603364,2.548476102797819,16.934857343965298,0.8999286164718949,3,0,0.46396895234223595,0
1271,Male,Elder,Single,Four-wheeler,Lag,26.897385647810435,3.466661743352491,10.48311644999719,0.9287036061089724,3,0,0.2468866916175263,1
1272,Male,Young,Single,Two-wheeler,Gap,23.29327924560702,4.517069949615335,9.509332522355034,1.1444704889730337,1,0,0.17493326828678807,0
1273,Male,Middle,Single,Two-wheeler,Lag,15.563640718524802,4.7660579618492145,14.562821869540349,1.562573889665047,9,0,0.36480069998426357,0
1274,Male,Middle,Single,Two-wheeler,Lag,18.378834730589755,1.098263614427358,22.617766145044985,1.6817239269188116,2,0,0.48452396564559835,0
1275,Female,Young,Single,Three-wheeler,Lag,30.32623668119269,3.1929082568517857,7.752657464981246,1.1271740794301426,7,0,0.32070217787988203,0
1276,Male,Elder,Single,Three-wheeler,Lag,8.811039891026528,6.4777074302035205,2.9707478784513386,1.3562140066785864,2,0,0.21108819076342145,0
1277,Female,Young,Single,Three-wheeler,Lag,23.194439152125618,3.8047776948860905,4.013679737165594,1.0025325131698144,1,0,0.24109961855203926,0
1278,Female,Middle,Two,Three-wheeler,Gap,31.29469056519883,2.889352985212975,18.605704508914975,1.2113180534601844,6,1,0.808993648209722,1
1279,Male,Young,Single,Two-wheeler,Lag,13.020953215911963,3.1913165190102584,18.25095306563056,1.9658430133488163,11,0,0.3566406791047349,1
1280,Male,Young,More,Four-wheeler,Gap,16.626500269713762,2.9780858203098157,10.683191513317016,0.9703394768968485,4,0,0.024813550337054808,0
1281,Male,Middle,Single,Two-wheeler,Lag,20.680313556622163,3.3719031799116985,4.844055434882557,1.6066361886989609,12,0,0.13449998331154756,0
1282,Male,Young,Two,Four-wheeler,Gap,25.675150352101262,3.3624156285568034,11.544988158451766,0.5946768301752644,0,0,0.15834222240414078,0
1283,Male,Middle,Single,Heavy,Lag,20.11011513933498,3.5518039582721888,14.092744387135438,1.0624778870026252,6,1,0.8569299308632833,1
1284,Male,Elder,Two,Four-wheeler,Lag,11.396730894145076,3.423336238221101,8.282318647496654,1.4253954521081473,2,0,0.09033274045363479,0
1285,Male,Young,Two,Four-wheeler,Lag,13.671026993961235,3.5798861421909365,3.367671730156686,1.5876989298059634,4,0,0.10727826562382434,0
1286,Male,Young,Two,Four-wheeler,Lag,18.24939230570496,1.4557484912767742,8.105741276197998,1.3445475770960373,0,0,0.14064091431807227,1
1287,Male,Young,Single,Four-wheeler,Lag,17.44220392174643,1.718484445656477,14.52783187473355,1.7583009260625333,1,0,0.39612111900897823,0
1288,Male,Young,Two,Heavy,Lag,15.699576961843695,3.135167123326232,25.581938025401573,1.6623465911765167,9,0,0.5486334736850567,1
1289,Male,Young,Single,Heavy,Lag,25.590946479636994,4.991013648100368,5.706042374726495,1.3746826528760598,8,0,0.3070679867514025,0
1290,Male,Middle,Two,Three-wheeler,Lag,9.468539779178208,4.515603658780131,20.796551131921177,1.0658532903009228,3,0,0.5933080228682821,1
1291,Male,Middle,Single,Four-wheeler,Lag,25.34825490745592,2.101814763102161,10.370075429243126,1.0840117906486268,12,0,0.26720563493468946,0
1292,Male,Child,Two,Four-wheeler,Lag,27.940276765748084,3.5153138790081364,13.992546869618408,1.3717886478298342,8,0,0.20418235813602845,0
1293,Male,Young,Single,Two-wheeler,Lag,21.879519379052773,3.852733729201125,18.81706116838877,1.4225961620193233,4,0,0.5041494975930861,0
1294,Male,Middle,More,Three-wheeler,Lag,21.80900610004089,3.473957456351191,12.076376456827479,1.1195217957729486,5,0,0.13021602589348624,0
1295,Male,Young,Single,Four-wheeler,Lag,14.21757005743468,4.159743899667522,2.8331304159342023,1.1228664545535294,4,0,0.16371245849975527,0
1296,Male,Young,Single,Four-wheeler,Lag,20.98270137648283,6.6896589647818985,7.120859284903621,0.8447048451833725,10,0,0.3491412511241883,0
1297,Female,Young,Single,Three-wheeler,Lag,18.238059271802452,2.020520001163103,17.05014445825263,0.47102742341132986,6,0,0.36519942635682834,0
1298,Female,Young,Single,Three-wheeler,Lag,15.873645868285742,3.578125383732937,11.997400300586712,1.1952316489308528,2,1,0.8296681446021537,1
1299,Male,Young,Two,Two-wheeler,Lag,21.19743589585729,3.568521429891332,8.228185257307752,1.6806899561015902,3,0,0.15338343837061902,0
1300,Male,Middle,More,Three-wheeler,Lag,5.553710944723125,3.721249457370581,12.527717271449614,1.5731172660979682,4,1,0.4718871544232654,1
1301,Male,Young,More,Heavy,Lag,16.70045839656681,2.3891232988661537,7.170850089887377,2.4153311904744843,5,0,0.04158897678929989,0
1302,Male,Middle,Single,Heavy,Lag,22.269169766897804,3.9607967023536697,6.671362209534676,1.438842794280219,7,0,0.2838686794470412,1
1303,Male,Young,Single,Three-wheeler,Lag,19.386345628047795,1.6280100540345943,17.73891099893442,0.924585018544936,14,0,0.4580397964271083,0
1304,Male,Elder,More,Three-wheeler,Lag,14.136634756710864,4.317483358563496,9.426928814689315,1.4490195254217522,3,0,0.05402762452784641,0
1305,Male,Young,Single,Four-wheeler,Lag,5.60138707808035,4.042404180841663,7.2675406599432435,1.6763177904111628,4,0,0.21310136551661096,0
1306,Male,Young,Single,Four-wheeler,Gap,16.600366877556354,3.0040071068260326,9.57905363427988,1.4032696333600854,0,0,0.17803200328233346,0
1307,Male,Young,More,Three-wheeler,Lag,20.709257341337057,6.256052508235756,21.088471790483098,1.2180178857836637,5,1,0.8536361082937819,0
1308,Male,Young,Single,Three-wheeler,Lag,20.5043166026151,4.686234278170213,5.5223031273165075,1.3758952502565744,8,1,0.8307857536492649,1
1309,Female,Young,Single,Two-wheeler,Lag,13.772652863372974,3.651207181114397,5.610349838460948,0.5513714723528383,14,0,0.05221967923159741,0
1310,Male,Middle,Single,Four-wheeler,Lag,21.637566915510916,6.313438700991652,8.648651724866992,0.9650563809160406,9,0,0.40985766738503776,0
1311,Male,Young,Two,Four-wheeler,Lag,35.89183503725327,4.692535892942503,2.806248526357275,0.8158568793304448,2,0,0.2173920250638489,0
1312,Male,Young,Single,Three-wheeler,Lag,21.21952005873362,2.250907333522232,3.1787998018428674,1.140949655482268,12,0,0.18313272767667654,0
1313,Male,Young,Two,Heavy,Lag,20.407031879759725,3.8102347658914395,1.3732776883615632,1.8148649715560439,11,0,0.09406530404503319,0
1314,Female,Middle,Single,Four-wheeler,Lag,21.768886010587998,3.7784205191442237,4.813323090174647,0.8610412430179926,3,0,0.15993579475747227,0
1315,Female,Middle,Single,Heavy,Lag,26.58695001837791,4.008530207176939,13.560911106128984,0.660650038424262,13,0,0.29392557251158474,0
1316,Male,Middle,Single,Three-wheeler,Lag,28.99645884315723,5.426234414212289,5.829743826805076,1.589137656091633,9,0,0.5219734236592027,1
1317,Male,Middle,More,Three-wheeler,Lag,10.44168197059607,3.506828370407238,9.053755112042882,1.7553898057345663,10,1,0.37320168434372514,1
1318,Female,Middle,Single,Heavy,Gap,15.41818634674149,1.895121430043888,14.831437510791918,1.2742374318555916,6,0,0.12882368006846318,1
1319,Male,Middle,Two,Heavy,Lag,13.3598324084716,3.468323856895085,2.012609090786813,1.0988632348012408,3,1,0.42916573535601255,0
1320,Male,Young,Single,Heavy,Lag,24.201405872905067,4.502778610418085,6.073095189097106,1.1603296732914083,10,1,0.7421909145386059,1
1321,Male,Middle,Single,Four-wheeler,Lag,10.700118782364411,3.095291635916329,30.18135987821539,1.4256600609856804,6,0,0.7724205097171924,1
1322,Male,Middle,Single,Three-wheeler,Lag,27.274471398396006,1.4452450603277494,12.769927775549224,1.6814532349673437,15,0,0.4454124900741577,0
1323,Female,Young,Two,Three-wheeler,Lag,8.90775388740989,2.913357270729846,13.93054769248788,0.8631920397357913,2,0,0.20549649894332064,0
1324,Male,Middle,Single,Three-wheeler,Lag,21.47493847840677,4.106499416458694,11.367694570186476,1.839237223685445,4,0,0.5970954632668568,0
1325,Male,Young,More,Heavy,Lag,16.686503740598674,1.9537501031004014,24.126112417297115,1.4236478774711026,9,1,0.5967446809365012,0
1326,Male,Young,More,Three-wheeler,Lag,19.605144555990233,3.1504004709664155,4.773295800797051,1.5314686814910528,7,0,0.05211246583766376,0
1327,Male,Young,More,Four-wheeler,Lag,19.200212021469017,2.226259099884489,2.986768942969533,0.6931272177682092,5,1,0.1306382069724863,0
1328,Male,Middle,Two,Heavy,Lag,23.7780164249652,3.4580039662944797,17.400744528506166,1.8862019582333973,8,0,0.45102998900544705,1
1329,Male,Elder,Two,Heavy,Gap,19.971556943620687,2.2685849691092175,1.1479666757058862,1.2705927345494377,9,0,0.01619262382477587,0
1330,Female,Young,Two,Heavy,Lag,18.905952311910546,2.09540378812585,12.147471818742972,1.0821519999012617,7,0,0.1163427771873293,0
1331,Male,Young,Single,Three-wheeler,Lag,23.456744544558525,4.160554810477554,1.0579097327706553,1.1244856569476087,4,1,0.7568095977043824,0
1332,Male,Young,More,Three-wheeler,Lag,28.100069474452333,2.347908869188873,8.555057896752844,0.9999017700028432,7,0,0.07682054753377283,0
1333,Male,Child,More,Heavy,Lag,24.61276426537042,2.3328604180667947,13.75786443353353,0.8239225263832024,6,0,0.03294419204438059,0
1334,Male,Elder,Single,Three-wheeler,Lag,23.56656151629339,3.8147990286038267,11.901486938543943,0.5753995684566564,10,1,0.784060624155384,1
1335,Male,Young,More,Two-wheeler,Lag,19.84631942866317,1.6209009319817709,12.117988944482631,0.9641619597444184,8,0,0.027202420441800698,0
1336,Male,Young,More,Heavy,Lag,27.196911843316627,1.512601159664166,5.046735405783221,1.234807382923184,6,1,0.19051278073994074,0
1337,Female,Young,Single,Four-wheeler,Lag,19.82653691964005,3.322562571562723,7.633694773785583,1.435477685297571,0,0,0.21206665879328093,0
1338,Male,Elder,More,Three-wheeler,Lag,28.281221593141723,3.1159760210623384,14.92282204634754,1.52443815457907,2,0,0.12804959009471112,1
1339,Male,Young,Single,Two-wheeler,Gap,24.7918352346066,3.666745622696523,1.7582985200676315,1.3485809253445729,4,0,0.06897520626139766,0
1340,Male,Middle,Single,Three-wheeler,Lag,14.247048574258844,6.446990209001219,12.740015636875587,0.7472229119423006,7,0,0.5912492969283648,1
1341,Female,Young,Single,Heavy,Lag,10.777742567436832,3.332541836412055,11.384938423560687,1.1614747750211236,10,0,0.15678562314584393,0
1342,Male,Young,Two,Four-wheeler,Lag,23.63785640971649,3.763520189048865,8.48221169965454,1.4362971437262702,14,0,0.1821522160759646,0
1343,Male,Middle,Single,Three-wheeler,Lag,22.730905541789024,5.232801078492457,8.325715584604948,1.5384860132897655,7,0,0.537367293225509,1
1344,Male,Child,More,Three-wheeler,Gap,21.46828664395281,3.479990655201991,16.94841895050182,1.0379618274219768,9,0,0.04415055880767833,0
1345,Male,Middle,Single,Heavy,Lag,31.039753326890818,4.47497312216004,9.12437576265642,1.9194016785595513,7,0,0.48304262273601745,1
1346,Male,Young,Single,Heavy,Lag,20.657551358622293,3.6790913560739598,3.302060878093668,1.618756376252728,5,0,0.2003453034368561,0
1347,Male,Middle,Two,Three-wheeler,Lag,17.83104709136865,3.9570616471067646,23.76768366948228,1.7212395914277108,7,1,0.9561405547689446,1
1348,Male,Middle,Single,Four-wheeler,Lag,20.934960343266386,5.3466556160305485,4.473601923446643,1.4352038808646719,5,0,0.30882797427669983,1
1349,Male,Middle,Two,Three-wheeler,Lag,9.589629941673477,1.0258170410610679,16.91037089178991,1.141341101309039,6,0,0.290099388436644,0
1350,Female,Child,Single,Three-wheeler,Gap,21.139124958644484,5.096249292883115,1.4679898968079979,1.9398747309209168,12,1,0.3331104569760104,0
1351,Male,Middle,More,Three-wheeler,Lag,27.26785369959984,3.523988136253086,8.828365341105394,1.8370216631856113,7,0,0.12888798791826864,0
1352,Male,Elder,Two,Three-wheeler,Lag,6.505587967947422,3.8596114404349104,11.353000643160403,1.676311527259392,2,1,0.6579559616080811,1
1353,Male,Young,Single,Three-wheeler,Lag,25.711171338631992,3.3793967436724834,1.9525775469365652,1.8100127443558827,6,0,0.3039395085535641,0
1354,Male,Young,Single,Three-wheeler,Lag,24.77183376714166,2.7654267131857933,15.430964976195355,1.8808208553034307,14,0,0.5736673283107239,1
1355,Male,Middle,Single,Three-wheeler,Gap,13.079781262373476,1.8118746946762687,7.027442758937314,1.5430953320193588,2,0,0.16092960232157977,0
1356,Female,Young,More,Two-wheeler,Lag,25.747139189016867,5.471782370572699,11.795722212526234,0.8787105279634131,15,0,0.035748458602794096,0
1357,Male,Middle,Two,Two-wheeler,Lag,24.03977170295957,3.9140757399101025,16.781091076919708,1.2823990773635663,17,0,0.2573821168437759,0
1358,Male,Middle,Single,Four-wheeler,Lag,19.892999410587613,4.9217094904532726,12.665898316855662,1.372865964134455,7,0,0.4783041069239311,0
1359,Male,Child,Single,Three-wheeler,Lag,16.16500981903344,2.870846615486438,10.353231268614039,1.5836133248054338,4,0,0.24856421543235904,0
1360,Female,Middle,More,Two-wheeler,Lag,16.89335771015726,2.826268071575473,8.348547805763053,1.2331542475926256,0,0,0.019513763980151484,0
1361,Male,Middle,Single,Heavy,Gap,21.616750428140836,3.021562246590511,2.3915217569498957,1.2531936286927265,0,0,0.10110800996085371,0
1362,Male,Young,Two,Three-wheeler,Lag,16.184285194886076,2.654438796384432,20.725353089787877,2.4669678903673553,5,0,0.6197482102393576,0
1363,Male,Elder,More,Heavy,Lag,17.485939922050274,3.5248331448511925,12.680412249474323,1.1847728629557932,10,0,0.031896140936335096,0
1364,Female,Young,Single,Four-wheeler,Lag,28.30417604822361,5.3817461631382315,13.396741535114366,0.7711659119963201,13,0,0.37285644373074356,0
1365,Male,Young,Two,Four-wheeler,Lag,23.440682011362405,4.936978062604177,10.10146334823843,1.4916967712013125,2,0,0.3412899457303034,1
1366,Male,Middle,Single,Three-wheeler,Lag,23.55553657481412,3.5161309047770555,8.968402724894732,1.0826562060628266,6,0,0.44510686289377,0
1367,Male,Young,Single,Two-wheeler,Lag,29.53664462155279,3.0636756310800415,2.4344764475025027,0.9437838496884647,6,0,0.12497071853397464,0
1368,Female,Middle,More,Four-wheeler,Lag,6.843642761753534,3.875206401667794,5.285338220602449,1.3879327533635302,5,0,0.017129173946582043,0
1369,Female,Young,Two,Four-wheeler,Lag,16.152109957822443,3.8770167169365526,9.852089641713778,2.0256556362495166,6,0,0.16258067672093543,0
1370,Male,Young,More,Three-wheeler,Gap,22.29861609951583,4.112020377832211,6.684118808642831,1.0239468137623993,13,1,0.20975765331511556,0
1371,Female,Young,Two,Four-wheeler,Lag,19.148925197183516,3.639194473747893,2.3730604953695265,1.0939126960386187,5,1,0.36392947865339526,0
1372,Male,Middle,Single,Three-wheeler,Lag,13.27581702807606,1.4410498938484615,11.87891632514992,1.199734037037807,2,0,0.36522271794224265,0
1373,Male,Middle,Two,Heavy,Gap,24.367933467792447,1.8857244272920928,10.495110871032422,1.4628377315902144,8,0,0.10451803919300932,0
1374,Male,Middle,Two,Four-wheeler,Gap,10.782055109630766,5.870472206777553,9.78248791886676,1.121076792733402,1,0,0.15669226912985937,1
1375,Male,Elder,Single,Two-wheeler,Lag,20.635621242350346,4.336840997615958,16.580842954387535,1.1541739936854527,13,0,0.23032304898461303,0
1376,Female,Middle,Single,Heavy,Lag,20.89937507573437,5.506027363133704,12.81574169222874,1.4798951812029657,13,0,0.3531664643280724,0
1377,Male,Middle,Two,Heavy,Gap,21.96657950777237,3.0337567790894195,1.0580030402508687,2.255883624835432,1,0,0.06922785290779757,0
1378,Male,Young,Two,Four-wheeler,Lag,17.334111659702685,3.6372099044552937,16.05156571468707,1.0283896165270419,7,0,0.31240323472392517,0
1379,Male,Elder,Single,Two-wheeler,Lag,9.191121420328429,2.976058617274981,10.804133562966516,1.3364876414863018,10,1,0.4218980322282554,0
1380,Male,Middle,More,Four-wheeler,Lag,26.853473227411627,5.153436490748904,11.380673597290254,1.6171486175777927,6,1,0.5726158839765464,1
1381,Male,Elder,Single,Four-wheeler,Lag,28.236715824052233,2.860221556499691,19.73978835042411,0.8951355611226909,6,0,0.43758464532066565,0
1382,Female,Young,Single,Three-wheeler,Lag,19.76578658692772,4.146665428798431,4.000848461771151,1.657949082185571,15,0,0.187026879432893,0
1383,Male,Young,Single,Heavy,Lag,8.916051130675948,2.4252770201280542,12.81352543080552,1.0738058537948845,3,0,0.24953304378615884,0
1384,Male,Middle,More,Three-wheeler,Gap,21.162158947573996,2.0733856900241117,7.412491454145906,0.7382909580617512,6,0,0.02598129955812373,0
1385,Male,Young,Single,Four-wheeler,Lag,17.33887742371955,2.3368142652977553,2.1543762203520362,0.5488375953695037,2,0,0.10990960538625145,0
1386,Female,Young,Two,Four-wheeler,Lag,14.963057315543871,3.6204644138712943,10.049287701567582,0.5712487705389362,4,0,0.11111651563501619,0
1387,Male,Elder,Single,Three-wheeler,Lag,14.672877064903714,4.764084810158136,7.438171249132912,1.6224936669651664,11,0,0.2346015694405447,0
1388,Male,Young,Two,Heavy,Lag,14.895029221835337,6.895949087696835,1.0606319503623478,1.4459199320841871,9,0,0.13264149260560923,0
1389,Male,Young,More,Three-wheeler,Lag,17.570733024967232,3.9102532996085726,10.977950326747273,1.61564918626908,7,0,0.11114949429392093,0
1390,Female,Young,Single,Three-wheeler,Lag,16.770335305828887,3.633105612607929,7.91905267456861,1.5527457878046893,2,0,0.30004584313841787,1
1391,Male,Young,More,Three-wheeler,Gap,25.50644130681325,4.498950215065216,9.994990056463475,1.1039333595756557,11,0,0.05881747013121111,0
1392,Male,Middle,Single,Two-wheeler,Lag,19.95292266582012,1.794377485296493,1.3974483899689005,1.935655738845096,4,1,0.46335773607989483,0
1393,Female,Elder,Single,Four-wheeler,Lag,18.997747377286434,4.596487684789485,9.455576734513897,1.778092919489835,6,0,0.16700967726949845,1
1394,Female,Elder,Two,Three-wheeler,Lag,14.141293110050654,4.383673358102058,10.600221125194315,1.0661209605339725,3,1,0.5677354945396414,1
1395,Male,Middle,Two,Heavy,Lag,26.482870587288986,3.620727144396245,10.526970188729898,1.5829435673143983,6,0,0.29563086707814934,0
1396,Female,Middle,Single,Heavy,Gap,11.174723799984184,1.3942635674369979,15.066118593136132,1.6603314790453,7,0,0.11210250516713756,0
1397,Male,Young,Two,Four-wheeler,Lag,16.063785871971476,2.5404727565895713,28.216596614320917,1.225615213976239,4,0,0.6154058299675867,1
1398,Male,Middle,Single,Three-wheeler,Gap,21.751773760357388,3.130633610873879,1.8956200324463186,0.7548207004665324,6,0,0.1198488812021251,0
1399,Male,Young,Two,Four-wheeler,Gap,22.99408135131611,5.43096570641988,9.359368417232632,1.0493013125938622,5,0,0.16784392959381508,0
1400,Male,Young,Two,Two-wheeler,Lag,24.756324643089588,3.9612223454543796,18.589764000567058,2.308321708397,8,0,0.4279939165254792,1
1401,Male,Elder,More,Four-wheeler,Lag,18.74915632507424,3.5616036961398745,13.289337151297683,1.500209710953325,6,0,0.04699115377180567,0
1402,Female,Elder,Single,Three-wheeler,Lag,17.813501485958685,3.4958984730027347,26.419262550910577,1.5856894460191118,11,0,0.5823641199428095,0
1403,Male,Young,Two,Heavy,Lag,16.900730557337653,4.470252791098684,14.992961638037498,1.866688859811536,1,0,0.41252056571027307,1
1404,Male,Middle,Two,Three-wheeler,Gap,20.97952206677704,2.9816161616836183,15.220266748985141,0.882120963593984,0,0,0.3014908125248073,0
1405,Female,Young,Single,Three-wheeler,Gap,17.842166849613903,2.0084087033168325,3.207999398013837,2.1058340945147194,3,0,0.09221539384495184,0
1406,Male,Young,Single,Heavy,Gap,17.52834321549615,4.089111115505506,7.29006138196686,1.2591694321560405,2,0,0.15664708348665393,0
1407,Male,Young,More,Three-wheeler,Lag,8.524636696050374,2.999381004113718,12.536676131863258,1.5406593363156882,6,0,0.08144715089042044,0
1408,Female,Young,Single,Four-wheeler,Gap,29.115023184095648,2.9881018846289304,11.475329590882433,1.0304360984451777,3,0,0.17625086058979525,0
1409,Male,Middle,More,Heavy,Lag,11.44149694469305,3.3935743444719053,16.067278495657696,1.0437910082013149,0,0,0.09393833671027328,0
1410,Male,Young,Single,Three-wheeler,Lag,16.6076446749813,2.698642106715126,29.06778282205246,1.079240124905994,4,0,0.8359494267096728,1
1411,Male,Young,More,Three-wheeler,Lag,27.930400878254027,5.252815364995721,6.029970418675195,1.0657782162647105,6,0,0.10932145249215709,0
1412,Male,Young,Single,Three-wheeler,Lag,23.54310700978923,4.776531027088576,9.899599152061208,0.6423029061224858,9,0,0.46427049006947163,1
1413,Male,Elder,More,Four-wheeler,Gap,21.123018506623275,6.33691857368715,18.92199920532196,1.020045480861105,5,0,0.07543070622011723,0
1414,Male,Middle,Two,Heavy,Lag,22.342016922811034,5.716052622928018,18.02040843131232,1.4111597236766258,14,0,0.4932151212883098,0
1415,Female,Elder,Single,Three-wheeler,Lag,12.801160314666042,2.95110374775702,17.428578200008893,1.8384580595246116,3,0,0.3412873927927918,1
1416,Male,Young,Two,Four-wheeler,Gap,24.908311633308138,3.1649911686703978,13.19236471819097,0.593355580827419,6,0,0.14774250000964498,0
1417,Male,Middle,Two,Three-wheeler,Lag,16.251182247361292,4.162159610492459,28.88118738487416,0.524635983452431,3,0,0.7881662790448419,0
1418,Male,Middle,Single,Four-wheeler,Gap,29.553042321586943,1.2963482124989372,8.718682426693848,1.344799622910597,10,0,0.14265856942400415,0
1419,Male,Young,Single,Four-wheeler,Lag,15.916219688176515,6.468056108141525,4.161558374947735,1.4782537070327262,3,0,0.31478838383013674,0
1420,Male,Young,Two,Heavy,Lag,21.80921330470312,1.2185580196904389,4.52131290485657,1.3635801543029746,14,0,0.06606645800814258,0
1421,Male,Young,More,Three-wheeler,Gap,20.656441064674144,3.6266508867864853,10.02113015470532,2.138916571039153,9,0,0.059126075247082965,0
1422,Male,Young,Single,Three-wheeler,Lag,14.075017396154553,4.060948279445006,17.103185980819493,0.9178611044414076,7,0,0.5792598491258844,1
1423,Male,Young,More,Three-wheeler,Lag,18.056561100744727,5.192690674151939,10.307076752263086,1.2174776712810453,6,0,0.12523880153450678,0
1424,Male,Young,Single,Two-wheeler,Lag,24.369053931421814,3.9796199657037366,13.028800458826172,1.8786455428721918,5,0,0.39601872738463306,1
1425,Male,Young,Single,Three-wheeler,Lag,15.565091444882963,3.8287497763630745,8.720680221724535,1.3746733198983645,0,0,0.4340454196060818,1
1426,Male,Middle,Two,Four-wheeler,Lag,29.9722476031611,2.903561204451088,15.022399799997341,1.3268937703305432,12,0,0.3539400566637731,0
1427,Female,Young,Single,Three-wheeler,Gap,17.013347318460692,3.8097993633153324,4.959361570483724,1.9350117835843619,10,0,0.1183256816127473,0
1428,Female,Young,Single,Three-wheeler,Gap,21.82928732947105,4.350083745698664,11.4366664788625,1.0550229518078387,2,0,0.2748537237306104,1
1429,Male,Middle,Two,Four-wheeler,Lag,21.713428120265192,3.5783004869584243,5.608377292786197,0.8149854119301931,2,0,0.160416261041433,0
1430,Male,Young,Single,Three-wheeler,Lag,19.60816610534895,4.468851792725433,10.569927560067718,0.7698570421734143,4,0,0.4808904746633073,1
1431,Male,Young,Single,Three-wheeler,Lag,22.25879636104647,1.8390797204164757,9.934510963593258,1.6642958649919068,9,0,0.37223497809558664,0
1432,Male,Young,Two,Heavy,Lag,23.685053573769878,3.02023285139501,12.905929899577352,1.731963473603095,6,0,0.29736960744337093,1
1433,Female,Child,Two,Two-wheeler,Lag,21.715426876768703,5.648535402068922,11.257667207796574,0.9245390288952015,8,0,0.07374872447280834,0
1434,Female,Young,More,Three-wheeler,Lag,20.864277497700513,2.981001337101573,25.225372386314483,1.190253956764893,0,0,0.2873836777335922,0
1435,Male,Child,Two,Three-wheeler,Lag,21.534304442600053,3.907603818564995,20.169531523481336,1.3359299521966417,13,0,0.38375206765128606,1
1436,Male,Young,Two,Three-wheeler,Lag,18.628927145543145,3.5913452657170635,7.622228060512988,0.7861037643202,2,0,0.24817469628444025,0
1437,Male,Elder,Single,Three-wheeler,Lag,11.873904289574597,5.3854214591603435,4.270911060780264,1.715349218658948,4,0,0.22202315038165174,0
1438,Male,Elder,More,Three-wheeler,Lag,14.466014599432839,2.3699924253530806,2.9190123968994683,1.1471427441601396,14,0,0.011350338275022864,0
1439,Male,Young,Single,Three-wheeler,Lag,21.535420968575416,2.900253881898394,5.860175649762108,1.7457612073052329,9,1,0.7951784337112411,1
1440,Male,Young,Single,Heavy,Lag,28.154465779601022,4.858666342531978,6.320212076798484,1.5633476658130467,6,1,0.8263446947766961,0
1441,Male,Young,More,Three-wheeler,Lag,9.3749514887903,4.052573379095009,19.705524365900324,1.0022578316360056,11,0,0.15850146461256345,0
1442,Female,Middle,More,Three-wheeler,Gap,20.63822200127047,3.661944138054016,21.30080014213071,1.5010849347616348,1,0,0.14131259328821222,0
1443,Female,Middle,Two,Three-wheeler,Lag,16.285362787918647,3.2097506107090834,6.476510330698002,1.5349280532704954,1,0,0.17356090533171958,1
1444,Female,Young,Single,Heavy,Lag,20.8890765489021,3.2606629320099167,15.978623703706505,1.0220838428401844,2,1,0.8232814281529715,1
1445,Female,Young,Single,Two-wheeler,Lag,23.791461940422636,5.3691976895160165,17.950556597489726,0.950506184850017,3,0,0.43348775688466573,1
1446,Male,Young,Two,Four-wheeler,Gap,23.544902885277498,4.068936328525818,9.049062264690708,1.6671000360157424,8,0,0.13844214382445516,0
1447,Male,Elder,More,Three-wheeler,Lag,23.365811746753955,5.315947457273216,19.084215759389338,1.4497724436866246,6,0,0.2137582174043469,0
1448,Male,Elder,Two,Heavy,Lag,24.324246002433902,5.841196661410182,27.48354348121648,1.5333043014614751,5,0,0.6816115185294241,1
1449,Male,Young,Single,Three-wheeler,Lag,11.942421762431229,3.6740552490851464,24.315643842964377,1.0242435271186803,10,1,0.9538001198260222,1
1450,Male,Middle,Single,Two-wheeler,Gap,20.153166778944197,3.8695017732175403,15.601513352652832,1.508827948348354,4,0,0.2627406931339221,0
1451,Male,Young,Two,Three-wheeler,Lag,16.453301780106294,4.019827732420054,8.95074749582758,1.4979827170909827,1,1,0.8044852793040203,0
1452,Male,Middle,Two,Three-wheeler,Gap,27.924761544544797,4.737005048037057,6.411943212499479,1.048376152340909,5,0,0.21041609284214574,0
1453,Male,Elder,Single,Four-wheeler,Lag,24.399212428102217,4.028800522780293,28.757729926905093,0.9718207960266918,9,0,0.692597490501895,1
1454,Male,Young,Single,Four-wheeler,Lag,13.122658909371793,2.1272446627800226,7.306410492135192,1.1613011273703715,6,0,0.16014725923760703,1
1455,Male,Young,Single,Four-wheeler,Lag,16.130098970659724,5.443371816616089,10.065970239573382,1.5326153402515466,15,0,0.3320050515472779,0
1456,Female,Middle,Single,Two-wheeler,Lag,19.388882433217344,4.034991151871028,7.0911759503408245,0.8691392334645577,11,1,0.48574735131825436,0
1457,Male,Young,Two,Four-wheeler,Lag,29.97570693613843,4.901120585007504,11.031314166309954,1.7696182128389797,10,0,0.37764727369862805,1
1458,Male,Middle,Single,Three-wheeler,Lag,13.18523746865015,3.301991433782998,4.0274159088892985,0.9524894495723135,9,0,0.20565756331826224,0
1459,Male,Young,Two,Heavy,Lag,20.977779057638287,3.4543268472157203,17.210820022170555,1.6973248158846839,7,0,0.3969267640837189,1
1460,Male,Elder,More,Four-wheeler,Lag,17.73072419586403,4.129518239285148,11.182729700466414,0.8128594454539293,12,1,0.19015075157609745,0
1461,Male,Young,More,Four-wheeler,Gap,22.122213465089846,4.455614824742266,9.75130003153174,1.533114405741205,7,0,0.03967728097582601,0
1462,Male,Young,More,Four-wheeler,Lag,22.15792138613533,1.9026377682922733,8.807211733525124,1.3086430524693125,5,0,0.04200674322543897,0
1463,Female,Young,Single,Four-wheeler,Gap,16.082765770011253,3.2483818576363426,12.465781293710887,1.4287675610029331,3,0,0.14966241845224526,0
1464,Male,Child,Single,Three-wheeler,Lag,24.45524940049838,4.429120585549764,16.475392102257896,2.147400991432513,10,0,0.5510325475419247,1
1465,Male,Young,Single,Three-wheeler,Lag,12.612833367988806,6.3868047193005495,20.263861848530517,0.6196940396939731,5,1,0.9617534049995721,1
1466,Male,Middle,Two,Four-wheeler,Lag,25.10619505948562,1.2315977595874723,18.120268442406434,0.8023494701470908,10,0,0.29313462031155363,1
1467,Male,Young,Single,Three-wheeler,Lag,15.553188615826294,2.779432727319949,10.184810805536065,0.6774656080667152,16,1,0.7418732687461159,0
1468,Male,Young,Single,Two-wheeler,Lag,21.287332570096257,3.4243766946164484,17.89910768822231,1.2608659520714256,5,0,0.4295657432663422,1
1469,Male,Young,Single,Four-wheeler,Lag,17.822121866272532,2.6232002153619973,11.581190010342963,1.6311291414769855,4,0,0.3354346215314145,1
1470,Female,Young,Single,Two-wheeler,Lag,21.58028370725798,1.4430558132917999,13.519781858735403,0.6249600472714778,2,0,0.14559631543161047,0
1471,Male,Elder,Two,Four-wheeler,Lag,16.54932906176687,3.6512297478340434,14.211883508636685,1.5930368066813614,6,0,0.18602398282898733,0
1472,Female,Elder,Two,Two-wheeler,Lag,20.99190945013052,3.9968581753897534,9.420481363862958,1.1631771698490745,8,0,0.050464303889688304,0
1473,Female,Young,Two,Three-wheeler,Lag,7.3131057976007785,3.275306256791953,10.86223960325015,1.9679335547581425,4,0,0.19424870268047528,1
1474,Male,Middle,More,Four-wheeler,Lag,18.227442486781175,3.131157978902103,14.56814890927685,1.1059093417793413,6,0,0.08557447157609406,0
1475,Male,Middle,Single,Two-wheeler,Gap,25.28347617326657,6.146324535731157,7.863672957528463,2.2491891061133424,6,1,0.7385436078581792,1
1476,Male,Elder,Single,Four-wheeler,Gap,19.498722769680185,3.462856544685434,15.712224556171137,1.3030206081572917,4,1,0.6636671358521296,1
1477,Male,Young,Single,Four-wheeler,Lag,20.008322359032938,4.5466040747467025,8.654380170229203,2.328401837840839,0,0,0.4547741940520867,1
1478,Male,Young,Two,Four-wheeler,Lag,21.753314463333076,2.858284214492919,12.566326541233185,1.392102401834749,3,0,0.2783931452473653,0
1479,Male,Young,Two,Two-wheeler,Lag,19.09120309577135,4.69300585414852,18.004930714543327,1.0637594691109398,10,0,0.30139369805788463,0
1480,Male,Middle,Single,Four-wheeler,Gap,26.248408954666402,4.662129147922044,1.7554954516187458,1.6321438079844468,4,0,0.1549470497265836,0
1481,Male,Middle,More,Three-wheeler,Lag,18.648711421679614,2.78979390191601,6.659038977390053,1.2239191591093836,0,1,0.38456329555036506,1
1482,Female,Young,Single,Three-wheeler,Lag,28.827105764307028,4.018140253196605,12.140631522514076,1.0191194535679646,5,0,0.47686993934678246,1
1483,Male,Young,Single,Three-wheeler,Lag,26.511481863078004,4.106038322432339,3.929167813689695,1.2141999337635514,8,1,0.8112650776671976,1
1484,Male,Middle,Two,Three-wheeler,Lag,18.904048939930497,3.356706976033929,6.006916177295929,1.764302973766617,9,0,0.23099793925563442,0
1485,Male,Middle,More,Three-wheeler,Lag,18.09932280173757,4.444945619633036,15.760735001236188,1.522969367644945,5,0,0.21643393817941253,0
1486,Female,Young,Two,Two-wheeler,Lag,22.58634537040342,2.9256764845220524,1.8346138495338042,0.8402306899660412,7,1,0.21956257407150886,0
1487,Male,Middle,More,Three-wheeler,Lag,23.89155528784078,3.483303589012852,13.004483628772782,1.6953340862029107,9,0,0.1575861920450686,0
1488,Male,Young,Single,Four-wheeler,Lag,15.033380174748697,6.299357341480423,2.0806482496887257,1.1613279238561094,12,0,0.18621160933463451,0
1489,Male,Young,Two,Three-wheeler,Lag,16.09087524360086,2.4411656663829264,4.153194503696532,0.6851046702268767,8,0,0.11153740709240942,0
1490,Male,Young,More,Two-wheeler,Lag,14.151390699365946,2.2993248927597865,9.264222109616291,0.799238808560629,8,0,0.017734562089054696,0
1491,Female,Middle,Two,Three-wheeler,Lag,23.98812507106367,2.2719814171150885,24.0182550855248,0.6503199797173327,1,0,0.5645645504754199,1
1492,Male,Elder,Single,Three-wheeler,Gap,23.191438524672726,6.765492462806671,11.876054078278855,1.4480397319969012,5,0,0.3774088571982693,1
1493,Male,Young,More,Four-wheeler,Lag,15.099169713141773,2.356802361576439,7.938105000957521,0.9554283344431458,12,0,0.023570487014185956,0
1494,Male,Young,Single,Heavy,Gap,20.537154236448327,2.490796010534959,9.614931697438802,0.7113194304979313,2,0,0.1399772396118882,0
1495,Male,Young,Single,Three-wheeler,Gap,24.052386278960697,4.150055014950885,12.272931338001268,1.0862818358397153,4,0,0.3980179887376848,0
1496,Male,Young,More,Four-wheeler,Lag,29.04864368286021,4.388044160731249,13.17455588049259,1.7533345542344367,8,0,0.141527640928178,0
1497,Male,Young,More,Two-wheeler,Gap,14.879492506090038,3.613174963854067,7.158919724896067,1.3882562787318429,12,1,0.07554015369780337,0
1498,Male,Young,More,Heavy,Gap,17.155352243954955,6.065250767063748,5.846607908127881,1.2230931653289756,1,0,0.031874214236484746,0
1499,Male,Young,More,Three-wheeler,Gap,17.83769680224922,1.574845298270438,11.017698199412159,1.5242233354125547,11,1,0.20843277936762555,1
1500,Male,Young,Single,Three-wheeler,Gap,21.803492840521066,3.904295363003062,13.644343124684555,0.670921295074374,3,0,0.38143550597075954,0
1501,Male,Young,More,Three-wheeler,Lag,13.909200507112125,3.8586786994279643,17.411944908338832,1.7894779206387696,11,0,0.17179390438274464,1
1502,Male,Middle,Single,Two-wheeler,Lag,15.188268456312931,2.9737138910237455,12.695757303719489,0.8461196865523447,12,0,0.1853346329575507,0
1503,Male,Young,Two,Four-wheeler,Lag,24.35283504571873,5.085895862527366,14.565044763305181,0.5387438719238348,9,0,0.3555436511299271,0
1504,Male,Middle,Single,Three-wheeler,Lag,20.61023388442729,3.69205629020818,10.827461709581813,1.082445909754601,13,0,0.4230193375260145,0
1505,Male,Elder,More,Three-wheeler,Lag,14.481646427331103,2.712066186241142,12.237147517806038,0.633234336964659,14,0,0.029839755430925544,0
1506,Male,Middle,Two,Two-wheeler,Lag,18.432504607835977,1.9691263730458624,13.469091131642491,0.8301755318682349,13,0,0.11223455556036507,0
1507,Male,Young,More,Heavy,Lag,13.860465531312009,2.0843032573493865,6.585144525402566,1.5324813897706255,6,1,0.17467092817641336,1
1508,Male,Young,Single,Four-wheeler,Lag,18.053027004551755,5.071502711762454,21.801261928676972,1.1310859537653013,6,0,0.6916179770059738,1
1509,Male,Middle,Single,Heavy,Lag,18.60351154106894,2.7267328237536774,8.505702468849648,0.49378345205249285,2,0,0.22557803341472898,0
1510,Male,Young,Single,Four-wheeler,Lag,13.255879528045828,5.139312911957739,12.908192391230621,1.4066743393556334,3,0,0.45299010777293,1
1511,Female,Young,Single,Heavy,Gap,11.407425907225651,2.157443026163713,12.136927509853379,1.4882200803927144,8,0,0.08425242890577514,0
1512,Male,Young,Two,Three-wheeler,Lag,26.640996533535503,6.098794374366267,18.48274360519592,1.8384322573294232,2,1,0.9676021090565553,1
1513,Male,Middle,Single,Two-wheeler,Lag,26.81431781748757,4.708318051954451,4.100763273593971,0.8109750552667249,13,0,0.15482628039772559,1
1514,Male,Young,Two,Three-wheeler,Lag,6.024322338087517,2.136057090293688,19.53739695194329,1.7324159825763243,3,0,0.42897174847298286,0
1515,Male,Middle,Single,Three-wheeler,Gap,22.044999923461642,1.9540605752055022,4.617670233590893,1.4903762290969458,1,1,0.63875709047623,1
1516,Male,Young,Single,Four-wheeler,Lag,12.6923262071719,4.570025762775611,4.778245773027349,1.3112182837035287,3,0,0.2161988386677663,0
1517,Female,Young,Two,Two-wheeler,Lag,24.93905997169214,1.8999062753277614,18.7693871650728,0.9608044963884717,1,1,0.6814350228406956,1
1518,Male,Middle,Single,Two-wheeler,Gap,26.58393126154625,2.769982512748533,6.964642634421844,1.1911226999053195,2,0,0.11458335328113085,1
1519,Female,Young,Single,Four-wheeler,Lag,21.680347343622266,4.560435665062026,13.036090131623135,0.8757946554665783,7,1,0.7958349668723076,1
1520,Male,Middle,Single,Two-wheeler,Lag,21.62963583050555,5.143496878281276,10.4867115106835,1.5026220327614268,4,0,0.36225180897498627,1
1521,Male,Young,Single,Two-wheeler,Gap,18.183533592813205,4.420296199303477,21.812241329657606,1.4834858067172252,10,0,0.3645709949980414,1
1522,Male,Young,Two,Two-wheeler,Lag,16.239999526966898,5.022416333648786,16.52857038169583,0.8661949260548256,5,0,0.2816545923367753,0
1523,Male,Elder,Single,Four-wheeler,Gap,20.00845895046795,3.713582730681843,8.329447313095176,0.9490629671338866,9,0,0.07769343521720937,0
1524,Male,Young,Single,Two-wheeler,Lag,13.840660624922005,4.468752510895543,17.32738601604747,1.8361172205038843,8,1,0.8568049265065494,0
1525,Male,Young,Two,Two-wheeler,Gap,22.517846075892447,3.0488860337456942,6.389201615350068,1.206709598229647,2,0,0.05685686889466068,0
1526,Female,Elder,Two,Three-wheeler,Gap,19.59843690923235,4.491969063672212,13.104644393798365,1.2968020259031972,1,0,0.12803870953418986,0
1527,Male,Middle,Two,Four-wheeler,Lag,14.859906597192762,4.098281896334676,15.816633820599828,2.047546896139815,11,0,0.36226852274880034,0
1528,Male,Middle,Single,Two-wheeler,Lag,21.26911030604715,3.759712818538806,14.781830545819261,0.8880707834672226,8,0,0.3311754264647737,1
1529,Female,Young,More,Two-wheeler,Lag,24.640418157104055,6.389792159729669,13.867689021870333,1.386314820870895,2,0,0.08934668631618195,0
1530,Male,Young,Single,Heavy,Lag,21.276097882003054,3.4393472550477164,17.783640037577186,1.584608247311359,8,0,0.5320934330922036,1
1531,Male,Middle,Single,Four-wheeler,Lag,20.435513563262823,3.8992678780993897,12.054711448888074,1.0319086602082834,4,0,0.4109855611937722,0
1532,Female,Young,More,Two-wheeler,Lag,25.768144261279822,3.561036345683108,21.484925677247375,1.019130096679742,1,0,0.1090281453454084,0
1533,Male,Young,Two,Three-wheeler,Lag,7.731224794394423,2.76395470344581,4.784169322279939,1.8246679442712737,3,0,0.1491488917971148,0
1534,Male,Middle,Two,Two-wheeler,Lag,21.682291782927805,3.00381601812125,8.681556573964087,0.7170640120387819,9,0,0.10243163396965702,0
1535,Female,Young,More,Four-wheeler,Lag,18.740534321218373,5.972647334120901,16.550655399456687,0.815264647508118,5,0,0.10793056402855582,0
1536,Male,Young,Single,Three-wheeler,Lag,15.191040482101961,3.2010509712620543,7.865884382837324,1.1381573746661335,6,0,0.31418323864742304,0
1537,Male,Child,More,Heavy,Lag,31.37978921843011,4.097142482287222,10.142072953010425,1.623736769037096,2,0,0.05784149377419228,0
1538,Male,Young,Two,Four-wheeler,Gap,18.655777804942055,3.735798292022009,16.30779043455453,1.1879115652323675,1,1,0.7214481158654884,1
1539,Male,Middle,Single,Four-wheeler,Gap,17.638686367382267,5.021852561715156,11.751197691334474,0.9719542813076679,3,0,0.27706614666024537,1
1540,Male,Elder,Single,Two-wheeler,Lag,14.674102174011782,4.380981175992929,5.657453970328853,1.1487474420894068,6,0,0.0806644693498009,0
1541,Male,Young,Single,Heavy,Lag,35.165454508784705,1.9177583301265577,5.4033541513871794,1.1771721988665858,11,1,0.6894877635065451,1
1542,Male,Young,More,Four-wheeler,Lag,25.96956829620634,3.0851525258706847,7.747235946130375,1.515549168502683,9,0,0.05111673333823408,0
1543,Male,Young,Single,Four-wheeler,Lag,11.837905345612269,4.210409129240994,7.778245070321654,1.7572568075008288,2,0,0.29089815672254965,0
1544,Female,Young,Single,Two-wheeler,Lag,20.94617804111651,2.363479133140541,4.610336991674202,1.034075550253594,1,0,0.07905302423125665,0
1545,Male,Young,Two,Four-wheeler,Lag,14.17898002925261,3.5414165478619615,17.91847764902346,1.490148650918496,3,1,0.8416574062710804,1
1546,Male,Elder,Two,Four-wheeler,Lag,23.214206053482926,2.962161348251784,7.420744793047713,1.480540072813056,11,0,0.08695780920159399,0
1547,Male,Middle,Single,Heavy,Lag,19.795214247712053,1.8022287038705183,17.033114464741363,1.5737364424891644,6,0,0.4424402981050603,1
1548,Male,Young,More,Three-wheeler,Gap,13.206095076558558,6.680052216634734,24.940106019610724,1.3247246809604645,10,0,0.2783551729335153,0
1549,Male,Elder,Two,Three-wheeler,Gap,20.82231703950178,5.31830900659949,8.277613130159285,0.5187380225351335,5,0,0.10653595994232569,1
1550,Male,Young,More,Three-wheeler,Lag,27.542750612331854,4.341761520926559,24.57237708571379,1.4217384532719597,7,0,0.4690670421485022,0
1551,Female,Elder,Single,Four-wheeler,Lag,17.729310695958333,2.5356761283530544,5.727809546959678,1.3684323079214178,7,0,0.0641690483753129,0
1552,Male,Young,Single,Heavy,Lag,10.976689590068242,6.239694257696559,13.693184005155652,1.3675008267761832,7,0,0.4645070430881961,1
1553,Male,Young,Two,Four-wheeler,Lag,28.956813943270358,3.9363112279786936,28.183425850530156,0.9853949722078472,6,1,0.9617784933888732,1
1554,Male,Elder,Single,Three-wheeler,Gap,14.043076623270881,5.739290897009722,17.192773376202346,0.7142153717696323,3,0,0.3529474697968182,0
1555,Male,Young,Two,Two-wheeler,Lag,19.668285076751634,1.6111435628250728,6.4621930728335855,0.8630655129504778,5,0,0.06308208448668297,0
1556,Male,Young,Single,Four-wheeler,Lag,20.647292296029406,2.4182652946322634,6.968813682453982,0.9007317299450663,15,1,0.5958194734434433,0
1557,Male,Young,More,Four-wheeler,Lag,16.019860265982334,4.08980206964382,7.060731459428435,0.8399930898207929,4,0,0.03977784084260125,0
1558,Male,Middle,More,Two-wheeler,Lag,14.855998049317812,5.140580661705119,22.340027563680252,0.9385724516977063,9,0,0.14185374797175473,0
1559,Male,Middle,More,Three-wheeler,Lag,13.285373007457135,2.428480343766184,6.752063695797222,0.6557682381484121,13,0,0.030796546999949794,0
1560,Male,Young,More,Heavy,Gap,11.837217242029489,2.9599263839078005,11.258851458271947,0.9703898701254176,7,0,0.019082011622816145,0
1561,Male,Middle,More,Three-wheeler,Lag,20.13278715261438,3.8012245176853883,8.582965241870175,2.5830499835621232,6,0,0.13129450032097936,1
1562,Male,Middle,Single,Three-wheeler,Gap,25.63460347807323,6.948000151889829,8.775556992074021,1.251505980285593,2,1,0.8963216688006709,0
1563,Male,Young,Single,Three-wheeler,Gap,13.65977690349219,4.553527211190894,9.56305413268752,1.0615154951894163,9,0,0.23291294948273916,1
1564,Male,Child,More,Three-wheeler,Lag,22.9667339180922,5.268265944148466,8.500706133659467,1.5064678892870538,12,0,0.05544478341149958,0
1565,Male,Young,More,Two-wheeler,Gap,18.782652407536464,4.082228507741642,12.822887512750247,1.2042047642754055,16,0,0.019551720669155417,0
1566,Male,Child,More,Four-wheeler,Lag,10.0775678743955,4.944770179963783,9.85080772228356,0.5615921907330811,3,0,0.023654780817742325,0
1567,Female,Young,More,Four-wheeler,Lag,20.52442891364961,3.5523553402430483,10.10978102505778,1.292522466390959,12,0,0.032429375284536106,0
1568,Female,Young,Single,Four-wheeler,Lag,16.284434895209447,2.1792473636291376,11.197694658277614,1.013374710455279,5,0,0.1715197744186991,1
1569,Male,Young,More,Four-wheeler,Lag,21.514306239030798,4.2020090842179885,8.689508092115275,1.3199826933207832,7,0,0.06134503136191619,0
1570,Male,Young,More,Two-wheeler,Lag,17.852548231214932,3.842920206497123,15.883746844456152,0.8394088241789326,3,0,0.06843591706182617,0
1571,Male,Middle,Two,Two-wheeler,Lag,22.42860165207879,3.486572411470021,11.155325280724902,1.2189482384945798,3,1,0.6695041764802405,1
1572,Male,Young,More,Two-wheeler,Lag,27.821488269246306,2.8156743309758534,11.252021610041075,0.8692145176619452,7,0,0.04244180053072909,0
1573,Male,Elder,Two,Two-wheeler,Lag,16.15315104175636,4.487754029393305,6.088103014553537,1.006980972971295,6,0,0.05274069260831836,0
1574,Male,Elder,More,Four-wheeler,Lag,28.699266117678256,4.646747302423297,1.983655367737537,1.4617530413933983,14,0,0.018519697748148174,0
1575,Female,Middle,Single,Two-wheeler,Lag,15.40478353779221,3.1130812997716353,17.21659027804389,0.9162327374578634,3,0,0.2519380967069214,0
1576,Male,Elder,More,Four-wheeler,Gap,11.86680539706148,5.304230690555031,18.550347446650346,1.1451701477215321,11,0,0.03639874616958262,0
1577,Male,Elder,Single,Two-wheeler,Gap,15.173525553035443,3.1307258107433507,6.675708281137394,0.6651857072287384,6,0,0.03128749338503363,0
1578,Male,Young,Single,Two-wheeler,Lag,25.038320582655118,2.086880586124924,8.75466201264876,1.4617497786199765,2,0,0.21093822367895265,1
1579,Male,Middle,Single,Two-wheeler,Gap,22.600834416250805,2.387133578026697,8.72061777534198,1.2828515299400371,3,0,0.11096049665482105,0
1580,Male,Young,Two,Three-wheeler,Lag,30.562247729414295,3.5143574248239164,14.401389357767691,1.6499739288473272,9,0,0.5282502603937067,1
1581,Male,Middle,Single,Four-wheeler,Lag,23.116311239574266,1.9123486992242242,5.649937711008641,1.278434561324573,10,0,0.1754789430601545,0
1582,Male,Young,More,Four-wheeler,Lag,18.78280321414822,4.2337509742692,25.63156925526267,2.4230812227747345,1,1,0.8517884597861844,1
1583,Male,Child,Two,Two-wheeler,Lag,26.956143876839008,4.533788473417671,2.8436230433973186,0.9341140833795233,5,0,0.049413673524303356,0
1584,Male,Young,More,Four-wheeler,Gap,29.6684220537067,3.6815906932789972,24.978348955249437,1.5369439831589644,6,1,0.6922733805460429,1
1585,Male,Elder,Single,Four-wheeler,Lag,24.568381442111193,5.04492529647211,3.0229663364898594,1.162353654843804,7,0,0.14523089649138168,0
1586,Male,Young,Single,Three-wheeler,Lag,20.816651924399487,5.577009760830865,8.029482109274584,1.0981700024971244,8,0,0.4710201277406117,0
1587,Male,Young,More,Two-wheeler,Lag,25.269894434295004,3.3718503262297226,6.84841795406169,1.5218715619774061,10,1,0.20061604243293124,0
1588,Male,Young,Two,Two-wheeler,Lag,14.890565194558224,1.9741068881013668,7.010368050356446,2.0315982045382577,4,0,0.08659301682237348,0
1589,Male,Young,Two,Two-wheeler,Gap,27.201179440082832,2.655302565768062,29.520649902701372,1.5566353770617671,2,1,0.8942973077229954,1
1590,Female,Middle,More,Heavy,Lag,36.44000631199431,4.023971675254375,10.398922688390238,1.044640610885388,3,0,0.0810124556815321,1
1591,Female,Middle,More,Three-wheeler,Gap,22.40840133733615,3.243557311302487,4.233725548386271,1.2498193584728168,13,1,0.10626306635387742,0
1592,Female,Young,Two,Three-wheeler,Gap,15.237838221985257,4.116288075528815,26.188327777556616,0.9020091862071851,7,0,0.41746190139776534,0
1593,Male,Young,More,Four-wheeler,Lag,14.107488715390046,4.05435717524341,6.701757722591354,1.3779757464130813,3,0,0.04263447411377742,0
1594,Male,Young,Two,Three-wheeler,Lag,29.748257111584053,3.855199317308743,3.11888495407376,1.128643653888946,10,0,0.2114793264998297,0
1595,Male,Young,Two,Four-wheeler,Lag,26.36077906994754,2.3471196994931978,1.7850872154419957,0.9168766014823737,7,0,0.083620217197256,0
1596,Male,Middle,Single,Two-wheeler,Lag,23.774247197597813,2.8539171900024893,10.480366447935836,0.5379025729488027,5,0,0.21392819948972155,0
1597,Female,Middle,Single,Three-wheeler,Lag,29.157093449100017,3.1563796604510284,20.976000907711533,1.908787947664703,0,0,0.7756171840809151,1
1598,Female,Young,Single,Two-wheeler,Lag,20.066478157091893,4.665511680323737,1.5630061152535202,0.6769277193167651,10,0,0.060765339228076795,0
1599,Male,Middle,More,Three-wheeler,Gap,26.817189676587503,4.10674847399053,15.239985758191771,1.0436752348331981,9,0,0.11005740197618852,0
1600,Male,Young,Two,Three-wheeler,Lag,14.53662396601589,3.9822278390268218,7.02456576532386,0.8646498536951799,3,1,0.7033022557224348,1
1601,Male,Middle,Single,Four-wheeler,Gap,14.969843283847219,4.072514564242142,6.262872338864931,1.232003135821389,4,0,0.1363703514710706,0
1602,Female,Young,Two,Four-wheeler,Lag,20.192002928319454,3.5406973976878646,14.794714905023572,0.8710747820502487,4,0,0.21860780708598848,0
1603,Male,Middle,Single,Four-wheeler,Lag,17.596417654403886,1.5821251248456396,15.733594512417149,1.5285029939295685,8,0,0.3696144588818556,0
1604,Male,Young,Single,Two-wheeler,Lag,19.067154832963496,2.5360651486401693,12.103306602697874,0.9124243429774184,4,0,0.21601451428800425,0
1605,Male,Elder,More,Heavy,Gap,24.697223386276637,2.262557781495099,5.942563864583407,0.8574299154442704,4,0,0.008109057669746346,0
1606,Male,Young,Single,Two-wheeler,Lag,11.106222801838015,1.7963463469654308,1.2212363071987653,0.901661281543961,5,0,0.04649280117333749,0
1607,Male,Child,Single,Four-wheeler,Gap,23.29821031338018,2.9678427813092543,15.500218146229212,1.0054514108774242,16,0,0.11597515238766491,0
1608,Male,Young,Two,Four-wheeler,Gap,12.510922228519881,4.502508758851837,12.817290530972432,1.4042977383472666,6,0,0.15130394433951483,1
1609,Male,Young,Single,Four-wheeler,Lag,25.76301154144703,2.129951392293077,9.802046184368354,0.8916841938505963,5,0,0.27870648929106545,0
1610,Male,Middle,Two,Three-wheeler,Lag,15.3574352268196,2.1090545245176786,6.159221413458619,1.4745005763796297,6,0,0.17167832408593303,0
1611,Male,Middle,More,Four-wheeler,Lag,23.53610617770154,2.179810574727087,16.05213001439529,1.1599182950466878,9,0,0.09171899025860047,0
1612,Male,Middle,Two,Four-wheeler,Lag,21.32049893441404,2.7973513421551752,3.0769419330814216,0.8740073759474281,11,1,0.42768302912815126,1
1613,Male,Young,Two,Two-wheeler,Lag,18.391447775198174,2.540514295640309,13.604124752336148,0.932685522415904,17,0,0.10861080091971059,0
1614,Male,Middle,Single,Four-wheeler,Lag,16.551334400246652,1.2680655497267561,14.484448712045513,1.2696131180864305,6,1,0.7896031078181698,1
1615,Male,Middle,Two,Two-wheeler,Lag,11.299032856526212,2.8210033914587784,6.341795753465022,1.1012362848641466,6,0,0.06606630821809654,0
1616,Male,Young,Single,Three-wheeler,Lag,17.913674845161065,6.615354418395597,10.816492258194113,1.254159220573777,4,0,0.6218944653767426,0
1617,Female,Young,Single,Four-wheeler,Gap,15.330341044068149,3.0238539471310872,11.438087843140991,1.6478625788900318,9,0,0.11261165308917326,0
1618,Male,Young,More,Four-wheeler,Lag,13.89642342938393,2.5771156340274857,12.668881533332033,0.6036416160145729,8,0,0.0409705064936407,0
1619,Male,Young,Single,Three-wheeler,Lag,23.597172885165335,3.5179907986522565,20.20609252374805,1.1184069001012131,5,0,0.737521502142418,1
1620,Female,Middle,Two,Three-wheeler,Gap,15.563692164132792,2.648040817899612,11.885812314435327,1.1432491173727042,6,0,0.1097716850870435,0
1621,Male,Elder,Single,Three-wheeler,Lag,15.76467901882766,3.7128347756961277,2.9853701887131923,0.9468664443662166,3,0,0.14025642362388954,1
1622,Male,Middle,More,Three-wheeler,Lag,17.718445821630986,3.2276528725011375,8.499464551097882,1.173134321482766,8,1,0.38253525532691707,0
1623,Male,Young,Single,Three-wheeler,Lag,19.49374148860762,5.06820626629552,13.337633146685173,1.3147030480314736,3,0,0.6361282831871071,0
1624,Female,Middle,Single,Three-wheeler,Lag,20.211242995516,5.305565927361493,8.297781750162516,1.3360547490234171,4,0,0.40839826193181034,1
1625,Male,Middle,More,Four-wheeler,Lag,22.39926860032928,4.214512774915646,16.191530390030056,1.439387801777859,1,0,0.17784422913230072,0
1626,Male,Young,Single,Three-wheeler,Lag,21.27210255808588,2.5947581741357353,5.702418257093325,0.6727238496453029,3,1,0.7583879331645318,1
1627,Male,Middle,More,Two-wheeler,Lag,19.761503392847857,3.4518459253302853,4.745850746217727,1.1935605882162408,3,1,0.16777984300559287,0
1628,Female,Young,Single,Three-wheeler,Lag,18.51271679361119,2.9207378212842774,6.486965719608332,1.5596632990716122,9,1,0.6870981288365688,1
1629,Female,Child,Two,Two-wheeler,Lag,16.521649781106426,4.5475047624273826,19.24143221068942,1.1879720746985785,8,1,0.5355117832686309,1
1630,Male,Young,More,Three-wheeler,Lag,23.118197992264093,1.4696033701450761,14.336728487932874,1.4225138401282889,6,0,0.11461011639949951,1
1631,Male,Young,Two,Three-wheeler,Gap,17.363519352312892,4.040177310972182,11.435530001167308,1.3425030723014695,5,0,0.21790101925110975,0
1632,Male,Elder,Two,Three-wheeler,Gap,25.812548187173583,2.980281265610812,7.731632111292896,1.1988657602548058,12,0,0.07296975657422454,0
1633,Male,Young,Single,Three-wheeler,Lag,21.238145300617987,3.473397542298353,20.988512818694264,0.6771472838025214,11,1,0.9433844201821489,1
1634,Male,Young,More,Three-wheeler,Lag,21.936511178244718,2.9795137835928474,19.70916774298651,1.39373698780137,7,0,0.23333138341393883,0
1635,Male,Young,More,Four-wheeler,Lag,20.142106664171344,3.1150044419621454,9.415778372884718,1.2777928077611447,8,0,0.04846491697285012,0
1636,Male,Young,Two,Three-wheeler,Gap,28.210252003018418,4.080029702713798,15.84229055378585,0.4897226812192047,10,0,0.3138539356803544,0
1637,Male,Young,More,Three-wheeler,Gap,18.911312635133882,3.82412241050756,20.750429182050375,0.8878383344361607,9,1,0.5451805408226725,0
1638,Male,Young,Two,Two-wheeler,Gap,18.988061343864192,2.703697799987813,7.957636613221873,0.6398550830975942,3,0,0.04584283915328322,0
1639,Male,Middle,Two,Two-wheeler,Lag,26.97375116782701,1.6213195749435463,8.22208670365537,1.318879786506471,6,1,0.5163553270226594,0
1640,Male,Young,Single,Three-wheeler,Lag,21.50925375575319,4.8240803621208235,11.875344845128538,0.5201208078141759,2,1,0.911177269303814,1
1641,Male,Middle,Two,Four-wheeler,Lag,19.303072765424496,3.507661329834321,9.565536481653526,1.7027243399696523,10,0,0.21237862021241827,1
1642,Female,Young,More,Two-wheeler,Lag,16.45967855013502,3.8976175438931904,16.041658116525053,1.9933909211027432,8,0,0.050392449343822907,0
1643,Male,Middle,Two,Two-wheeler,Gap,16.162008658342,3.4961193211945876,11.723136633671146,2.159068568956766,16,0,0.07967412884809286,0
1644,Male,Middle,Single,Three-wheeler,Lag,24.76189782234335,3.898287734763912,6.12640611714021,0.9147988814117576,2,0,0.4171696244657555,1
1645,Female,Young,Two,Three-wheeler,Lag,16.751217297784905,3.924013484817287,8.693039689900601,1.233147053097979,6,0,0.18805364050488418,0
1646,Male,Young,More,Heavy,Lag,6.8314829321255335,1.2844039156793254,14.14729186714618,1.8101179124371907,9,0,0.03705684376416425,1
1647,Male,Elder,More,Two-wheeler,Lag,8.798660199629607,3.632055551558284,2.619582017337809,1.4619755401948171,11,0,0.005297670716202703,0
1648,Male,Young,Single,Two-wheeler,Lag,31.255367336815652,3.537379009993248,8.451755965252238,1.0068963007184866,11,0,0.22440056900269806,0
1649,Male,Middle,Single,Three-wheeler,Lag,20.862051995106402,2.0164562162656825,1.5359235304518144,1.6865083248656818,3,0,0.22869127858141225,0
1650,Male,Child,Single,Two-wheeler,Lag,19.86461057006427,4.335496068115248,17.528955892767115,1.3231827949314403,16,0,0.21477745562996756,0
1651,Male,Young,Single,Two-wheeler,Gap,27.79844000570338,2.6727870440354518,4.181699700553446,1.5196969033573857,16,0,0.05862190186943639,0
1652,Male,Young,More,Three-wheeler,Lag,17.888200933091458,1.7193217423944813,3.236020309028044,2.112642183857493,15,0,0.028121240211821562,0
1653,Male,Elder,Single,Three-wheeler,Lag,24.633909452603564,4.568802467874663,16.638801791227745,2.5581219248919735,7,0,0.6457835574906351,1
1654,Female,Young,Two,Two-wheeler,Gap,23.31432265225885,4.873988823076608,3.5378060074274638,1.244083278285639,10,1,0.2101207133336742,0
1655,Male,Middle,Single,Four-wheeler,Lag,19.6970310098207,2.691009361821116,14.402382369643044,0.8141097949895849,1,0,0.4141040975688378,0
1656,Male,Middle,Single,Three-wheeler,Lag,24.243772981658477,4.125002135805017,9.088574594921722,1.3771563173316246,3,0,0.5341233176845073,0
1657,Male,Young,More,Two-wheeler,Lag,30.175495595689643,1.1136326631984312,17.551890732573305,1.4067932589492547,1,1,0.4482542555974166,1
1658,Male,Young,Two,Four-wheeler,Lag,15.331897607792484,4.2436605596108095,5.563274039116469,1.3210994312805522,6,0,0.14091563161355614,0
1659,Male,Young,Single,Three-wheeler,Lag,8.593096525941814,3.4242912354391817,3.414234794415214,1.150733086033052,14,0,0.1487937795088467,0
1660,Female,Young,Single,Heavy,Lag,25.176819817890696,4.522618527051519,6.43810062153093,1.3320764554831466,8,1,0.6850458446898965,1
1661,Female,Middle,More,Heavy,Lag,18.652502352917676,3.2039323054579962,21.691812500412958,1.277253560920496,6,0,0.11839208112224979,0
1662,Male,Young,More,Three-wheeler,Gap,20.64341158874709,3.0711281670042627,17.759539610353084,1.9814507845988696,10,0,0.11051991688325295,0
1663,Male,Young,Single,Three-wheeler,Lag,15.751707028423956,4.745088013546705,7.4765350875800785,1.693425285612375,7,0,0.4161944982401395,1
1664,Male,Middle,Two,Four-wheeler,Lag,25.62923174931162,1.5721883318697383,6.016744333128161,1.1184965644464526,6,1,0.5435180797751697,0
1665,Male,Middle,Single,Three-wheeler,Gap,23.3042521507712,2.4777616496745107,5.036290920897783,1.3196140448145606,7,0,0.1698849319989199,0
1666,Male,Young,Two,Two-wheeler,Lag,29.38853016287006,3.263174692111316,6.303222306239006,1.314030946006619,6,0,0.13032288489796054,0
1667,Male,Middle,Single,Three-wheeler,Lag,19.671095679596682,3.82677006689212,5.9962097762872375,1.2507551522261113,8,0,0.3425350251520185,1
1668,Male,Young,More,Three-wheeler,Lag,31.071193440340778,1.116750992482979,19.68664128600095,0.6323702268120727,10,0,0.17051207183105194,0
1669,Female,Middle,More,Four-wheeler,Lag,20.171108500900388,3.7606971345083604,1.6569498966681753,1.4956487679846535,6,0,0.018051910191079823,0
1670,Male,Young,Single,Four-wheeler,Lag,21.751034342805358,3.1583666618608524,19.386307569424815,1.52150689932067,5,1,0.9254106278696228,1
1671,Male,Young,Two,Four-wheeler,Lag,22.54739760936713,3.9337635982796133,2.2884834942362717,1.2207907744368904,7,0,0.11467049970385815,0
1672,Male,Young,Single,Four-wheeler,Gap,19.875097228988427,5.1390844028544205,17.69494950759435,1.837368881408834,12,1,0.8615244989621185,1
1673,Male,Middle,Single,Four-wheeler,Lag,20.90386631108887,3.3513848540944458,9.855401946574384,2.24104645237919,5,0,0.40408330813133864,1
1674,Female,Middle,Single,Three-wheeler,Lag,15.76745455130715,3.697264245290491,3.2360411302322216,1.648442732629341,11,0,0.1679960877346105,1
1675,Male,Young,Single,Heavy,Lag,18.048153860840582,3.4181233640074757,16.9498999732508,1.9174059753048684,7,1,0.896287623877232,1
1676,Male,Middle,More,Heavy,Lag,22.988921343764314,2.1487160037886612,6.952667299179318,1.2245308476905057,0,1,0.2730712392784981,0
1677,Male,Middle,Single,Four-wheeler,Lag,10.318116814780451,4.525303761375023,19.31072210793519,1.8736026746101453,6,0,0.6013512353328268,1
1678,Male,Young,More,Four-wheeler,Lag,22.963413395148624,4.992602360241868,15.831791076314865,1.9430612897901303,3,0,0.20217919082977537,1
1679,Male,Middle,Single,Three-wheeler,Lag,17.146510712068345,4.60579275230671,26.10323029656115,1.3819963458121494,2,0,0.8757230335109464,1
1680,Male,Young,Two,Three-wheeler,Lag,16.623862239768503,5.498765759827958,17.838056643351205,0.8048738373069547,3,0,0.5910948821763534,0
1681,Male,Elder,Single,Four-wheeler,Lag,22.852333820696057,3.4340322453541523,6.6704635082509816,0.807375361085189,9,0,0.12559645238678088,0
1682,Male,Young,More,Two-wheeler,Gap,15.610075559291746,4.006475255430585,9.579700684246685,1.2074088958319058,7,1,0.11872618761836645,0
1683,Male,Young,Single,Three-wheeler,Gap,29.894108599016533,2.395331833024717,14.649407116062395,1.527606244490912,6,1,0.8667758515330638,1
1684,Male,Young,Single,Three-wheeler,Lag,32.977229935860905,5.93033459881713,8.004480317724115,1.2402089509029497,6,0,0.6261217441814265,1
1685,Female,Young,More,Four-wheeler,Lag,19.429537098254958,3.7774767993476566,11.887334554987957,1.6261675514756406,5,0,0.0544071245580675,0
1686,Male,Middle,Two,Three-wheeler,Lag,18.621152132773794,2.7681147062199156,6.6094361396444405,1.578083241574798,12,0,0.19370331132704235,0
1687,Male,Young,Two,Two-wheeler,Gap,12.186033227636681,4.578572320990663,13.9874199825396,0.8833050966265339,13,0,0.07934911562666559,0
1688,Male,Young,Single,Two-wheeler,Lag,24.31096999430455,3.795962477284945,8.451190966478343,0.7757691782579157,9,0,0.19103786130740855,1
1689,Male,Young,Single,Three-wheeler,Lag,14.534458391965751,5.522219491215593,2.666475361180077,1.4865005528978137,4,0,0.3262477364238965,0
1690,Male,Elder,More,Three-wheeler,Lag,28.397354468346123,4.429606331120517,24.31348933927977,1.0330344975759242,12,0,0.2624277477349584,0
1691,Male,Middle,Two,Two-wheeler,Lag,32.96003181452652,4.944134201496029,18.19184099387909,1.9298011105941684,10,0,0.5191809810102319,1
1692,Male,Young,Two,Four-wheeler,Lag,13.543321500877912,3.67295932368937,7.790500516614227,1.756721819245715,2,0,0.18492755554298643,1
1693,Male,Young,Single,Three-wheeler,Gap,22.686252307101295,3.5835158039391217,4.457337294258621,1.1836832222489342,4,0,0.1900845880937831,1
1694,Male,Young,Single,Three-wheeler,Gap,19.540784502086087,4.379563052771886,15.455641720907153,1.3308438153245494,4,0,0.47604794325763816,0
1695,Male,Elder,More,Three-wheeler,Gap,20.59741658549594,2.0719894026378336,6.293241003194661,1.7119424412781479,9,0,0.0132735528487391,0
1696,Male,Middle,Two,Three-wheeler,Gap,14.90178566777789,1.7151142962197827,12.921951987972369,1.7630836266683148,6,0,0.17652948367843585,0
1697,Female,Middle,Single,Four-wheeler,Lag,23.3429301377637,6.092477504212672,16.455883851399868,1.3035423838664408,4,0,0.5809011734368847,1
1698,Male,Elder,More,Two-wheeler,Lag,14.621258348297307,5.209384889575024,7.239661310848028,2.1304433695495044,3,0,0.024373754673826582,0
1699,Male,Young,Two,Three-wheeler,Lag,26.74624648499929,5.594151627217217,7.456240391872038,1.2623778474369536,6,0,0.40520034443583186,1
1700,Male,Middle,Single,Four-wheeler,Lag,19.371289888114568,1.7835374556983545,2.8370994792892157,0.5919573848477342,8,0,0.10238732013955755,0
1701,Male,Young,Single,Two-wheeler,Lag,21.950275804876462,2.795498684538168,8.069708846424442,1.3101456424008588,6,0,0.17732533631257608,0
1702,Male,Young,Two,Four-wheeler,Lag,27.944489070748887,5.100440966163748,12.778655133891197,1.5892705543577312,3,0,0.46146292656251653,0
1703,Male,Young,Single,Heavy,Lag,23.58756058923548,1.9763821264712091,5.01461656723934,2.253367799535429,7,1,0.6872355064272379,1
1704,Male,Young,Two,Four-wheeler,Lag,20.59321024518679,3.3835887527612174,23.037683638028618,0.7280744243651749,21,0,0.382834963789877,0
1705,Male,Elder,Two,Heavy,Lag,18.639361284486064,3.039496660085253,15.181498505304091,1.1716207236550653,2,0,0.18736068321094768,0
1706,Male,Young,Single,Three-wheeler,Lag,19.486439427900798,4.959691291100102,5.974244213585989,1.3380388045926446,6,0,0.40209070866396435,0
1707,Female,Middle,More,Three-wheeler,Lag,17.736593235533388,3.58584849950738,11.615301308577594,1.7863594031870695,5,0,0.08625098487115604,0
1708,Male,Middle,Single,Two-wheeler,Lag,29.00575492363277,2.8693494317360084,9.282639965565634,1.5001475627871945,3,1,0.7729121312475926,1
1709,Male,Middle,Single,Two-wheeler,Gap,16.299250071980214,3.604775390819847,9.130353196252077,0.9210374673462142,11,0,0.08518292875627947,0
1710,Male,Elder,Two,Three-wheeler,Lag,18.73555506813313,2.114860963307547,12.120171888122428,1.7370725539348308,14,1,0.6076580343564534,0
1711,Male,Young,Two,Three-wheeler,Lag,24.311068628022156,4.280470152783927,3.9763285158100468,1.4322859133202333,4,0,0.26122707576526527,1
1712,Male,Young,Single,Three-wheeler,Gap,18.077623254788023,3.8963645914857246,6.19206187995398,1.8203280070466505,4,0,0.23748405911425613,0
1713,Male,Young,Two,Three-wheeler,Gap,26.78412747044864,3.8405078064196516,4.8869179605824185,1.6873031663234161,1,0,0.18459331002717144,0
1714,Male,Young,More,Four-wheeler,Gap,16.127013979488257,3.3421362975859363,5.386080448513761,0.7699101895840239,7,0,0.012459696740657097,0
1715,Male,Elder,More,Two-wheeler,Lag,9.809135614252567,2.8826646207194964,13.839858839690926,2.0576086231833264,0,0,0.028124593300986267,0
1716,Male,Young,More,Three-wheeler,Gap,21.85934706128919,1.8070640643736795,30.355604602833687,1.1871285364417787,6,0,0.27266815608631717,1
1717,Male,Young,Single,Two-wheeler,Lag,20.134569208470808,5.492522327751401,13.762011970282256,2.2254066194932696,2,0,0.5086048546837059,1
1718,Male,Young,Single,Four-wheeler,Lag,28.397790821190682,3.276821819265137,26.62826754563111,0.859678345591668,8,0,0.7694517892619235,1
1719,Male,Young,Two,Three-wheeler,Lag,18.933284409416174,3.5186207242501712,12.417001594732223,1.6153673559582153,13,0,0.33522334104102103,0
1720,Male,Middle,Single,Four-wheeler,Lag,13.888275518673948,3.149775694737599,7.432794786367946,1.0143762187499148,1,0,0.23185776862935076,0
1721,Female,Young,More,Two-wheeler,Gap,17.553843752738896,6.217551094751945,19.10883192438598,0.6011337025589817,9,0,0.03892724144073111,0
1722,Male,Middle,Single,Three-wheeler,Lag,18.502125776680302,4.538413672039642,2.982090306532715,2.4181314029263135,10,0,0.3529547367652568,0
1723,Male,Middle,Single,Heavy,Gap,21.19459665964783,2.0161008825436,3.843957241353608,1.0127293866810674,2,1,0.4318915929933424,1
1724,Male,Middle,Single,Two-wheeler,Lag,16.668530768649653,3.8640738952903373,22.646807364726516,0.6803771795683132,13,0,0.4550936000423942,0
1725,Male,Young,Single,Three-wheeler,Lag,20.72700489533109,3.4844032922684773,13.744630121455419,1.7394120263195516,7,1,0.9180566670955027,0
1726,Female,Middle,Single,Two-wheeler,Lag,27.45313933738369,4.526324099149337,21.51788531930308,1.162007626743233,6,0,0.5319593076606761,0
1727,Male,Young,Two,Two-wheeler,Lag,18.941830243358584,6.694059649599808,4.528407421411496,1.326113231949414,8,1,0.5771543720599702,1
1728,Male,Young,Two,Three-wheeler,Lag,22.20123601867227,4.329514133212358,16.199034444604276,2.252226515369723,4,0,0.629074659759215,0
1729,Female,Middle,Single,Two-wheeler,Lag,15.870869316493142,4.872852799672443,6.557025545168707,1.216874078575609,0,0,0.15229827277664756,1
1730,Male,Middle,Single,Three-wheeler,Lag,24.759744788665426,3.538978957230019,8.471954540267973,0.6523428596958745,5,0,0.42031389594240137,0
1731,Male,Young,More,Heavy,Lag,16.587409111308705,3.1429283024458363,20.11490351034558,1.4670228408371535,9,0,0.1285122487980953,1
1732,Female,Middle,Single,Two-wheeler,Gap,21.1468426252734,3.976822625280659,9.613746873801711,1.492937906673168,12,1,0.4289808682737911,1
1733,Male,Young,Two,Two-wheeler,Lag,17.09005018180235,4.348998536949571,14.133670205718968,0.8700250751833201,5,1,0.6885099628237741,1
1734,Male,Middle,Two,Four-wheeler,Lag,11.733312345115673,2.640985255595834,19.6519118321661,1.2902547471442618,3,0,0.37293911876971936,0
1735,Male,Elder,Two,Three-wheeler,Lag,17.397330004500496,3.5412597298562285,19.059370980016006,1.0903902533432874,2,0,0.3959880573348913,0
1736,Male,Young,More,Heavy,Lag,15.554412015124317,2.1224428178730355,1.3062861539418336,0.6134807561283926,13,0,0.008997046791289329,0
1737,Male,Middle,Two,Three-wheeler,Gap,26.963461723521352,2.5973621958679365,5.06471215453886,1.0224930554659302,3,0,0.12813953700906625,0
1738,Male,Middle,More,Four-wheeler,Gap,16.52803407437275,4.971935724559467,20.990005753127477,1.8596942281026898,12,0,0.11963615999226383,0
1739,Male,Middle,More,Heavy,Lag,30.870481189078383,2.2844595115380066,12.162300504154246,1.0087278267496091,3,0,0.08764093655522133,0
1740,Male,Middle,Single,Two-wheeler,Gap,19.911242409081854,4.605258992455859,10.764129739408236,0.9100544355553501,0,0,0.1858561797120234,1
1741,Male,Middle,Single,Four-wheeler,Lag,15.725584628661093,3.1397602600011516,2.9321404805351596,1.9658523404591008,3,1,0.6649800943712726,0
1742,Male,Young,Single,Four-wheeler,Gap,18.474945388333996,4.043611492621953,1.811414672201602,1.1054854096823579,6,0,0.08270555366125708,0
1743,Female,Middle,Single,Four-wheeler,Gap,14.982832026052908,5.16375407493406,23.062618232219066,1.9644331073279038,4,0,0.5109351956503717,0
1744,Male,Young,Two,Two-wheeler,Lag,25.444682193479938,4.474057284025509,10.657856138421526,1.7834513339790443,12,0,0.20679389198994158,0
1745,Male,Elder,Single,Three-wheeler,Lag,13.476743037744416,4.6727130677118,16.634479795617363,1.2053353697702045,6,0,0.4610105556470088,1
1746,Male,Young,Single,Two-wheeler,Lag,26.418917655427077,2.7662591041077547,6.280602488721096,1.1085084493129354,2,0,0.18138069296153136,0
1747,Male,Young,Single,Heavy,Lag,10.719519072414673,3.105081430618459,6.598822688534405,0.7839502969013912,7,0,0.14029500639015435,0
1748,Male,Middle,Two,Two-wheeler,Lag,17.0797845666608,4.286352178783836,12.12480409424763,0.86488379689633,5,0,0.1832713501862976,0
1749,Male,Young,Two,Two-wheeler,Lag,13.995878486771531,4.459006908224824,19.239334500296646,0.9226316033372537,8,0,0.28600116494863964,0
1750,Male,Young,More,Heavy,Lag,22.721851418190234,4.512300287699249,7.525713365172787,1.2052108200871476,10,0,0.050428625144424664,0
1751,Male,Middle,Single,Three-wheeler,Lag,20.191703540879843,4.313661549180221,8.223485690765195,1.0937306020349213,16,1,0.8223699850263249,1
1752,Male,Young,Single,Four-wheeler,Lag,28.67613919563924,2.6566726376153116,11.958353085536215,1.6270608927612822,7,0,0.4177424994302521,1
1753,Male,Young,More,Three-wheeler,Lag,18.10496738749344,2.8649033648634754,2.248365059093225,1.0043662248161591,5,0,0.03243236676457835,0
1754,Male,Young,Two,Four-wheeler,Lag,10.42476713527865,5.439354151906528,9.070082221964526,1.1535291256180273,5,0,0.20644952361022356,0
1755,Male,Young,Two,Two-wheeler,Lag,24.005593437172386,3.6950594579609013,12.055999254929251,0.7587672884908111,5,0,0.18564762450220496,1
1756,Male,Young,Two,Three-wheeler,Lag,21.142512574065922,4.368386138691206,1.1722565220386105,0.9727783674470749,5,0,0.1643820407568391,1
1757,Female,Child,Single,Three-wheeler,Lag,25.306325379327767,3.8357471773930722,13.516535055745825,1.5987539365297203,0,0,0.36805050168027664,0
1758,Male,Young,More,Three-wheeler,Lag,18.976219575412912,5.276171045566005,2.552575539276229,1.4882056667508423,3,0,0.06934888594226304,0
1759,Male,Young,Two,Three-wheeler,Gap,23.59171755759628,4.894622600625533,15.129711630183008,1.1282260977678669,17,0,0.28901814711891927,0
1760,Male,Child,Two,Two-wheeler,Lag,14.719108898262634,2.7670741269750923,17.018468917153676,1.3273033732755568,13,0,0.08906737436524714,0
1761,Male,Middle,Two,Four-wheeler,Gap,36.40793040711998,4.989564991660177,18.0394325099035,1.191675551107858,1,1,0.8958621189978427,1
1762,Female,Middle,Single,Two-wheeler,Lag,14.775106311013651,2.9024721494826307,14.189050133712591,1.8204931965000681,16,0,0.1591340523076018,0
1763,Male,Young,Single,Three-wheeler,Lag,25.35832320054938,3.351715947635386,12.147624561374702,1.1196405418500919,10,0,0.49472658881493137,0
1764,Female,Young,More,Three-wheeler,Lag,15.56222099802679,4.798688623083887,7.857308961930805,1.5087177954912143,0,0,0.0694043495469772,0
1765,Female,Elder,Two,Three-wheeler,Lag,24.392143972397342,2.9829022558239435,9.836508926192908,0.903903490656929,12,0,0.09975181440163729,0
1766,Female,Middle,Single,Four-wheeler,Lag,26.099243403251965,2.870721230801336,3.478524547974996,1.164353008629329,14,0,0.10705871015929028,0
1767,Male,Young,Single,Three-wheeler,Lag,26.503347285205386,4.060802333016833,14.862537204013408,1.2718869821944117,7,0,0.6521619564077996,1
1768,Female,Young,More,Four-wheeler,Lag,19.677656392430972,6.950226550188589,1.8003151447997663,0.7267548421528757,10,0,0.023250652881257605,0
1769,Female,Young,Single,Four-wheeler,Lag,19.01436527530016,2.215556669055817,9.650147128528454,1.338941025239902,4,0,0.1804374978594553,0
1770,Male,Middle,Single,Four-wheeler,Lag,25.44709991486787,4.171978509108817,11.201352387489038,1.324031085439717,7,0,0.44388921064546283,1
1771,Male,Elder,Two,Four-wheeler,Gap,21.142348829891098,3.612852544218176,13.74282532997545,0.817430018086108,9,0,0.08198194229292323,0
1772,Male,Elder,More,Two-wheeler,Lag,21.748894279768184,3.2585070136667604,8.469312650312308,2.6495167438960845,7,0,0.024413949123398976,0
1773,Male,Young,Two,Heavy,Lag,16.0014492655033,4.350686764932291,10.139384990238332,0.703972429071565,4,0,0.1965365147889435,0
1774,Male,Young,More,Four-wheeler,Lag,19.260732380099782,3.6980553944253827,12.59967419512595,1.8207086191006878,8,1,0.43925136949412624,0
1775,Male,Young,Single,Three-wheeler,Gap,18.153449285890545,4.545486407310824,21.21565223080719,1.2290564938044013,11,0,0.5706261514985816,1
1776,Male,Young,More,Two-wheeler,Lag,22.411191988662488,4.327798094047363,14.16152188581608,0.9095702673489288,10,0,0.060442592446679884,0
1777,Male,Young,More,Two-wheeler,Lag,15.249757195107385,6.131973672164138,6.916355557774809,0.7414566550509489,2,0,0.038098968622100916,0
1778,Male,Middle,Two,Four-wheeler,Lag,18.68375482480675,4.603085086683316,18.293941831900245,1.477915203439492,5,0,0.4994662102944891,0
1779,Male,Young,Two,Three-wheeler,Lag,25.79226986498201,1.8179242616057467,2.6634300661117267,1.5549659836305654,1,0,0.1774605136525376,1
1780,Male,Elder,Single,Four-wheeler,Gap,20.672290146160353,4.468621440948077,7.237436553032237,1.4439986743820294,8,0,0.09698481568805195,0
1781,Female,Young,Single,Three-wheeler,Lag,27.06628002479632,3.997858934956503,3.9763543547309057,1.1482670792734022,3,0,0.2711556927123291,1
1782,Male,Child,Single,Three-wheeler,Lag,15.93724469820435,1.978384309114255,10.210240263812816,0.8384460847716401,13,0,0.13687381290453582,0
1783,Male,Middle,Single,Two-wheeler,Lag,19.172088412549307,3.8555817913168617,13.496539181478564,1.6092120315035285,7,0,0.34063934788276934,1
1784,Female,Middle,More,Two-wheeler,Gap,20.02453797838429,4.354314614607624,11.621759003560667,1.7627729186199397,5,0,0.021350358117233775,0
1785,Male,Young,Single,Two-wheeler,Lag,18.60883988450193,2.5198823113341833,17.269245147055738,1.1164187651227304,9,0,0.3046145930448612,0
1786,Male,Middle,Two,Four-wheeler,Lag,22.70967729282459,3.333169418952067,12.250543934108762,1.7003853329958591,3,0,0.33490869259488293,1
1787,Male,Young,Single,Three-wheeler,Lag,14.210478834357437,3.6602227509324767,6.517310831277316,1.3966420318820736,1,0,0.3475651817930846,0
1788,Male,Young,Single,Heavy,Lag,20.291165917361507,3.266334797184222,11.714440301463716,1.269208621134811,1,0,0.3776893487641937,0
1789,Male,Young,Single,Four-wheeler,Lag,13.968181131578547,4.9366347896446925,15.461352856611178,1.3664072997939192,7,0,0.48524401730317895,1
1790,Female,Young,Single,Four-wheeler,Gap,21.865965762947667,2.3978612375809694,11.146406294708166,0.7324047690133596,12,0,0.08622126951827751,1
1791,Male,Middle,Two,Three-wheeler,Lag,25.36821238437267,4.43595498367505,10.125746897012176,0.7633711791444746,3,0,0.4116757607856979,0
1792,Male,Young,More,Four-wheeler,Lag,8.852638360864141,4.462512729533039,11.589401890380154,1.5151001996283013,9,0,0.05637310589608904,0
1793,Male,Middle,Single,Heavy,Lag,19.41310778051208,3.373218269237237,11.91408062994155,2.1163596806503424,1,0,0.45934165969758844,1
1794,Male,Middle,More,Four-wheeler,Lag,19.91626548790747,3.651031136567797,7.909245906033714,1.2474567317876786,4,0,0.054941982395819974,0
1795,Male,Young,Two,Two-wheeler,Gap,23.28838877124504,2.3270249452575684,18.510534925186775,0.6230537361950219,8,0,0.1272871218020791,0
1796,Male,Young,Two,Four-wheeler,Gap,12.02402627700716,2.5114204242561358,6.046793755178166,0.6544421133835434,10,1,0.2344170474604065,0
1797,Male,Young,Single,Two-wheeler,Lag,18.687633239318178,3.627196021233345,2.0421028902347995,1.201844901388725,13,1,0.42338082657600024,0
1798,Male,Middle,Single,Two-wheeler,Lag,24.448951576958002,2.629956460554795,15.592399276264443,1.4239924094921972,7,0,0.36658976715147895,0
1799,Male,Middle,More,Four-wheeler,Gap,20.470484906130004,4.583408961544197,18.14405471955955,0.8114034445074567,6,0,0.08548882941181532,0
1800,Male,Middle,Two,Four-wheeler,Lag,23.7947880901484,3.8896086124873452,13.604757828641176,0.5711107943056203,1,0,0.3457156105846468,0
1801,Male,Young,Single,Two-wheeler,Lag,18.072683762126264,1.7366026878661434,10.575827184256458,1.5189730311846787,4,0,0.18324359866084425,0
1802,Male,Young,More,Two-wheeler,Lag,27.880291214472024,3.0929501630256344,25.156696201274833,0.7975760989394054,13,0,0.15605107374663257,1
1803,Female,Young,Single,Heavy,Lag,12.123312762773807,4.837041081499534,8.935558317776895,1.1689614204411323,7,0,0.18480891422385712,0
1804,Male,Young,More,Two-wheeler,Lag,12.609576271745834,2.824317530163757,9.524321785276285,1.525556356065366,4,1,0.1876191920508227,0
1805,Male,Middle,Single,Two-wheeler,Lag,20.41896430147541,4.238470507976738,12.665879317708395,0.7631939751814468,3,0,0.322240212267179,0
1806,Male,Young,More,Four-wheeler,Lag,19.608807880988124,2.0038698361119165,9.933392076744983,1.1741198854493227,2,0,0.04690187555978148,0
1807,Female,Young,Single,Four-wheeler,Lag,22.004018334883853,5.328758478190315,12.038973715077839,0.7390632766085414,9,0,0.3107014576029973,0
1808,Male,Young,Single,Three-wheeler,Lag,15.873762900271084,3.37722705054365,24.191950378687878,1.0651331780396838,5,1,0.9634375609075928,1
1809,Male,Young,Two,Three-wheeler,Gap,15.817959654619315,3.5054148576034385,6.60669789552079,1.8681957984519302,13,0,0.10807303008354492,0
1810,Female,Middle,Single,Three-wheeler,Lag,23.78182037974865,3.7442395076481017,4.8634306899964335,1.4604063814897057,6,1,0.7535953412670958,0
1811,Male,Young,More,Three-wheeler,Lag,16.953089519310193,3.110683106148598,9.81879891558827,0.5436864055227253,10,0,0.05610527550908951,0
1812,Male,Elder,Two,Four-wheeler,Lag,23.40628178832641,4.25872158149666,11.164030327414519,0.7786110928026992,2,0,0.17563098193676743,0
1813,Male,Middle,Single,Four-wheeler,Lag,22.037547419547657,1.2775341485653473,14.988405700841067,1.000867399207682,2,0,0.3826655398217914,0
1814,Male,Elder,Single,Three-wheeler,Lag,12.340831050993327,2.3673835831963688,23.197164708571552,1.8213475455708878,4,0,0.5737846418345598,0
1815,Male,Middle,More,Three-wheeler,Lag,23.137642193625254,2.4847964882346956,14.4898629480941,1.5441560371940082,3,0,0.1682425897465806,0
1816,Male,Middle,Two,Three-wheeler,Gap,26.582623673941704,3.9510093175928644,27.135573746197238,1.3746681224915676,15,0,0.642472261844898,0
1817,Male,Middle,More,Two-wheeler,Lag,25.07466172142216,5.026987073973423,6.769015492746976,0.8078269317324467,10,0,0.03580512054828704,0
1818,Male,Young,Single,Three-wheeler,Lag,7.428413884977589,1.7935615707947006,6.069870531677109,1.9209053522067792,4,0,0.21736109610793514,0
1819,Male,Young,More,Two-wheeler,Gap,20.577205324452095,4.805132771762203,7.839484348027929,1.6401756452317335,6,0,0.021856148553161328,0
1820,Male,Middle,Two,Four-wheeler,Gap,27.635433370747883,4.642585949154209,16.65187465890026,0.931871460936635,6,0,0.31785868887417357,0
1821,Male,Child,Two,Three-wheeler,Lag,21.41949560251087,1.889812523132702,5.635723053790841,1.1306226758124034,7,0,0.08052900023444233,0
1822,Male,Child,Single,Four-wheeler,Lag,16.929674593652518,2.277068463454037,5.8251549639380125,1.1578986557818804,2,0,0.09173532332069563,0
1823,Male,Middle,Single,Three-wheeler,Lag,15.21079386777779,3.0678104901823895,9.621762844232078,1.3390442353765437,4,0,0.3988198946453094,0
1824,Male,Young,More,Four-wheeler,Lag,22.716834781470105,2.1273688158907698,8.030003994643526,1.096840494293069,1,1,0.27674855637707896,0
1825,Male,Young,More,Heavy,Lag,24.181036426971783,4.383308387470921,13.674860908534013,0.8922350052911576,12,0,0.08574136130143972,1
1826,Female,Middle,Single,Three-wheeler,Lag,27.6090217468029,3.543327875090931,19.762743854031196,1.4357684280270846,5,0,0.6951149767226749,0
1827,Male,Young,More,Two-wheeler,Lag,27.375315459251805,3.2589615159791956,4.653036991622788,1.4492852385039725,9,0,0.024513048349269984,0
1828,Male,Elder,Single,Four-wheeler,Lag,17.700126994494994,4.257487582014772,11.891656684456787,1.1737053258119425,13,0,0.20082814489297507,0
1829,Male,Young,Single,Two-wheeler,Gap,21.494271190947206,2.8780321048968416,3.511099887059329,1.2235723241258627,4,0,0.06106784974312738,0
1830,Male,Elder,Single,Three-wheeler,Lag,12.940708982514483,4.910424796364554,6.308674672437039,0.6152550265601151,1,0,0.21236298362437703,1
1831,Male,Middle,Single,Two-wheeler,Gap,12.717790723120167,4.011900598483339,7.88402227401305,1.1891586674732528,4,0,0.09534283419459733,0
1832,Male,Young,Single,Heavy,Lag,11.897518605394172,3.0563886340274737,12.453802932932929,1.627084191889634,8,1,0.7719526598613902,1
1833,Male,Young,Single,Two-wheeler,Gap,28.153277962506227,3.6522366230249905,12.031724326013526,1.3437198225300941,6,0,0.201398369292676,0
1834,Female,Young,Single,Three-wheeler,Gap,14.298207819632918,2.760108448884165,13.61092732531796,1.893649591837772,1,0,0.25625058853120464,1
1835,Male,Young,Two,Three-wheeler,Lag,19.770528005703323,6.128000649474063,17.475219155934067,1.5010015241767671,1,0,0.7008729447054712,0
1836,Female,Young,More,Four-wheeler,Gap,19.075025568926396,3.335288085015425,5.649818680722743,1.590257191259491,8,0,0.01093210351087302,0
1837,Female,Elder,Two,Three-wheeler,Lag,17.476870221992773,5.0677533620877275,15.634018271368765,1.1917679312694525,9,0,0.23892147360165322,0
1838,Male,Young,Single,Four-wheeler,Lag,20.54922487257505,5.955932686946646,14.065698829173746,0.8397542025556785,2,0,0.5636965196332564,1
1839,Male,Middle,More,Four-wheeler,Lag,6.088241174901144,3.639781529979061,3.2983768536179534,1.8674601089459837,10,0,0.019844493095160967,0
1840,Male,Young,Single,Three-wheeler,Gap,18.311255245944693,4.276014103788672,8.494762540209404,1.425917606394579,4,0,0.28305908436193034,1
1841,Female,Elder,More,Three-wheeler,Lag,19.728623451669197,3.75171344457528,1.8907633938474042,1.8595263545962482,1,0,0.019272608014725585,0
1842,Male,Young,Two,Four-wheeler,Lag,24.79954541772318,1.9897591546860307,3.55412345736766,1.3747036125328729,4,0,0.10970779089061258,0
1843,Female,Young,Single,Four-wheeler,Gap,22.97229010611786,5.554325948193224,7.441239742691444,1.1873363736371807,9,0,0.13895831997543884,0
1844,Male,Middle,Single,Three-wheeler,Lag,25.816865303675424,3.3994187327205743,6.7100225097648885,0.7790451573690141,8,0,0.3600518434448546,1
1845,Female,Young,More,Three-wheeler,Lag,18.25461987876789,5.049644410310654,20.16380346835573,1.1230801940191557,6,0,0.20576872052487746,0
1846,Male,Middle,More,Two-wheeler,Lag,14.021074120916987,4.017314672955803,19.90464717415036,1.350885392295216,4,0,0.1124835656666069,0
1847,Male,Young,Two,Two-wheeler,Lag,18.61591694796023,2.073029786441312,12.432100125181528,1.927546317068898,5,0,0.16215561327304384,0
1848,Male,Middle,More,Two-wheeler,Lag,29.98591072921809,3.278359191971616,15.45150990465275,1.6778471097421086,5,0,0.11110748686756909,0
1849,Male,Middle,More,Two-wheeler,Lag,15.598316688216968,2.5142943926846746,35.44202881883478,1.2535001285707215,5,0,0.3488985030022358,0
1850,Male,Middle,Single,Two-wheeler,Lag,14.798993365769856,2.4021594294434583,9.59601428192854,1.1800243295117145,6,1,0.6082795822640522,1
1851,Male,Young,Two,Four-wheeler,Gap,28.913791131423864,4.221781237541412,11.475885928230284,0.5717437504443225,6,0,0.17122847996650506,1
1852,Male,Young,Single,Four-wheeler,Lag,29.199711484933506,1.4793390910762056,13.762839623173903,1.069438680581913,2,0,0.4104890913377131,0
1853,Male,Young,Two,Four-wheeler,Lag,14.222780633900678,5.740299958806357,21.08476079997518,2.21218446035326,4,0,0.6397656661705036,1
1854,Male,Young,Single,Four-wheeler,Lag,24.147797838166774,3.3789867821433974,16.899263471386384,1.535388306448365,2,0,0.5886449116735231,0
1855,Male,Young,More,Four-wheeler,Lag,19.027612748296274,3.4999341246665843,2.9104414848961886,1.2666732065123902,7,0,0.025411051726001062,0
1856,Male,Elder,Two,Two-wheeler,Gap,19.909415903710233,2.9003928958544787,14.98329240103786,1.7432452678718797,5,1,0.39331197479067836,0
1857,Male,Young,Single,Four-wheeler,Lag,20.000279292453857,1.9511520079466138,6.871005449180974,0.543579402118845,8,0,0.14947342479727066,0
1858,Male,Middle,Single,Three-wheeler,Gap,30.367752219128008,3.801428549237396,6.9248236339996065,2.0422406691580695,1,0,0.3985788273174005,1
1859,Male,Young,Single,Three-wheeler,Lag,15.008463507407896,3.0507257498719906,11.899970796073532,1.4782462955688862,4,0,0.4517015849160304,0
1860,Male,Young,More,Heavy,Lag,24.214583522548505,3.9147053387457986,14.64276265281956,0.5144430042650032,3,1,0.4861706210702258,0
1861,Male,Young,More,Four-wheeler,Gap,6.817683307657598,3.7009220418733113,5.085620977516305,1.4860933302534656,1,0,0.013866919328916979,0
1862,Male,Young,Single,Three-wheeler,Lag,21.85725682204944,2.5995655940877658,7.9776526183043925,0.6856235258019614,9,0,0.2922952985091621,0
1863,Male,Young,Two,Four-wheeler,Lag,22.21804265177916,3.4146718167983963,15.049295507468536,1.4015469831190321,2,1,0.834840567482859,1
1864,Male,Young,Two,Two-wheeler,Lag,23.863073942365634,2.929648065634116,4.935561137012854,1.00950568109092,2,0,0.09206546364062852,0
1865,Male,Young,Single,Two-wheeler,Lag,28.106217015094398,2.687365454407671,18.369204727372868,0.8950863780300742,5,0,0.4389142327572735,0
1866,Male,Elder,Two,Two-wheeler,Lag,23.865363963748294,4.428510504210691,10.36039688408909,1.3874702813777051,4,0,0.12450934745176205,0
1867,Male,Young,Single,Two-wheeler,Lag,23.488442613926928,1.2358519383380067,12.575173541991202,1.1642893895664035,12,0,0.1760255300455834,0
1868,Male,Young,Single,Four-wheeler,Gap,16.315432646262302,2.794007120136893,3.3153979150426727,0.6467456804182569,17,1,0.27526296236551573,0
1869,Male,Young,Single,Three-wheeler,Gap,33.45338961405877,3.625431292506415,23.145254242355456,1.6651425301099452,5,0,0.7680747843313029,1
1870,Male,Young,More,Two-wheeler,Gap,19.57481648867611,3.45866336471314,20.478275491971054,0.9663378169880366,3,0,0.057899310412293674,0
1871,Male,Middle,Single,Heavy,Lag,18.85195908973588,5.42026672133957,5.7058181801324,1.3755313759193544,6,0,0.3034690685601385,0
1872,Male,Young,Single,Three-wheeler,Lag,20.045052701514233,4.759589618226348,13.99032433162419,1.364919832231213,6,0,0.6229875480618592,1
1873,Male,Middle,More,Three-wheeler,Lag,18.514406453659117,4.357388273398213,16.80087294332778,0.6280322469405127,6,0,0.18714902229793304,0
1874,Male,Young,More,Three-wheeler,Lag,21.345881826633402,3.5737036265824687,4.2885058558289595,2.5466327072025576,0,0,0.09369251987087128,0
1875,Male,Young,Two,Three-wheeler,Gap,17.857100516568163,3.314781339082814,12.424832645860072,1.1796520122258556,2,0,0.22212088523260198,0
1876,Male,Elder,Single,Three-wheeler,Lag,16.071194062824485,1.5508187695949254,18.392320340981556,0.8857485577799966,2,1,0.8342958755267093,0
1877,Male,Young,Two,Four-wheeler,Lag,28.187505779971097,4.652609411140614,11.209849523021115,1.167345107621473,4,0,0.3591732453058183,0
1878,Male,Middle,Single,Heavy,Gap,28.180785654707734,3.3203162461133178,21.246687992821542,1.3574161750613412,7,0,0.5179822388840194,0
1879,Male,Young,Two,Three-wheeler,Lag,19.965988178197588,2.972793581847445,2.466118912301561,0.480697484220854,11,0,0.10265958105748937,1
1880,Male,Elder,Single,Three-wheeler,Gap,29.924760335286866,3.859200480248306,21.01864232261297,1.0085891078112112,3,0,0.5241122177117681,1
1881,Male,Young,Single,Two-wheeler,Lag,18.82710985101117,4.367175644504298,25.4215910957432,1.279866801945513,9,0,0.6367080305111859,0
1882,Male,Young,Single,Four-wheeler,Lag,18.41711979819566,3.600973459523228,5.017632012386177,1.471359363316419,3,0,0.22936642434636823,0
1883,Male,Middle,Two,Three-wheeler,Gap,27.763057522529,2.3080175591851235,9.942112918055894,1.0245453601891885,1,0,0.20947660097612156,0
1884,Male,Young,Single,Three-wheeler,Lag,21.92121868755461,5.252353967374078,13.199136874908753,1.1301490401546361,8,0,0.6113863847252983,1
1885,Male,Young,Single,Heavy,Lag,24.02112770507518,2.117140102007621,19.882858349971535,0.907571209044046,3,1,0.905832779873021,1
1886,Male,Elder,Two,Four-wheeler,Gap,18.784420729763234,5.795689244652185,5.091774586846365,0.9999095014353487,12,1,0.2799571502996229,0
1887,Female,Middle,More,Two-wheeler,Lag,18.70177789929367,3.3562845225162454,8.312946695499688,1.4620048186773873,13,0,0.01629366489023445,0
1888,Female,Middle,Single,Three-wheeler,Lag,12.340000541318112,5.488023293505164,16.922478559057467,1.0530878330238338,2,0,0.5850420743220913,0
1889,Male,Middle,Two,Three-wheeler,Gap,30.245686254259553,5.196573731425707,9.59287461808493,0.9833037124261321,3,0,0.3257680177249102,0
1890,Male,Middle,Two,Heavy,Lag,15.85358915265346,3.2450525980395177,12.912778318243813,1.0066690322678513,3,0,0.2419506699425481,0
1891,Male,Middle,Single,Three-wheeler,Lag,19.938215231872604,4.555094609791647,12.1204722753274,1.368846062960925,12,0,0.5291955051793356,1
1892,Male,Middle,More,Three-wheeler,Gap,13.327250551687255,1.97826961981222,24.90685786197583,1.3079752967421006,1,0,0.1669818065555956,0
1893,Male,Young,More,Three-wheeler,Lag,22.131459268047184,1.9319067952711952,4.714453912941221,1.1335518555920077,9,1,0.24124524211044032,0
1894,Female,Child,Single,Three-wheeler,Lag,18.468119065845872,3.0868023559227877,22.70309937918537,1.3926274829700223,4,1,0.8822941769409538,1
1895,Male,Middle,Single,Two-wheeler,Lag,24.114888125299785,3.869172694189769,12.192447780036419,1.4054853779059342,7,0,0.3355074873860601,0
1896,Female,Middle,Single,Four-wheeler,Gap,20.417454568805574,1.1930088935412506,20.3315829806471,0.5138036008848411,2,0,0.2158364548268684,0
1897,Male,Young,Single,Two-wheeler,Gap,13.731267741021671,3.577035246842517,4.198593651126365,1.055207621738297,10,1,0.284632315925479,1
1898,Male,Young,Two,Heavy,Lag,7.7289799692220065,5.9067505722847,13.58172143610829,0.9382484512328935,8,0,0.25980905373050933,0
1899,Female,Young,More,Four-wheeler,Lag,15.562422349599618,4.837146789355983,18.078353503891925,1.6775034736658567,0,0,0.1320983591104417,0
1900,Female,Young,More,Two-wheeler,Lag,23.35676406854879,2.659909350301012,16.64590286095675,0.9780748006267836,3,0,0.04674245265944853,0
1901,Male,Middle,Single,Four-wheeler,Lag,25.32998516405737,3.616242109592161,1.3397191718076336,1.0293399517461603,6,0,0.1782160942336127,0
1902,Female,Young,Single,Four-wheeler,Lag,17.73144774730619,2.4090907081835296,10.296390084272268,1.2815309534607393,6,0,0.1782686910255561,0
1903,Male,Middle,Single,Four-wheeler,Lag,20.523762899902973,2.7738693693380263,4.140177935109854,1.292533464661839,10,0,0.16462488957898183,0
1904,Female,Middle,Two,Three-wheeler,Lag,16.07241962175559,5.263569766264988,4.952755875231681,1.6450753489975316,5,0,0.19844965499996622,1
1905,Male,Elder,Single,Two-wheeler,Lag,26.608494179458873,6.734360255829016,14.84583381584821,1.111907816382573,13,0,0.33726872283336273,1
1906,Male,Young,More,Two-wheeler,Lag,30.134700290810834,2.697995642640303,23.307894501897557,0.9852277966805709,3,0,0.18010935648389395,0
1907,Male,Elder,More,Four-wheeler,Lag,23.849474743719853,2.5803469213507,13.44408567524656,1.3635858635642701,11,0,0.038362820174725615,0
1908,Female,Middle,Single,Two-wheeler,Lag,12.533219732099468,3.1752339830484018,3.8427718650577285,1.5173064258208515,12,1,0.32973991568589117,0
1909,Male,Middle,Two,Three-wheeler,Lag,19.132550516210394,3.3665929349642876,6.726159947055082,2.381259173451297,7,1,0.7779761086589039,1
1910,Male,Young,Two,Three-wheeler,Lag,32.94280342308297,1.9748918986672397,9.07196708051799,1.3756379898018585,15,0,0.2651549705753975,0
1911,Female,Young,More,Two-wheeler,Lag,15.879796333012735,2.2989660735760937,4.363602661661919,1.2281743177476974,5,0,0.008470932422785392,0
1912,Female,Middle,Two,Four-wheeler,Lag,22.490675179412808,3.302266291024316,18.315543328260958,0.7762740336685952,8,1,0.7667270493713016,0
1913,Male,Young,Single,Four-wheeler,Lag,28.64059274094069,2.6711245899378993,5.792360468338201,2.27978410624317,0,0,0.3521512395411431,0
1914,Male,Young,Two,Four-wheeler,Lag,24.21717839397088,4.76609330353868,4.4557252220778905,1.4589186557332625,4,0,0.20017733596899556,0
1915,Female,Middle,Single,Two-wheeler,Gap,21.566859188418924,4.357172433249319,15.250787719584727,0.8270444836753819,7,0,0.15541456014100063,1
1916,Male,Middle,Two,Three-wheeler,Lag,20.11282904819003,3.641447287030206,4.396096585722366,1.1931886811244257,11,0,0.1803048463558825,0
1917,Male,Young,Single,Four-wheeler,Lag,28.220767051437686,3.3261850773142085,9.598129479513672,1.3073812587408498,14,0,0.3104571118984641,0
1918,Male,Young,Two,Three-wheeler,Lag,18.524243263215375,4.696861931272612,11.358551927125351,0.901650476044683,7,0,0.35954948162313216,1
1919,Male,Young,More,Four-wheeler,Lag,27.230509594483188,2.384714333157519,3.311213583792153,1.523215171271203,11,0,0.026701808179821398,0
1920,Male,Elder,Single,Four-wheeler,Lag,19.046279512279614,5.006408202338223,12.047443165909478,1.414833584000395,10,0,0.27271114686088577,1
1921,Male,Elder,Single,Three-wheeler,Lag,23.913658696592805,1.6717110055825448,10.763526958260242,0.9243651174865446,9,0,0.21882934361452044,1
1922,Male,Young,Two,Three-wheeler,Lag,27.719981371600618,5.266856645526882,14.09263595059034,2.3242184368569205,2,0,0.6863164695275359,1
1923,Male,Young,Single,Four-wheeler,Gap,20.731670618831764,2.255093164993811,6.2644836245734545,1.9988016088663412,6,0,0.12569474495175206,1
1924,Male,Young,Two,Two-wheeler,Lag,17.243525296479657,4.608649143056981,8.69713149296026,0.9655748780830239,6,0,0.1317706465584948,0
1925,Male,Young,Two,Four-wheeler,Lag,10.985861385307675,1.32796229587544,13.924353661212056,1.1730587067381728,10,0,0.13898755275172672,0
1926,Female,Elder,Single,Three-wheeler,Lag,24.920899793902024,4.622183713382537,2.1222941305950096,1.81937159040446,7,0,0.15070854702864578,0
1927,Male,Young,More,Two-wheeler,Lag,21.759697252091797,3.788418773430018,4.150291313922255,1.132863377640701,10,1,0.13654655920009362,0
1928,Male,Young,Two,Four-wheeler,Gap,16.474968123173337,1.3417332086909437,7.437090456472812,2.0279032954510177,14,0,0.049406327970881465,0
1929,Female,Child,Two,Three-wheeler,Gap,26.524477247689116,4.446688016723796,3.935027640463762,0.8788110271804161,7,0,0.040753023497616524,0
1930,Male,Young,Single,Two-wheeler,Lag,27.888340649586404,2.051456520641032,2.234373487348237,1.5113642670772534,10,0,0.09848324460238418,0
1931,Male,Middle,Single,Heavy,Gap,26.800263270879963,3.6523366103627013,27.182226714862587,1.353197095805291,7,0,0.6831607987652836,0
1932,Male,Middle,Single,Four-wheeler,Lag,21.45999557135256,3.009192267282351,10.355678733093681,1.0635826246327513,7,1,0.7887689535513881,1
1933,Male,Middle,More,Four-wheeler,Gap,31.072804424134787,4.386758233208894,11.667648073165616,1.5027568612144122,6,0,0.07210785952247174,0
1934,Male,Young,More,Four-wheeler,Lag,26.453398556060414,4.809164210936,6.924881606515122,0.5468759741085603,14,0,0.04420656077908287,0
1935,Male,Elder,More,Three-wheeler,Lag,13.024386086618808,3.422639767060279,1.266503239907685,0.9205354916576006,10,0,0.01194714976678451,0
1936,Female,Young,Single,Three-wheeler,Lag,31.550368425292938,4.381957412592184,15.797333858793948,0.9601994459746792,9,0,0.5877339245025979,1
1937,Male,Middle,Two,Two-wheeler,Lag,20.70567853893919,5.211971083902386,15.209789672895692,0.7496911078627866,4,0,0.308185671963476,0
1938,Male,Elder,More,Two-wheeler,Lag,27.87835581565779,4.130705410700362,24.83258909440786,0.5735629405694638,6,0,0.1206998478075672,0
1939,Male,Young,Two,Three-wheeler,Lag,23.981805172653594,2.9761864448412676,1.6912816543898597,1.0714928708662137,11,1,0.5456866742737138,1
1940,Female,Elder,Single,Three-wheeler,Gap,22.14070765978237,3.4197096546867356,4.617792595600361,0.9035568152572303,13,0,0.047582560344315857,0
1941,Male,Young,More,Four-wheeler,Lag,17.50634513917033,2.6504546468728662,14.966508514777175,0.7759396726841031,19,0,0.0450523961247213,0
1942,Male,Middle,Single,Three-wheeler,Lag,9.480494107660054,3.40480688332827,8.245303120226962,0.8151949297158875,9,0,0.26391287270149244,0
1943,Male,Young,Single,Four-wheeler,Lag,16.7058483710897,2.710396931869652,2.8935662785950242,1.6722590094192364,9,0,0.13595012311706578,0
1944,Female,Young,More,Four-wheeler,Gap,22.730608073550886,4.586895981092161,7.742457235646344,0.708577342929253,1,0,0.020060491929401233,0
1945,Male,Young,Two,Heavy,Lag,26.146474355284365,3.869592035664265,3.4945498001645827,1.5125226769303137,9,0,0.13930145252305684,0
1946,Male,Young,Single,Three-wheeler,Lag,5.952162232031927,3.9442334561110126,18.004432625520174,0.622946398775219,4,1,0.9024374142662592,1
1947,Male,Child,Two,Heavy,Lag,15.4761983798436,2.102442249532067,19.271580814506578,0.5907607561567275,11,0,0.12901299047114262,1
1948,Male,Young,More,Four-wheeler,Lag,22.53092869232595,1.0423828280544334,13.49584724986499,1.17354462578047,0,0,0.06659347530276179,0
1949,Female,Middle,Single,Two-wheeler,Gap,16.820101733814013,4.5086428120453315,9.184753590253596,1.1049414018303887,13,0,0.06641810341966417,0
1950,Male,Young,More,Three-wheeler,Lag,14.040709194245066,3.659672922008886,16.21140844215146,1.2906405461576314,6,0,0.15054881173407544,1
1951,Male,Young,Single,Three-wheeler,Lag,12.291270654526395,5.337980386819704,13.39775117620096,1.4822176792543378,2,0,0.6082396588451555,1
1952,Female,Elder,Single,Four-wheeler,Lag,21.99521870342033,3.6441962118191604,16.772446023562058,1.0203310149485387,7,1,0.729260175654277,1
1953,Male,Elder,Single,Three-wheeler,Lag,21.363543602838433,2.5907340737017672,11.280691286181513,0.8703089765924696,8,0,0.2513514396499162,0
1954,Male,Young,Two,Three-wheeler,Lag,26.033050592189667,4.162923942727436,23.45110904077302,1.664735616944503,9,0,0.7544156307305966,1
1955,Male,Young,Single,Four-wheeler,Lag,17.321721019789624,4.171705845754541,7.551272156302208,0.8274851661993377,8,0,0.23242280430654996,0
1956,Male,Middle,Single,Three-wheeler,Lag,13.916750056950324,1.8082331057248244,12.899157881432009,1.6238394723072127,7,0,0.4078272004723755,0
1957,Male,Middle,Two,Three-wheeler,Lag,24.716299215433857,4.146108399731371,17.184370490061767,1.338622151270331,1,0,0.6448144926875704,1
1958,Female,Young,Two,Four-wheeler,Lag,32.52302303273976,2.5821832129173186,19.90799074658254,0.9953926634652092,11,0,0.3459339418081005,1
1959,Male,Middle,Two,Heavy,Lag,18.01870701364172,2.7421814682468906,22.587157705769485,1.025692195616586,16,0,0.379531511531124,1
1960,Male,Young,More,Four-wheeler,Lag,26.20372158159165,1.4951247757835824,9.342381558612114,1.0920175139930801,9,0,0.039141590407014086,0
1961,Male,Young,Single,Three-wheeler,Lag,24.021636810636757,3.925298495593958,14.704251150351435,1.3432455962694398,1,1,0.943976737217953,1
1962,Male,Middle,Single,Two-wheeler,Gap,27.574196226199373,4.282417396991994,7.554143630472963,2.195237618021789,9,0,0.17544755250894162,0
1963,Male,Middle,Two,Three-wheeler,Lag,18.951003599727937,2.6523470250589494,13.729435699424354,1.0305112310019973,4,0,0.37170833663726155,1
1964,Female,Middle,Two,Three-wheeler,Lag,12.933997088222931,4.522856322650183,5.590515079462691,1.9697173674530066,14,1,0.5780089263946386,0
1965,Male,Young,Single,Three-wheeler,Gap,13.432232271742484,4.398002702605603,9.78379125102799,0.885455822552977,1,0,0.26955587249768964,1
1966,Female,Young,Single,Heavy,Lag,24.03347567155839,3.255876446466951,21.068926005544757,0.7417398142315401,1,1,0.89886137225633,1
1967,Male,Young,Single,Four-wheeler,Lag,26.15200372652234,1.8287037098193168,17.259788554224777,1.2750568298998612,3,0,0.5068527201574493,0
1968,Male,Young,Single,Three-wheeler,Gap,19.414244249546197,2.833937304773623,11.037829360156488,2.1666622320543127,9,0,0.29775139880923546,1
1969,Male,Child,More,Three-wheeler,Lag,11.395595601681173,2.3821398773557605,4.827228718570278,1.2215560454161731,8,0,0.013917768626474558,0
1970,Male,Young,Two,Three-wheeler,Lag,11.704478278214765,5.635119163888319,9.401923519934428,1.6262765076045822,9,0,0.3315150887748911,1
1971,Male,Young,Single,Three-wheeler,Lag,21.417679568625456,4.634410500006602,4.653431933503175,1.2076797210358141,4,1,0.8316098895897395,1
1972,Male,Middle,Two,Four-wheeler,Gap,27.825948736153652,1.9020660282134612,3.0164428374012946,1.717742484717606,11,0,0.05525892872906678,1
1973,Male,Young,Two,Two-wheeler,Lag,18.594595436467785,3.571826648768778,20.43355028194117,1.6481431120522074,5,1,0.8358838773190352,1
1974,Male,Child,Single,Four-wheeler,Gap,22.1868527372378,2.7868781221719376,10.952520255117332,1.460483715873561,2,0,0.11570961174202726,0
1975,Female,Middle,Single,Two-wheeler,Lag,20.60958579548582,1.502962977704479,3.5349573588388905,1.3721652632659718,9,0,0.053741698273700046,0
1976,Male,Young,Two,Three-wheeler,Lag,26.876340340647726,2.977216315646271,15.060733673365654,1.259170361824702,6,0,0.47977641994381365,0
1977,Male,Elder,Single,Heavy,Lag,25.41572233549944,2.197423116777782,3.1601786979897053,2.037735586956173,7,0,0.1053463663585752,0
1978,Male,Child,Two,Two-wheeler,Gap,15.306931531510259,2.622383858550804,9.361690886948168,1.3040097823416068,5,0,0.024832196748420955,1
1979,Male,Young,Two,Two-wheeler,Gap,22.600629084151485,2.9912284475274946,6.4731670893637645,1.0529417476779679,8,0,0.04513468873333463,0
1980,Male,Elder,More,Four-wheeler,Lag,25.763062163437816,3.253169098650886,5.196546602288534,1.788152679290416,1,1,0.20202020534212273,0
1981,Male,Middle,More,Three-wheeler,Lag,28.27971437906043,3.435288811282263,11.665345960863558,1.4269727424998595,6,0,0.16014031948986654,0
1982,Male,Middle,More,Two-wheeler,Lag,21.292345393485387,3.5922952348700945,15.124049762788978,1.3049242856019774,5,0,0.07724662862595104,0
1983,Male,Middle,Two,Two-wheeler,Lag,14.823804435836623,3.1315466954044426,10.88130788109649,1.455252012991954,9,0,0.126971775242634,0
1984,Male,Young,Single,Two-wheeler,Lag,20.839250356576354,3.5259819327576762,17.52718184788017,1.0667301622726733,4,0,0.4146382849892064,1
1985,Male,Middle,Two,Three-wheeler,Gap,22.4188481361025,3.2808398639936147,20.93049146530557,1.149379242320063,3,1,0.8833748443719852,1
1986,Male,Elder,More,Three-wheeler,Lag,16.634832050133696,5.714410710068634,17.161482233552935,0.8719996399456167,4,0,0.14324038781628026,0
1987,Male,Elder,More,Four-wheeler,Lag,30.74451139102786,1.8243002628773564,23.30089075060367,1.727970851603149,6,0,0.15003521570092418,1
1988,Male,Young,More,Four-wheeler,Lag,15.87872143691219,3.794279167132651,21.52186903256196,1.4339947782825757,3,0,0.19838718688845178,0
1989,Male,Young,Single,Two-wheeler,Lag,27.56612697470441,2.505116061190994,17.856553323467843,1.6686100233469232,8,0,0.4416781875060929,0
1990,Female,Middle,Two,Three-wheeler,Lag,18.962546662456138,3.148737953028342,7.596893807584893,1.029453268622171,4,0,0.1686573454122166,0
1991,Female,Middle,More,Two-wheeler,Lag,5.299159238892464,3.6723954939420804,5.393176485163418,2.462343125790034,5,0,0.013365724789834343,0
1992,Male,Young,Two,Three-wheeler,Gap,20.627681570493444,4.3892701164137495,15.279036051373428,1.076460946486888,7,1,0.7905533377999492,0
1993,Male,Young,Two,Three-wheeler,Lag,21.85245129917998,5.949727902761703,18.241043810305367,1.0723860731867263,5,0,0.6723133330431932,0
1994,Female,Young,Two,Four-wheeler,Lag,26.308185824192144,3.5116477472900787,17.591286246995264,2.0585258588821427,8,0,0.373625211573779,0
1995,Male,Young,Two,Three-wheeler,Lag,20.58919232913463,2.751144769804557,13.621331703329622,1.4207336369849104,8,0,0.3670133432542093,1
1996,Male,Young,Single,Three-wheeler,Lag,12.706981256339294,4.518756541156828,17.78077441817854,1.937203889432082,9,0,0.6638310919087337,1
1997,Male,Child,Single,Four-wheeler,Lag,28.14005311630101,2.617862372793257,14.863864840707288,1.3814819754033465,6,0,0.3016354593353622,0
1998,Male,Young,More,Four-wheeler,Gap,20.94049651676833,3.554769530872635,14.033814242660249,0.94109975995545,5,1,0.282897267166172,0
1999,Male,Elder,More,Three-wheeler,Lag,16.61874186931929,4.775197357767284,2.4323133545637825,1.1151216188786177,3,0,0.0274530246101058,0
2000,Male,Young,More,Three-wheeler,Lag,27.153991317821635,3.2374039354800495,10.434351202243327,1.7360697181159361,5,0,0.1381278817979488,0
2001,Male,Young,Single,Heavy,Lag,13.502609205815013,3.7046331965032495,2.0716209649259323,1.2267401056434541,11,0,0.10936509147706179,0
2002,Male,Young,Single,Three-wheeler,Lag,12.814581471344104,2.154345226109677,3.606557755357824,1.4907436410696573,2,0,0.20664826646594253,0
2003,Male,Young,Single,Four-wheeler,Lag,20.510850082059058,1.7314971222253779,11.792913783141769,0.8293416097283235,3,0,0.27745646602741486,1
2004,Male,Elder,More,Four-wheeler,Gap,21.802116695269497,6.16653202892239,2.4572267565845447,1.1254331623014855,8,0,0.011397982172088324,0
2005,Female,Elder,Two,Three-wheeler,Gap,20.17256595689863,2.4421257314689084,20.734548194723182,1.6969849807257473,7,0,0.1747799075598341,0
2006,Male,Young,More,Three-wheeler,Lag,28.228017108419674,3.0207933830922924,10.265298027293452,1.9662445959300743,12,0,0.11706079032159707,0
2007,Male,Young,Single,Two-wheeler,Lag,16.4711280145477,3.545195141720347,14.71690190500169,1.0377160549206839,0,0,0.33198834233017305,0
2008,Female,Young,Two,Three-wheeler,Lag,32.89001157109814,3.1456878548616443,4.847263670744715,0.8384447678757148,11,1,0.5894460983045211,1
2009,Female,Child,More,Three-wheeler,Gap,8.787329702875974,2.025848926896666,18.30410203837288,0.5446248280870093,9,0,0.012999937756484765,0
2010,Male,Young,Single,Four-wheeler,Gap,13.43715827892468,2.518720228584186,10.72840851649526,0.7667416248188901,9,0,0.10853113619775977,0
2011,Female,Young,More,Four-wheeler,Gap,15.029541060711491,3.5111202679285425,12.099159518351307,1.689748890640133,5,0,0.02290985649989287,0
2012,Male,Young,Two,Heavy,Lag,12.205781990365203,3.345061240913939,13.712576632275553,1.1886913816982638,4,0,0.22856919542371634,0
2013,Female,Middle,Single,Heavy,Lag,19.148163151657254,4.547142606777843,11.773950766319444,0.9981655437656508,0,1,0.8031506040406854,1
2014,Male,Young,Single,Four-wheeler,Gap,26.204302819198183,2.9421710801042815,12.175698634970392,1.5871672745327152,10,0,0.2372992794815487,1
2015,Male,Young,More,Two-wheeler,Lag,25.161946551530946,5.421774393161288,15.659220746750936,1.615576772365178,2,0,0.14659825526990375,1
2016,Male,Young,Two,Three-wheeler,Lag,23.705598402796358,2.843111702906933,17.14289126360073,1.0822139106408901,3,1,0.8977808705580191,1
2017,Male,Young,More,Four-wheeler,Lag,7.16872352654052,3.0068791720687473,7.833080849829089,1.8368110412685557,4,0,0.03343220186961156,0
2018,Female,Young,More,Four-wheeler,Lag,26.21291136372089,5.518086332671512,21.158935944407887,1.1970567339815146,11,0,0.18328542832467506,0
2019,Male,Child,Single,Two-wheeler,Lag,18.549881496690716,4.743575843790628,8.650883961393442,0.9601173570784669,4,0,0.12135498648234146,0
2020,Male,Young,More,Four-wheeler,Lag,23.479836351341774,2.9594921415670608,7.237909760641788,1.8324616342363584,5,0,0.053497622377963815,0
2021,Male,Young,More,Three-wheeler,Lag,23.39999525005615,3.2109478131263574,7.924367755551306,0.8083874125299283,9,0,0.06492644412635963,0
2022,Female,Middle,Single,Three-wheeler,Gap,14.858192461541957,4.752514790094161,8.729023831381024,2.481411669447907,12,0,0.21659442942098694,0
2023,Female,Elder,More,Four-wheeler,Gap,20.23487478979969,1.9542777101461108,8.01941859504205,1.3695759756979107,10,0,0.005098026836427301,0
2024,Male,Young,Single,Three-wheeler,Lag,28.114878528226413,2.884147085318684,18.18721591029808,1.8769533421828761,6,0,0.7356258632509816,0
2025,Male,Young,Single,Three-wheeler,Gap,16.475019053079734,3.6268647260587374,12.140371353957773,0.8477424870586122,0,1,0.7949285551084679,1
2026,Male,Middle,Single,Three-wheeler,Lag,23.201763002068766,4.686837026710742,24.300389222283734,1.1132621248808667,2,0,0.870948090881979,1
2027,Male,Middle,More,Three-wheeler,Lag,29.663673426893354,3.728145766003039,3.402942497320266,1.7673217520532924,3,0,0.0923780118270833,0
2028,Male,Young,Single,Three-wheeler,Gap,18.022315345742914,3.499998288815053,13.075792819013039,1.6924721918613488,5,0,0.3680589657097156,0
2029,Male,Young,Single,Four-wheeler,Gap,18.42084057623106,5.68057741392594,3.693536328852619,1.7641649149615524,5,0,0.16644292555816123,0
2030,Male,Young,Two,Three-wheeler,Gap,19.35133888836828,2.1370650039607737,10.407238894155968,0.9843499183201107,6,0,0.1331664873713153,0
2031,Female,Middle,Single,Four-wheeler,Lag,24.916361552101716,4.470624177751668,9.136759018157996,1.374818597814982,5,0,0.3071228101962328,0
2032,Male,Young,More,Two-wheeler,Gap,19.16330892974326,2.19452238379555,14.333584465614386,1.1138197539901615,9,0,0.019190955965555284,0
2033,Male,Young,More,Heavy,Lag,19.825588887647903,4.28648346797647,15.679623690647382,1.033505670943487,1,0,0.12833927470447137,0
2034,Male,Young,Single,Four-wheeler,Lag,15.74900378544935,3.6620672236929233,6.617671289666459,1.2614229155589702,18,0,0.158173435164908,0
2035,Female,Young,Single,Three-wheeler,Lag,32.54967595115502,2.778851166670429,5.776949071577244,1.4990024074454475,11,0,0.26782784067403875,0
2036,Male,Young,More,Three-wheeler,Lag,26.95383095435444,3.662823876656546,9.751434896257758,1.2595958580408109,4,0,0.126592493247095,0
2037,Male,Middle,Single,Three-wheeler,Lag,21.441658594807286,4.957061649013914,6.689309254850057,0.9200391851468537,5,0,0.43517164592575985,1
2038,Female,Young,Single,Four-wheeler,Lag,29.82107574870249,3.446643012152205,14.252172005748047,1.6390854561284998,14,0,0.3628030303861191,1
2039,Male,Young,More,Four-wheeler,Lag,22.749214909137265,1.144335022300211,11.395652312621728,2.1781228398675365,13,0,0.04824085843223542,0
2040,Male,Young,More,Four-wheeler,Lag,29.72890777750166,1.736827062204732,17.698950148946548,1.0830470942268253,5,0,0.12611466531163915,0
2041,Male,Middle,Two,Heavy,Lag,14.50767799222428,3.9422654816762948,26.02192943324651,1.7162361586313992,1,0,0.674640100518744,0
2042,Male,Young,Two,Three-wheeler,Lag,15.807392221047476,4.09212724983108,9.059094495863283,1.7465980797777938,17,0,0.24013316551659752,0
2043,Male,Young,More,Four-wheeler,Gap,26.742865630789886,3.2311269372889675,20.67836544794369,0.9592112127311282,8,0,0.09640210972847355,0
2044,Male,Young,Two,Three-wheeler,Lag,18.88668440410056,2.6988152936722747,16.410068113785886,1.4857912218605653,8,0,0.4298920768343836,1
2045,Male,Middle,Two,Four-wheeler,Gap,18.178744532001875,4.224935973469227,4.8752183319513085,1.9559805050011216,4,0,0.10169019525354349,1
2046,Female,Middle,More,Three-wheeler,Lag,23.87425768343875,2.9164676636291325,17.955347514899277,1.5337095349632763,10,0,0.14243356643888927,0
2047,Male,Elder,Two,Four-wheeler,Gap,21.88270538495454,1.871219092391975,10.786031135143332,0.5630176888977891,7,0,0.04259924661301171,0
2048,Male,Middle,Two,Two-wheeler,Gap,17.773050482740697,3.255395292522118,14.904910173576479,1.3591487570821295,6,0,0.12103496836114985,1
2049,Female,Young,Single,Three-wheeler,Lag,18.569629801595887,3.649994666464244,14.770680780546197,1.5915347125427288,9,0,0.4463788909714534,1
2050,Male,Young,Two,Three-wheeler,Lag,18.721694272286648,5.732410816919117,19.602356626120645,1.3754426774467414,5,0,0.6900305600571098,1
2051,Male,Young,Two,Heavy,Lag,13.648451269808547,3.813867843572175,16.03441525117877,0.5595189825114042,5,0,0.2659606155865444,1
2052,Female,Middle,Single,Three-wheeler,Lag,15.882898449017134,2.5653217019259853,17.633015278576288,0.7543880340448071,8,0,0.40981078345705824,0
2053,Male,Middle,Single,Three-wheeler,Lag,20.546398736458162,4.702699175201925,8.088023826444466,1.6291356664801422,8,0,0.480144024341253,0
2054,Male,Young,More,Three-wheeler,Lag,24.379198706467864,2.8731683762971816,24.902798391619775,1.225151744493583,15,0,0.30070326143871673,0
2055,Male,Elder,Single,Three-wheeler,Lag,18.874856137826203,5.6412854414589795,13.961384860507794,2.044098160022711,7,1,0.9071512646358578,1
2056,Male,Young,Single,Four-wheeler,Lag,18.35823611876447,2.987175556216152,16.327049420442613,1.1427261324531757,4,0,0.4531532498578328,1
2057,Male,Young,Single,Heavy,Gap,22.185283603293332,5.157745174251104,18.65936761601011,1.6640010821728115,4,0,0.5175768836434624,1
2058,Male,Young,Single,Four-wheeler,Lag,14.410112998947536,4.954271330187241,4.328799238770545,0.5775819283637555,6,1,0.6475581462343286,1
2059,Female,Elder,More,Four-wheeler,Lag,18.32007797069682,4.867627426962545,8.353643278684187,1.6999922694213865,2,0,0.026782293760202837,0
2060,Female,Elder,Single,Two-wheeler,Lag,15.479347266924819,1.5796506563282948,17.955571015124306,1.7363751382384427,7,0,0.12475936008783678,0
2061,Male,Young,Single,Three-wheeler,Gap,22.202398910324792,4.791556445961051,21.155564409093227,1.0821156978393893,5,0,0.6537167509618702,1
2062,Male,Elder,More,Four-wheeler,Gap,13.2631693069182,4.244205519599307,15.918522860092445,1.0198977685973607,4,0,0.027639341852446472,0
2063,Male,Elder,Single,Four-wheeler,Gap,19.28431287993751,3.0167051834477108,10.799463830103575,1.860785074648946,3,1,0.5529055123670952,0
2064,Female,Middle,Single,Two-wheeler,Lag,21.382665450855605,3.500967076185903,6.8562216012906685,1.5903632503463716,6,0,0.13421855706460434,0
2065,Male,Middle,More,Four-wheeler,Lag,25.444507173203906,3.965858738417108,11.520115942070088,1.3513530412784003,1,1,0.5212827750481112,1
2066,Male,Young,Two,Two-wheeler,Lag,23.3601985883747,5.454913756761082,9.380667665556604,1.1668905395987579,7,1,0.678060865189979,0
2067,Male,Middle,More,Three-wheeler,Gap,28.842044843376996,4.470700620408456,19.589762417838415,1.8671686844509892,4,1,0.7471647210464324,1
2068,Male,Middle,More,Three-wheeler,Lag,22.637157787738882,3.313536702149668,12.246655237696928,1.5443537336100437,12,0,0.12031161641910108,0
2069,Male,Middle,More,Four-wheeler,Lag,17.850534495339343,3.983818687542969,9.2931096610951,1.1448284637917747,6,0,0.05799244364343877,0
2070,Male,Young,Single,Four-wheeler,Lag,15.922595687735726,2.4722409326941777,11.071045439737757,1.234929790521903,10,0,0.23870687831737286,0
2071,Male,Middle,More,Three-wheeler,Lag,11.258168525615154,3.2995490510699566,21.772426132696594,0.7152406699730156,11,0,0.17665291769143215,0
2072,Male,Elder,Two,Four-wheeler,Gap,16.720020635002527,4.517593425994242,13.062721816473232,1.6446800071464698,11,1,0.45846879042167454,1
2073,Male,Young,Single,Four-wheeler,Lag,13.920022434266617,3.859059279877819,6.448759456638899,1.701326034087121,11,0,0.2050066301661301,0
2074,Male,Elder,More,Three-wheeler,Lag,18.15012907202761,4.483787862990418,11.097947292662173,1.07463511002736,3,0,0.06926223139862697,0
2075,Male,Young,Single,Four-wheeler,Lag,22.998378838575448,3.560766368961501,10.520907921197065,1.020141412767688,4,1,0.8214428476403905,1
2076,Male,Young,More,Two-wheeler,Lag,22.829144766121466,3.163561865141462,7.906598198785953,0.9485690193630795,8,0,0.02617449759754309,0
2077,Male,Young,Two,Three-wheeler,Lag,17.37393359037764,4.32282878247665,15.478938597291314,0.8397681155779285,6,1,0.8698261021801076,1
2078,Female,Middle,Two,Two-wheeler,Lag,20.138766561097036,2.003585566810346,7.16578486786285,1.9948560549297498,7,0,0.06577340344291802,0
2079,Male,Middle,Single,Three-wheeler,Gap,15.644739974482988,5.968699040125179,10.971295744249256,1.5617852947214037,8,0,0.40196591402032705,0
2080,Female,Young,More,Three-wheeler,Gap,20.06048310060747,5.507452117586638,10.110366613023515,1.1635720530565654,2,0,0.05182790194207322,0
2081,Male,Middle,Two,Two-wheeler,Lag,20.160245228036167,4.962836450956057,10.541028762701567,0.7367642046307619,2,0,0.20539493115546434,0
2082,Male,Young,Single,Three-wheeler,Lag,17.106873325291787,4.986877866485105,12.238128168032514,0.786761467178011,8,0,0.5016375312011406,0
2083,Male,Young,Single,Four-wheeler,Lag,16.41365692698101,3.564528296686969,14.383304393959403,1.4918384656429355,7,0,0.4128488078752468,0
2084,Female,Middle,More,Four-wheeler,Lag,31.379422660332995,3.5247573649937376,4.745738611039869,0.8825669162253438,10,0,0.026765391592338768,0
2085,Male,Middle,Single,Two-wheeler,Lag,20.540661850584,4.6452236972622725,7.521230148082331,1.065561688882042,8,1,0.69061179738143,1
2086,Male,Middle,Two,Two-wheeler,Lag,20.893863114896153,2.8446674184239638,16.306776787156167,2.0390307267442083,3,0,0.3149785689300004,0
2087,Male,Middle,Two,Three-wheeler,Lag,7.240180486599096,4.791784928926617,20.487658352818332,1.3316527767568642,1,0,0.6140424618241304,1
2088,Male,Elder,Single,Four-wheeler,Gap,14.949536581950202,2.5350786942645565,2.3790494492734258,1.6405497687729373,5,0,0.03699131922018154,0
2089,Male,Young,Two,Four-wheeler,Gap,17.962339347307623,4.955196171352107,3.139590618526129,0.7253515132958482,5,1,0.3591577191417601,0
2090,Male,Young,Single,Three-wheeler,Lag,30.190075801771123,3.6559408311461117,21.78732503227031,1.044953166317636,9,1,0.9692189200734543,1
2091,Male,Young,More,Four-wheeler,Lag,14.809445725161018,4.757324526424203,4.850333883258035,1.8214981458508095,8,0,0.039993274947635785,0
2092,Male,Middle,More,Three-wheeler,Lag,17.13875158740852,3.510195993506565,25.715772539476475,1.6441926845871344,11,0,0.36532709452315687,1
2093,Male,Middle,Single,Heavy,Lag,32.874987266403586,3.8648877541833264,17.734076690297442,1.510569390356238,6,1,0.9467259328824076,1
2094,Male,Middle,Two,Two-wheeler,Lag,19.753420757338706,5.295707195786601,4.2603832244298365,1.3389250481387243,4,1,0.5537696976757819,1
2095,Male,Young,Two,Three-wheeler,Lag,17.3777103512334,3.2819291662529717,3.8462194544403667,0.9699027399242304,6,0,0.1505807151931097,1
2096,Male,Child,More,Four-wheeler,Gap,21.942687770406287,2.612833906530633,25.432371179915812,1.3366671253390352,3,0,0.0756952526859882,0
2097,Female,Middle,Single,Three-wheeler,Lag,19.96678655347662,1.986014480469259,6.923394176998736,0.615467285561752,1,0,0.20258238601415515,0
2098,Male,Elder,Two,Two-wheeler,Gap,29.62701257134242,3.806853049315779,11.752864553417265,0.8814635378117872,6,0,0.06607207804192006,1
2099,Female,Young,More,Two-wheeler,Lag,12.3361498965148,3.873294265793197,6.583379413515205,1.259309275252767,5,0,0.013521586770621385,0
2100,Male,Young,Single,Three-wheeler,Gap,24.54681630003746,3.9039253048878715,12.836247920558323,0.47699929497675275,1,0,0.3857134311002777,0
2101,Male,Young,Two,Four-wheeler,Lag,16.744919488611828,1.5570153140921086,18.075935736984718,0.922343684410377,9,0,0.2444166958474932,1
2102,Female,Young,Single,Four-wheeler,Gap,24.867833670837772,1.448951891254206,13.872010809559498,0.8072815098046778,8,1,0.53128203303561,0
2103,Male,Young,Two,Two-wheeler,Lag,25.768212178217993,5.058646525261363,2.433423723011237,1.0627944048321922,1,0,0.11997012467462528,0
2104,Male,Young,Single,Four-wheeler,Gap,25.803978773840196,4.152544467037314,12.73834252287158,1.7348966482681032,8,1,0.7973829029094177,1
2105,Male,Middle,More,Three-wheeler,Lag,26.23851640548327,2.119777547194926,13.950371036226823,1.9932369333040705,1,0,0.19377988838115476,0
2106,Male,Young,Single,Heavy,Lag,23.253046310223134,1.8756993532532504,5.916374525491318,0.8271068738112054,6,1,0.6149232482952245,1
2107,Male,Young,Single,Two-wheeler,Lag,14.05791961043731,2.3657850626017334,16.056358448485984,0.9208085919647163,7,0,0.2391734979091091,0
2108,Male,Child,More,Four-wheeler,Gap,11.031882079476508,4.585424509401456,13.311293410111041,1.711491891130272,6,0,0.020873026708850082,0
2109,Male,Elder,More,Heavy,Lag,17.722769933875796,4.250697981536398,1.3270562246391666,0.838599330756771,9,0,0.009853923884746735,0
2110,Female,Young,Two,Four-wheeler,Lag,19.949485368349794,3.9617563384731285,22.85235059489698,1.5358068146189914,5,0,0.4725937851145822,0
2111,Male,Young,More,Four-wheeler,Gap,17.12806347544015,3.9687088738543244,10.18591806518163,0.690298934951344,3,0,0.028085432368432924,0
2112,Male,Young,Single,Three-wheeler,Lag,23.661260119419104,4.839472102906605,6.511967617911878,1.4123069243628412,6,0,0.453839076974052,0
2113,Female,Middle,Two,Four-wheeler,Lag,23.324906819408756,3.0139581470873003,3.457667137174994,0.9658019508237371,4,0,0.07844521050509819,1
2114,Male,Elder,Single,Three-wheeler,Lag,30.65254610765986,2.976980240719069,8.99727429632299,1.547769299876114,2,1,0.8305643535005541,1
2115,Female,Child,Single,Three-wheeler,Lag,18.608922137723148,3.3041068702109975,7.860911795042767,1.260566608602962,6,0,0.13631196642962917,0
2116,Male,Young,More,Heavy,Lag,24.453680234207425,6.281223153071833,7.6900183442934935,0.8478297564050664,3,0,0.08760663801577405,0
2117,Male,Young,More,Three-wheeler,Lag,23.643813453186414,3.698247641914831,16.80297826133942,1.1282359822806869,6,0,0.20634686688028184,0
2118,Female,Middle,Single,Three-wheeler,Lag,32.618708694770504,3.6737280739620184,13.664406631105468,1.2548726158411465,7,0,0.5555751935548477,0
2119,Female,Elder,Single,Heavy,Lag,24.224836380135358,4.597368843448628,4.532021985973495,2.482737503496416,10,0,0.12424925423907025,1
2120,Male,Young,More,Three-wheeler,Lag,16.819104306856218,2.438495463111714,14.882529246679375,1.2164834842801258,11,0,0.09701270195701132,0
2121,Male,Young,Single,Two-wheeler,Gap,8.337015768951769,3.2423698927661055,15.20405087329285,0.8056926251457623,8,0,0.11276609517432168,0
2122,Female,Middle,Single,Three-wheeler,Lag,30.352077773610738,3.9705705548886647,11.337559259006468,1.3015303984981075,12,0,0.447018641295154,1
2123,Male,Middle,Single,Four-wheeler,Lag,23.218959578901817,6.222236235694629,30.108321670396645,0.9061928963482713,7,0,0.8974497710770031,1
2124,Female,Young,Single,Four-wheeler,Lag,24.990106688728435,2.33131955699709,7.435809002088823,1.7818781969876714,8,0,0.179324418725211,0
2125,Male,Young,Single,Two-wheeler,Gap,24.599458558748516,3.3853919882820986,2.753852161473678,1.6867272163362144,9,0,0.06770658140846418,0
2126,Male,Young,More,Four-wheeler,Gap,23.55017531634086,5.129029218723785,1.9236759119798723,0.7688740356016492,10,0,0.014711207298794167,0
2127,Male,Middle,Single,Three-wheeler,Gap,23.823524620319933,4.259620183217869,8.081760215556713,1.3400648776803274,9,1,0.7725295443352161,1
2128,Male,Middle,Two,Four-wheeler,Lag,28.24710202103465,3.8818520507886825,11.061586459071481,1.4740457972837677,12,0,0.29704090034386343,0
2129,Female,Middle,More,Four-wheeler,Lag,27.66278049638005,2.7516148990972367,3.261611391454638,0.9478329553676368,6,1,0.14176098790483868,0
2130,Female,Middle,Two,Heavy,Lag,18.297703123741883,2.4779564380861467,12.22111667749361,1.385398414270903,14,0,0.11637998940919027,0
2131,Male,Young,More,Three-wheeler,Lag,9.781320601951485,3.1448689248064383,20.19282311465215,1.196579608691773,5,1,0.640035984899111,0
2132,Male,Young,Two,Three-wheeler,Lag,10.299132301346162,2.7443262213032775,16.895361967445993,1.2184173103572093,1,0,0.4054742040570055,1
2133,Male,Young,Two,Three-wheeler,Lag,19.267547504013194,4.592364595828547,14.171166761966967,1.2970012473047468,3,0,0.499193212687641,1
2134,Male,Elder,Two,Three-wheeler,Lag,25.473801108989505,4.242040866680904,13.964056362996015,1.3187673860049638,7,0,0.34303334795910395,1
2135,Male,Middle,More,Three-wheeler,Lag,25.765623842309616,4.717361569319134,15.349394169608004,1.4918515265090302,0,1,0.7826411767689699,0
2136,Male,Young,Two,Two-wheeler,Lag,18.66409239407992,2.4076326609770655,10.999152710538647,1.1850236550363482,2,0,0.13572211586091937,1
2137,Male,Young,More,Two-wheeler,Lag,17.11191483880575,2.936064264513247,9.455874325572234,1.509439760297171,5,0,0.03118076316451256,0
2138,Male,Middle,Single,Heavy,Lag,20.111372823881513,4.423891062117291,7.841581275659709,1.2227641461320022,7,0,0.30258106444347377,0
2139,Male,Middle,Two,Two-wheeler,Gap,25.41919258305986,2.373553476637925,3.7782672298308464,1.4304813160634258,2,0,0.04713253825039341,0
2140,Male,Middle,Two,Four-wheeler,Lag,21.974561233103962,2.288731533379811,12.15790130123567,0.9625111987130754,7,0,0.21414097727813147,0
2141,Male,Young,Single,Four-wheeler,Lag,13.993872468695994,3.1727221456956656,10.635560623272523,1.2860056928917725,8,0,0.25966348503705416,0
2142,Male,Elder,More,Two-wheeler,Lag,18.046228984541326,2.4746580590108196,4.220129068286389,1.202555472787627,9,0,0.006879964431952549,0
2143,Male,Middle,Single,Three-wheeler,Lag,20.79943811576798,1.9057183423142878,7.16547712990292,1.0111013380461558,8,0,0.2759704268194777,0
2144,Male,Middle,Single,Three-wheeler,Lag,20.55672603987508,2.9454782902834062,16.653821343143072,0.6418798726952095,3,0,0.5962489827823941,1
2145,Male,Middle,More,Three-wheeler,Gap,25.376753205793886,4.934233729376256,6.937543998630514,1.2501587071872478,19,0,0.039946326261899735,0
2146,Male,Elder,Single,Three-wheeler,Lag,28.360132545721633,1.7362213745330615,9.854933708669279,0.5031411091979447,12,0,0.19453245559917767,0
2147,Female,Elder,Single,Four-wheeler,Lag,12.908051529484439,3.732736506849565,5.128450360825495,1.114084902642608,5,0,0.06441064214457765,0
2148,Male,Middle,Single,Three-wheeler,Lag,15.787920769271862,3.723175044401082,5.3026674557872795,1.0920468948151085,0,0,0.3362483736138269,0
2149,Male,Young,More,Two-wheeler,Lag,18.486778108642064,3.6246844271587633,15.924255182431926,1.394382459627966,6,0,0.0713905543612882,0
2150,Female,Young,Single,Two-wheeler,Lag,17.028113458809877,3.547694308074302,2.9687654931252716,2.287059004899639,11,0,0.07650661914321537,0
2151,Male,Middle,Two,Three-wheeler,Lag,18.72035082646166,1.3165027427759326,7.463112323306195,1.7341597968571285,10,1,0.6428850262965027,1
2152,Female,Middle,More,Three-wheeler,Lag,10.423105331041663,1.6569641945357376,25.953651933863036,2.1549991780170386,12,0,0.17695131730691863,0
2153,Male,Young,Two,Heavy,Lag,11.675573210544783,3.5649863422295405,10.692018765219025,2.009188815460588,15,0,0.1606231516528917,0
2154,Male,Young,More,Two-wheeler,Lag,25.550470208190205,5.77478001165213,12.935601434664715,0.6672214147745582,9,1,0.407136816753981,0
2155,Male,Elder,More,Three-wheeler,Lag,12.97332965062545,3.25034020114974,13.568410735663598,0.9862020101248752,2,1,0.3423740462986089,1
2156,Male,Elder,Single,Three-wheeler,Gap,25.23322557522814,3.4470771815218315,5.8241562591776805,1.0047474342561142,1,0,0.13778638471668492,0
2157,Female,Elder,More,Four-wheeler,Gap,17.190102936986882,6.049838297942829,8.911682905465604,0.6607261033687524,2,0,0.01285475842722956,0
2158,Male,Young,Two,Four-wheeler,Lag,17.233131533496383,4.466706424844655,9.4376080892874,1.711041778351876,3,0,0.2624541030732505,0
2159,Male,Middle,Single,Two-wheeler,Lag,12.916855034060312,4.43013828350826,6.480469397456762,1.8207757797552029,1,0,0.21305099562507818,0
2160,Female,Middle,Single,Four-wheeler,Lag,8.08447956154021,3.5453485133841425,6.541721070319687,1.3596898577643062,6,0,0.12233875410505872,0
2161,Male,Young,Two,Three-wheeler,Lag,17.942341978781467,5.075458850215215,12.965404496504982,1.809669002174564,10,0,0.4589306837686366,0
2162,Male,Young,Single,Four-wheeler,Gap,25.48230586668145,3.779411295557218,3.9837883763289694,1.498068180696166,0,0,0.1620927992342425,0
2163,Male,Elder,Two,Two-wheeler,Lag,27.87535096710518,4.020928129359616,4.44685088483426,1.1716396130461133,10,0,0.05591973504083153,0
2164,Male,Child,Single,Four-wheeler,Lag,11.485425031788248,4.501774748873769,12.352072277582717,0.8035185547944683,13,0,0.14997746061439307,0
2165,Male,Middle,Two,Four-wheeler,Lag,9.777421475118315,3.246035916619099,10.248576009158517,2.0468592460940145,2,0,0.21814959611875948,0
2166,Male,Middle,Single,Four-wheeler,Gap,14.44554811771824,5.564586972290263,13.038747857298626,1.4684601453589001,0,0,0.3618867971078123,0
2167,Male,Middle,More,Two-wheeler,Lag,24.089771013752607,6.221914552002329,1.8686775228683032,1.0729352734853967,6,0,0.03171380031064241,0
2168,Male,Young,Single,Four-wheeler,Lag,15.416015365770566,3.797979995821442,14.81772923935446,0.7687950573987683,11,0,0.3465524700893582,1
2169,Male,Middle,Single,Four-wheeler,Lag,15.905908734342923,2.6197469001133324,18.374815170476005,1.6246998721879236,9,1,0.8850575585038158,1
2170,Male,Young,Single,Three-wheeler,Gap,26.852278066547605,4.44949902418198,11.505029588912517,1.6297954753869177,1,0,0.48166839767129027,0
2171,Male,Middle,Two,Three-wheeler,Lag,26.457283234036158,2.9766773175170296,18.100057372738387,1.2875024937501947,8,1,0.9153886513224923,1
2172,Male,Young,Two,Two-wheeler,Lag,22.487850958493436,3.7667616875778065,9.420160773426225,3.0907471369874804,10,1,0.6940895552524478,1
2173,Male,Middle,Two,Three-wheeler,Lag,14.563390780367321,1.9583180696072937,3.2788518141860434,1.1101804309722174,4,0,0.11860522407992519,1
2174,Female,Middle,Single,Four-wheeler,Lag,18.3259311993595,4.587523662225037,9.049626479777796,1.9705209962242498,8,1,0.7596415444033219,1
2175,Male,Young,More,Three-wheeler,Gap,16.00344130060124,5.638715359826118,10.199066979711404,1.3901230865762235,6,0,0.06886287163329657,0
2176,Male,Young,Single,Four-wheeler,Lag,22.511962656586622,2.006511581225415,18.878282148238636,1.5288038376423505,3,0,0.5475258455057477,1
2177,Male,Middle,Single,Four-wheeler,Lag,24.343267857517034,4.281935332063008,8.324711191875707,1.8822594353072264,12,0,0.36109067963353414,1
2178,Male,Young,More,Four-wheeler,Lag,14.051289705397846,4.850197858976211,7.987833296530661,1.6812668648569913,3,0,0.0626895061228265,0
2179,Male,Young,Two,Four-wheeler,Lag,27.12566972539137,2.098102365427674,19.680134047782914,0.9945266046711976,11,0,0.3801434773255078,1
2180,Male,Young,Two,Four-wheeler,Lag,19.496176282379757,2.7137577806293045,6.853379655412188,1.7539227389237388,8,1,0.5839812497434442,0
2181,Male,Elder,Single,Three-wheeler,Lag,24.634072841596723,3.200304381707285,13.599342710159767,1.2837266192274615,3,0,0.42877601241675817,0
2182,Male,Middle,Single,Two-wheeler,Lag,11.018628781801562,4.7250529557384935,8.186343428657855,0.601191441656001,8,0,0.15327042519969863,0
2183,Male,Young,Two,Four-wheeler,Gap,18.02156893325096,3.5110705429546463,22.917501273317995,1.4444821803332046,0,1,0.8508926985066337,0
2184,Female,Elder,Single,Heavy,Lag,8.277391900491468,2.2457913984453763,5.6969140568062775,1.238292231751451,3,1,0.2808087950286393,1
2185,Male,Young,Single,Three-wheeler,Lag,23.258973831422143,2.7489315481202916,15.213715774462283,1.2802019525678905,4,0,0.5903289603704356,1
2186,Female,Young,More,Heavy,Lag,12.20121329185189,3.4320568758721595,11.948628613038093,1.1388046526378566,12,0,0.02609663672298212,0
2187,Male,Young,Two,Heavy,Lag,17.684944986398847,1.5784325398577765,25.630765222325632,0.6457867406710845,12,0,0.3863880010188238,0
2188,Male,Young,Single,Three-wheeler,Lag,24.37770814415482,3.936971731853893,29.23800890874897,0.8497697875663878,4,0,0.8943830483987818,1
2189,Male,Young,Single,Four-wheeler,Lag,23.779303715011203,1.4236007081813553,16.815456134472427,1.557939189537614,6,0,0.4465825695532675,0
2190,Male,Middle,More,Four-wheeler,Lag,22.031293203269893,4.473944471185293,3.867878471857323,0.9250041046370094,16,0,0.028195842821253248,0
2191,Female,Child,Single,Three-wheeler,Lag,22.860830699217033,4.2902811148786455,10.57686007813319,1.3870392111021204,8,1,0.7154458709187557,0
2192,Male,Middle,Single,Two-wheeler,Lag,22.196112667945705,4.875716591821002,18.519602849189695,1.28618746764278,1,0,0.5861685937134021,0
2193,Male,Young,Single,Three-wheeler,Lag,22.04607755612135,2.3465599419588385,13.525456252616012,0.9078017142335424,5,0,0.4744757039027611,0
2194,Female,Young,Two,Four-wheeler,Lag,17.857554043526072,3.846418553202879,19.344576746655655,0.9844896037195816,5,0,0.3154655694282657,1
2195,Male,Young,Two,Three-wheeler,Lag,9.570481043998102,4.474589367819328,16.95912589019979,1.1069094760614473,4,0,0.4603768661220429,0
2196,Male,Middle,Single,Four-wheeler,Lag,19.19936028489947,3.5787776882491937,7.9508419587400425,1.7833382755261797,6,1,0.7906178964357422,1
2197,Female,Middle,Single,Four-wheeler,Gap,10.694444898164338,2.2142462634080102,5.803273062596096,1.9674380973642203,9,0,0.052817728912599254,0
2198,Male,Young,Two,Four-wheeler,Gap,19.581272164578277,2.035553723588879,8.11644297347354,1.1105644755233457,8,0,0.06376365107880871,0
2199,Male,Young,Two,Three-wheeler,Lag,19.513834902903266,3.8568712931077935,14.63558961535523,0.604419433951544,4,0,0.4162749726217629,0
2200,Male,Young,Two,Three-wheeler,Gap,14.883713127951713,3.5237322003640266,10.778620005894766,1.3548476445866273,9,1,0.6061105486205363,1
2201,Female,Middle,Single,Two-wheeler,Lag,24.4255950850769,5.320047807777735,2.356491991246809,1.1456670183208226,6,0,0.1190991585601134,0
2202,Male,Young,Two,Three-wheeler,Gap,23.02479958092878,4.710716622083224,15.614059989691931,1.229958600899994,9,0,0.35164546821201503,1
2203,Male,Middle,More,Two-wheeler,Lag,20.85781398713705,4.253114076087686,2.3801599669300773,1.1732146422596068,2,0,0.023074180029563924,0
2204,Female,Young,Two,Two-wheeler,Lag,28.104088903045636,6.05827495233296,9.581187121845382,1.4201188862240863,5,0,0.20099124577716954,0
2205,Male,Young,Single,Three-wheeler,Lag,16.878417591189994,4.149443310417723,10.464564591629387,1.0138282596091583,5,1,0.8694577081337814,1
2206,Male,Middle,Two,Three-wheeler,Lag,16.45764443744678,1.994806994220755,11.147645222553892,1.8138301445883567,4,0,0.30511014766539085,1
2207,Male,Young,Single,Three-wheeler,Gap,14.982930124974317,1.8963920482912027,4.6622661639670815,1.149828005076555,8,0,0.09803821394272122,0
2208,Male,Child,Single,Three-wheeler,Lag,20.64393855561661,4.625799945769877,15.731743168176152,1.0582707998059693,7,1,0.8716285133232755,0
2209,Female,Elder,Single,Four-wheeler,Lag,15.425286350270564,3.101983464289515,18.358803984060522,1.9009134668667338,5,0,0.27303888421356437,1
2210,Female,Young,More,Three-wheeler,Lag,26.295899501737242,5.274328854670016,14.675060027292847,1.0775462530667372,6,0,0.1619911068526938,0
2211,Male,Young,Single,Heavy,Gap,17.155033105155646,2.1472078006073163,22.889521034347545,0.6855138442441332,8,0,0.3301546671559933,0
2212,Male,Young,More,Four-wheeler,Lag,19.891378472764373,2.5264662249517738,6.971849699115818,0.8121208966588013,8,1,0.19557131823655732,0
2213,Male,Young,Two,Two-wheeler,Lag,20.433392490183763,4.442464927374399,5.116572699277284,1.497966915978869,9,1,0.4906116119536841,1
2214,Male,Middle,Two,Heavy,Lag,17.208127664903817,4.779129367564705,2.9847728924076034,1.3097183535380372,11,0,0.11250601216016318,0
2215,Male,Child,Single,Four-wheeler,Lag,23.595821454326117,4.885612798924871,15.16258353475056,1.277911617000172,9,0,0.35181832838664856,0
2216,Female,Elder,Two,Four-wheeler,Lag,22.82976453875169,2.036853749642339,5.1448745462097,0.683344916322289,3,0,0.036403879164199474,0
2217,Female,Middle,Single,Three-wheeler,Lag,23.99027496864742,3.168776218749119,22.04171998437278,0.8256095471314515,11,0,0.6202895984144114,0
2218,Male,Elder,Two,Three-wheeler,Lag,21.524007610659563,3.9869790899626194,12.794708187378635,1.1213799201234722,4,0,0.280127077415437,1
2219,Male,Middle,Single,Three-wheeler,Lag,19.45890521403277,5.229202771190877,17.082014968085357,1.1800409852317917,8,1,0.9527266079238997,1
2220,Male,Elder,Single,Four-wheeler,Lag,19.299796187469784,2.6846992444913553,10.00457413262296,1.0988811880385334,17,0,0.11583936538672811,0
2221,Male,Middle,Two,Three-wheeler,Lag,23.226657870154963,3.8393561355601147,15.447399641408726,1.2417346394825055,4,0,0.5371921748563816,0
2222,Male,Young,Single,Two-wheeler,Lag,18.265471984721948,2.278501687573395,10.153773815582749,1.5247238421832987,4,0,0.19525535082695722,0
2223,Male,Young,Single,Two-wheeler,Lag,19.134556290812572,4.340817288044912,11.754518783543004,1.3967695160880778,3,0,0.31890689432863084,0
2224,Female,Middle,More,Two-wheeler,Gap,14.555718240552345,2.1971028627960445,16.324440396319503,1.3672208139923854,16,0,0.011668230147075291,0
2225,Male,Young,Single,Three-wheeler,Lag,22.633274114890625,6.997158332330169,6.618775745531437,1.3044697466466293,5,0,0.5642369376418481,1
2226,Male,Middle,Single,Three-wheeler,Lag,12.107574285015616,1.994199897009894,19.54777857297045,0.8795441137073006,10,0,0.5099576810209467,0
2227,Male,Young,Single,Heavy,Lag,32.94408145786174,4.117412537772282,15.053008682050987,1.3592882576784648,1,1,0.9356343507146381,1
2228,Female,Middle,Single,Three-wheeler,Gap,14.09049106919784,4.4582068302977875,15.703930149150096,0.8169706909191417,3,0,0.3150176368916051,0
2229,Female,Young,Two,Three-wheeler,Lag,18.352751203966026,2.754818157642997,6.6189499923466535,1.4960849645691625,1,0,0.16096773684588445,0
2230,Male,Elder,Single,Three-wheeler,Lag,16.032343538794265,2.7433067451916444,3.5527518710344212,1.1848655491958935,10,0,0.10815233648907405,0
2231,Male,Young,Two,Three-wheeler,Lag,16.935081898722732,3.8261702967447433,3.126717917158147,1.3319599543401524,2,0,0.1867076078456956,0
2232,Male,Young,Two,Four-wheeler,Lag,17.440843168468266,3.9352867894500334,13.684975372541773,1.744304123930853,13,1,0.7575193987732608,1
2233,Female,Middle,Single,Three-wheeler,Gap,23.256516058156656,4.24139755088935,4.89367876524885,1.0948656073373464,8,0,0.14184390618346845,0
2234,Male,Middle,More,Heavy,Lag,14.841730435038885,3.7766685065285515,33.9610355262742,0.7177294885686415,12,0,0.37523371483318085,0
2235,Male,Middle,More,Heavy,Gap,16.488805687015223,2.422676069692929,23.68030091226757,1.8106947795177772,5,0,0.1109294552492939,0
2236,Male,Elder,Single,Four-wheeler,Lag,12.931051944067336,5.273145655658912,1.9346596153798554,1.0854874151645875,6,1,0.46224540258570856,1
2237,Female,Young,Single,Four-wheeler,Gap,17.580266742250462,2.3875108543321266,15.237461483203358,1.1331222534124592,0,1,0.6399399435831699,0
2238,Male,Middle,Single,Three-wheeler,Lag,28.764756574397975,3.730063305157143,7.030876042784074,1.0035676262421758,6,0,0.4438612359696017,1
2239,Male,Young,Single,Three-wheeler,Lag,18.310662660120745,5.2389324748370605,8.430177256097808,1.1486052683260823,7,0,0.45299514279086767,0
2240,Male,Middle,Two,Three-wheeler,Lag,24.294419842385434,5.183678969712051,6.658494398413209,1.2623802362551135,2,1,0.8410985312353689,1
2241,Male,Young,Two,Four-wheeler,Lag,19.480360964548957,2.393368875934916,17.80008121231784,1.704462582012087,16,1,0.7752788055776212,1
2242,Female,Child,Single,Two-wheeler,Lag,19.309451672016902,2.683147024014883,19.903209760739696,1.5060166667261174,0,1,0.6929900619003867,0
2243,Male,Middle,Single,Three-wheeler,Lag,25.230973539621317,3.8441035290727634,2.259581559987266,1.2536578956180944,4,0,0.32395390115498157,1
2244,Male,Middle,Single,Two-wheeler,Gap,9.46351063937805,3.026065403855914,7.197089890192079,1.5690267324076284,7,0,0.06600992600794356,0
2245,Male,Young,More,Four-wheeler,Lag,26.19180520491418,4.2792898159478625,10.237911994329178,1.7133118341128841,6,0,0.09862947444936801,0
2246,Male,Elder,More,Four-wheeler,Lag,19.811016889821726,3.5990057282731485,11.465636742499912,0.6325583261506078,3,1,0.22950316213175395,0
2247,Male,Young,Single,Two-wheeler,Lag,17.879761152836167,2.7840282963465763,3.4928526378612785,1.3445989813904549,16,1,0.3981281279276136,0
2248,Male,Young,Two,Three-wheeler,Lag,27.41250459943231,3.2598057845338038,17.78533041175313,0.5973457441649129,3,0,0.5534419044125501,1
2249,Male,Middle,Single,Three-wheeler,Lag,17.708962228097434,4.137305837082501,21.795883800760713,1.0182820534861854,7,0,0.7518219364082608,0
2250,Male,Young,Two,Four-wheeler,Lag,31.18326246604098,4.491665558703338,9.473671026501927,1.5668658337423877,2,0,0.3735301673433392,0
2251,Male,Young,Two,Two-wheeler,Gap,28.541347085718368,3.1301531388694936,18.606315742959485,1.6120490005265906,1,0,0.264472552537985,0
2252,Male,Middle,More,Two-wheeler,Lag,16.55788519729981,2.071821167063673,14.246911033099433,1.7920124767785035,6,0,0.048578348125305766,0
2253,Male,Young,Single,Four-wheeler,Gap,17.720293736261294,3.078205575400095,12.677076840137241,1.2366435731797576,10,0,0.18269715505341264,0
2254,Male,Young,Single,Four-wheeler,Lag,24.98098388957726,3.9352743273921513,17.479145776096136,0.6876377321412456,6,0,0.5483308187304953,1
2255,Male,Middle,More,Four-wheeler,Lag,15.232235671064545,4.389359164443255,10.644115769071435,0.7657266417457095,4,0,0.06366158236950686,0
2256,Male,Young,Single,Four-wheeler,Lag,23.48517035900522,4.958532788803546,11.90819262801068,0.9382753589500954,0,0,0.49937005111442523,0
2257,Male,Middle,Single,Heavy,Gap,13.722697736272172,5.678082061966528,7.279587086541001,1.093810537683023,13,0,0.13950981578947205,0
2258,Male,Middle,Two,Three-wheeler,Lag,15.430134511439029,3.620186969906092,14.967414466105556,1.2687336488004124,3,0,0.4499826786678214,0
2259,Female,Young,More,Three-wheeler,Lag,20.02579559785014,4.961857144628771,5.082203554975768,1.4093708494626849,7,0,0.048707671507088185,0
2260,Male,Young,Two,Heavy,Lag,23.725230890437466,2.769611274398554,6.710855026026918,0.8232044195893478,0,0,0.15589740171667502,0
2261,Male,Young,More,Two-wheeler,Lag,23.61320795690673,3.7128548128356496,10.759455958489895,0.8625120561244504,1,0,0.05033537999600213,1
2262,Male,Middle,Two,Four-wheeler,Lag,21.567765628368047,3.6507469154605685,9.179980019207441,0.839068005744338,2,0,0.2260876771759604,1
2263,Male,Young,Single,Two-wheeler,Lag,16.628512819887636,4.424462051227406,6.645023390868769,1.555686652967322,2,0,0.20817284038186884,1
2264,Female,Elder,Two,Three-wheeler,Gap,18.822241916246313,4.442284257039626,5.741270454703337,1.0109693908659023,6,0,0.045361956344017546,0
2265,Male,Young,More,Two-wheeler,Lag,16.182700155488476,2.8519291084292044,18.724886095501738,0.8296186506112807,5,1,0.3736020059561752,1
2266,Female,Middle,More,Four-wheeler,Lag,16.710531224731717,4.9967753431921285,12.661375275966192,1.1612795151842816,10,0,0.05560697573144703,0
2267,Male,Young,Single,Four-wheeler,Lag,17.452835012147293,5.032776541452357,9.047081379339105,0.9424551973238788,2,0,0.3542204023825767,0
2268,Male,Young,Single,Two-wheeler,Gap,21.421264143043096,5.505967086881848,18.24868573987584,1.0904805494207925,5,1,0.8261560559310354,1
2269,Male,Young,More,Two-wheeler,Lag,15.46884922647503,3.40248381895046,17.64800229968668,1.6681610178575268,5,1,0.4257697519095788,0
2270,Male,Middle,Single,Three-wheeler,Lag,10.531571227295693,6.202263356239489,4.038967585751231,1.0491118408079183,3,0,0.35610539297909555,0
2271,Male,Elder,Single,Three-wheeler,Lag,22.835846147417083,4.490705766001402,12.247014488517635,0.8418548662096956,1,1,0.8610595677486582,1
2272,Male,Child,More,Three-wheeler,Gap,9.027530747077915,4.00932897630755,7.823470647607284,0.9226442340258306,0,0,0.014807559329515012,0
2273,Male,Child,Two,Heavy,Lag,30.558225688270056,3.325048166612956,11.790003147937412,0.574606851691494,0,1,0.6306395058016604,1
2274,Male,Young,Single,Two-wheeler,Lag,17.867072111123953,4.75337819134929,15.08856874933014,1.8361646415226702,5,0,0.4323013632897679,0
2275,Male,Young,Single,Three-wheeler,Gap,7.007503431215255,4.406322378874809,1.2932804969367115,1.4746562567600965,1,0,0.11640835032476962,0
2276,Female,Elder,Single,Three-wheeler,Lag,26.725723142340225,3.793053691545536,11.325691110285847,1.1973367302226652,5,1,0.7694999171089674,1
2277,Male,Elder,More,Three-wheeler,Lag,21.435135152801934,6.680035899511189,7.5811005726506755,1.308030763258102,5,1,0.42995970053840754,0
2278,Male,Elder,Two,Three-wheeler,Lag,25.0904027383837,2.723610181465342,11.673231551797596,0.9509641180438981,5,0,0.21464560025450852,1
2279,Male,Young,Single,Four-wheeler,Gap,19.102793776741766,3.971846829270287,4.015097438947368,1.129896863034175,3,0,0.11495852557906726,0
2280,Male,Young,Single,Four-wheeler,Lag,17.92572380285661,2.973323695404213,17.43870945032353,1.0323826037752861,6,0,0.4554263609134976,1
2281,Male,Middle,Single,Four-wheeler,Gap,22.256194608826043,3.4030886683705135,11.838616705608631,1.6691210476326783,5,0,0.2709406297778195,0
2282,Female,Young,Single,Three-wheeler,Lag,18.687346097277903,3.0318721209610184,6.111327813123641,1.538846591344027,17,0,0.16633903264906433,0
2283,Male,Middle,Single,Four-wheeler,Lag,20.810538245465583,3.0175454010183396,16.23242153207208,0.9886030020974458,1,0,0.5062829946565404,1
2284,Male,Young,Two,Heavy,Lag,16.723933255611428,3.1531164776001495,2.1850703140606127,1.5666118849311748,1,1,0.4803756916402879,0
2285,Male,Young,Single,Four-wheeler,Lag,17.598504898921423,1.737443060179218,12.696256176451442,0.7067304726347283,10,0,0.22657207362379775,0
2286,Female,Middle,Single,Heavy,Lag,12.300388507628774,1.5844213780733907,11.126319016462855,0.881849902387174,4,0,0.13630578552822806,0
2287,Male,Young,Two,Three-wheeler,Gap,24.370557141328362,4.257394925713899,2.2381370690496922,0.7299162534661949,3,0,0.10576398614519301,0
2288,Male,Elder,Single,Heavy,Lag,17.845417869890788,2.939219758063151,6.8304375953770595,0.9303178768637016,11,0,0.09123954711107926,0
2289,Male,Young,Single,Four-wheeler,Lag,30.92310120122814,1.3711810829474995,3.2344149228522125,0.91427400743639,6,0,0.15450931922962835,0
2290,Male,Child,Single,Four-wheeler,Lag,16.418659896156008,1.9234192624017135,15.394266509959586,1.834610325000798,7,0,0.2204975785517842,0
2291,Male,Young,Single,Four-wheeler,Lag,19.668294630520137,2.514298910319825,14.835240654741298,1.0413939529924672,0,0,0.4231050997945089,1
2292,Male,Young,Single,Heavy,Gap,17.174513456644735,1.6638981099569647,3.5327688270667448,1.074140745723424,3,1,0.3491749336180489,0
2293,Male,Young,Two,Three-wheeler,Gap,22.85930920469938,5.482824028432812,4.000562834835898,0.7177073950191416,3,0,0.15091496518529254,0
2294,Male,Young,Single,Four-wheeler,Lag,24.902537129003232,3.739699938450435,19.39211001965804,0.6499265560622998,9,0,0.5637854915698413,1
2295,Male,Middle,More,Four-wheeler,Lag,19.83632957527568,3.207020535676183,5.915398135440929,0.9050717409562571,5,0,0.03538030198197002,0
2296,Female,Elder,Two,Four-wheeler,Gap,18.116058199533192,3.6303883972236837,7.789531342160011,0.7787258455840995,7,1,0.18079378437503793,0
2297,Male,Young,Single,Four-wheeler,Lag,23.70550187679289,2.116974169160917,14.402730911617843,1.0617351264406136,13,0,0.3275718697921335,0
2298,Female,Young,Single,Two-wheeler,Lag,15.148219401939684,4.174736008517591,2.8137349868078037,0.8582830484805526,16,0,0.04615760196205479,0
2299,Female,Young,Single,Three-wheeler,Lag,21.43023136222289,5.796006667900014,22.649008218280905,0.846762335817835,2,0,0.7799947754463906,1
2300,Male,Middle,Single,Three-wheeler,Lag,23.5136585998956,2.213482183772595,1.7495383238064441,1.4113531949802456,7,0,0.22034271034730932,0
2301,Male,Middle,Two,Four-wheeler,Gap,16.58064192264123,2.322453670244963,18.35170751064129,1.9706884178111608,8,0,0.22410648512215373,1
2302,Male,Young,Single,Four-wheeler,Lag,22.263953122489685,3.9294521022478692,8.769420992675938,0.5118335710098463,10,0,0.25262976812618043,1
2303,Male,Middle,More,Four-wheeler,Lag,23.54101871361577,2.319260611200519,4.894466504764391,1.4861259723674263,13,1,0.1893676409570919,0
2304,Male,Young,Two,Four-wheeler,Lag,13.406115353241697,2.1893291760643034,9.0487346584725,1.425919099756687,9,0,0.11967774985917469,1
2305,Male,Young,Two,Four-wheeler,Lag,17.46345884125583,4.066943967172543,24.86781587338821,1.336167567989809,8,1,0.9232946782016682,1
2306,Male,Young,More,Two-wheeler,Lag,18.691747729231665,3.8973853566736056,11.58736444917729,1.4684857268087357,1,1,0.33396460937046046,0
2307,Male,Elder,Two,Four-wheeler,Gap,24.268534810661706,2.60282249726709,2.7756799993631356,1.2484699409575404,6,0,0.028104366134670863,0
2308,Male,Young,More,Heavy,Lag,20.971121054807444,4.6596823393876186,22.248035674160477,1.9141700345851234,7,0,0.2725428728873098,0
2309,Male,Young,More,Four-wheeler,Lag,19.30891121316772,2.0733821306554194,4.757680237757921,0.8166126721253736,8,0,0.019817605086236985,0
2310,Male,Young,Single,Heavy,Gap,17.38341478775496,3.011063573930302,2.6533158674550625,1.208811658021885,7,0,0.06716141269799362,0
2311,Male,Middle,Single,Heavy,Lag,6.437927174696396,4.309004052128626,2.4004317930831283,1.4182003827581304,5,0,0.1344093184062804,1
2312,Female,Young,Single,Three-wheeler,Lag,8.874784645446335,3.8822365993198553,17.680900458980478,1.8572882194643152,6,0,0.49638434932160413,0
2313,Male,Young,Single,Four-wheeler,Lag,16.080167739846686,3.8385004183776834,4.956806782951609,1.2244551703916355,15,0,0.15153825972630222,1
2314,Female,Young,Two,Three-wheeler,Lag,13.38583685500033,4.120629844267051,5.4863232711483425,2.171112719196561,4,1,0.6338046475290107,1
2315,Male,Middle,Single,Three-wheeler,Gap,13.466220535598268,3.987229176838455,22.412506367210625,1.4225098676139285,10,1,0.9172341405647718,1
2316,Male,Young,Two,Three-wheeler,Lag,21.47773982375325,4.926399082023105,13.03292066757622,1.4776388703142813,7,0,0.48564481903266443,0
2317,Female,Elder,More,Three-wheeler,Lag,21.517235350989843,3.7409554834972476,7.470044007184948,1.6577504628335076,5,0,0.03163786519676393,0
2318,Male,Young,Single,Two-wheeler,Gap,10.65640345479235,3.2296047347217507,12.58338287687349,1.5252476862950144,5,0,0.12268639675642878,0
2319,Male,Young,Two,Four-wheeler,Lag,21.350182163342442,4.41406838266324,6.709588892723071,1.2642613632320454,6,1,0.6641541294735345,1
2320,Male,Elder,Single,Two-wheeler,Lag,14.140932127469348,2.7593520809973135,11.000141147946989,1.5824423466449324,10,0,0.09975341373957645,0
2321,Female,Middle,More,Three-wheeler,Lag,18.26827587712573,4.388417985356213,8.323104362123761,0.5782088955947037,2,0,0.05736853168282247,0
2322,Female,Young,Two,Three-wheeler,Lag,32.78585498651751,2.8332320963294197,13.233129896252576,1.9347414608874094,12,0,0.35902823635648223,0
2323,Male,Middle,Single,Three-wheeler,Lag,20.32778968290122,3.4715059868879354,15.98039695031763,1.6665978406989688,9,1,0.9333334202786664,1
2324,Female,Young,Two,Four-wheeler,Gap,10.008070067220485,4.310225860140704,8.559519807697622,1.3991685130127662,4,1,0.3446499327991682,0
2325,Male,Young,Single,Three-wheeler,Gap,17.82739282645413,3.926221427408037,4.765145602773535,0.6559026779949015,0,1,0.6393452709729815,1
2326,Male,Middle,Two,Two-wheeler,Lag,22.49727939807312,1.9516345017872792,8.682098280050925,1.0022205365556167,2,0,0.1137012570400035,0
2327,Male,Middle,Two,Heavy,Lag,15.791453982611905,3.3687369882496108,15.965461805588776,0.9503677486229668,2,0,0.3201511969483072,0
2328,Male,Young,Single,Four-wheeler,Lag,30.081382324455294,4.607548800539397,16.65083475554902,0.9547360803030044,2,0,0.6558588343369198,1
2329,Male,Middle,Two,Four-wheeler,Lag,18.964159215876393,6.650035204058094,16.613200589151603,1.44228541793434,2,0,0.5864508980942992,1
2330,Male,Young,More,Four-wheeler,Gap,8.959294731373726,3.4302963547238794,25.077135598061815,1.7739123268458932,14,0,0.09039412728351147,1
2331,Male,Child,More,Two-wheeler,Gap,20.589233631672975,1.9531978002201331,17.63745384944777,1.4545514765501508,8,0,0.014855913431814248,0
2332,Male,Elder,Two,Four-wheeler,Lag,22.57950825652679,3.1194418442653067,24.395815497587137,1.1128597584689464,10,0,0.3820111485644476,0
2333,Male,Middle,Two,Two-wheeler,Gap,19.399767378584183,3.500435272908847,13.309439365245357,2.1114575506968802,7,0,0.13444031418313496,1
2334,Female,Middle,Single,Three-wheeler,Lag,28.194622876026735,1.8670216351991251,6.455631776719203,1.743849822528749,7,1,0.751368542171127,1
2335,Male,Middle,More,Two-wheeler,Lag,27.251797837255182,4.8691111411246375,12.971294925322967,1.4594743937517198,11,0,0.08466314976620186,0
2336,Male,Middle,More,Four-wheeler,Lag,13.972857145543703,3.6489335884756686,5.857077789604487,1.122807432714621,3,0,0.035466754298306404,1
2337,Male,Young,Single,Three-wheeler,Lag,12.21939062155569,3.2754712340604706,3.4364379873405184,1.4574035502296223,8,0,0.2056717696801441,0
2338,Male,Elder,Single,Three-wheeler,Lag,17.281903834922403,3.21686234567117,7.7488430682322935,1.1347950169042633,12,0,0.17319142761411277,0
2339,Male,Middle,Single,Two-wheeler,Gap,21.556246213472104,1.4595096870667916,8.800983686467902,0.811888207788618,13,0,0.05837694356025654,0
2340,Female,Middle,Single,Four-wheeler,Lag,21.46111952279997,3.588278088743229,14.89928527090084,1.3762833310802378,5,0,0.38330157783345314,0
2341,Female,Young,Single,Three-wheeler,Lag,16.62062310557448,3.456934722394606,8.806066093177764,1.4761624078834712,11,0,0.24799757678819978,0
2342,Female,Young,Single,Three-wheeler,Gap,29.263107004616128,3.0543841734280894,1.1163045134681067,1.0672351772511988,6,0,0.0926946336620754,0
2343,Male,Young,Two,Three-wheeler,Lag,17.20312876923954,4.027491333420145,20.90917917434125,1.9224154052807734,3,0,0.679275098830311,1
2344,Male,Young,Single,Four-wheeler,Gap,24.817640345469346,3.2597882631531414,12.635582860046618,1.7264040871955781,3,1,0.784244412008675,1
2345,Male,Young,Single,Three-wheeler,Lag,25.406645114538758,3.750219629665904,6.10550988771562,1.3335883814101048,5,0,0.4028707791081683,1
2346,Female,Middle,Two,Heavy,Lag,12.844659397006026,4.991643826779423,6.8774022085456545,0.6372578687052173,3,0,0.10429909370313797,0
2347,Male,Elder,Single,Three-wheeler,Lag,15.937708536715409,3.1121298005042037,4.336702373077955,0.526411325675553,0,0,0.14086850635508266,0
2348,Male,Young,Single,Two-wheeler,Lag,15.614760776888694,3.2191623090525425,20.43509347710923,1.4019024557868411,2,0,0.4729435416838535,0
2349,Female,Young,More,Three-wheeler,Lag,27.864009569508745,4.878322363464348,6.471642547673719,1.650000921460984,11,0,0.06896382270348793,0
2350,Female,Middle,More,Two-wheeler,Lag,17.879425682526968,3.093645175962574,22.192203080388474,1.2390323653986666,11,0,0.06878448973544056,0
2351,Female,Young,Two,Three-wheeler,Gap,25.507494540886086,3.346776049578791,7.094530712367744,0.5448166432506014,11,0,0.07349018400194282,0
2352,Male,Elder,Single,Three-wheeler,Lag,19.709985188438743,4.558524761820692,16.956185426391386,0.7954878519733728,7,1,0.8857803313314192,1
2353,Male,Young,Single,Heavy,Gap,19.41709950420618,3.8127573667955597,1.3563166791988728,0.8939181122834916,13,0,0.056217325427430374,0
2354,Male,Young,More,Three-wheeler,Gap,27.299983812001077,5.359465352748677,10.815632038976219,1.3870744904323267,6,0,0.10178693995592197,0
2355,Male,Young,Two,Three-wheeler,Gap,19.186248959006406,3.4420283462767274,8.909534794785747,1.222903878454274,6,0,0.15491731751792165,1
2356,Male,Elder,More,Three-wheeler,Lag,23.707255770305412,3.467399100498619,8.322477470928366,0.7222672742358314,6,0,0.0417914946228111,0
2357,Male,Young,Two,Two-wheeler,Lag,18.951075378333694,1.6145165196091167,28.501903298276737,1.2405255679999205,3,1,0.8891328462794819,0
2358,Male,Middle,Single,Two-wheeler,Lag,12.95149669016309,2.5203323851532526,15.148818402977968,1.7589008454048725,7,0,0.2793195529937488,0
2359,Male,Young,Single,Three-wheeler,Lag,11.090904163064875,3.6526233932934935,6.940691621989548,1.170016381018524,5,0,0.2895806683864564,0
2360,Female,Young,More,Two-wheeler,Lag,15.48136113155002,2.477530199332744,15.835936068388715,0.8033569930077028,15,0,0.020112890042150767,0
2361,Male,Elder,More,Two-wheeler,Lag,23.32197522755331,3.3901301563625506,4.456112175421549,1.32792709201314,2,0,0.013606720704648679,0
2362,Female,Young,Single,Heavy,Gap,18.215567684879016,2.8448788840918366,21.35717345527882,1.9226885493811054,1,0,0.36018246412852084,1
2363,Male,Child,Two,Four-wheeler,Gap,19.373168109265304,1.3658512631676634,9.86605193563764,0.7469562957479221,4,0,0.03271944814582373,0
2364,Male,Young,Single,Heavy,Lag,12.951701451589305,3.4555192040862703,5.717272229986691,0.8137911796755477,3,0,0.1660478741205854,1
2365,Male,Middle,More,Three-wheeler,Gap,21.77485229403046,3.9865980600729665,7.246730022884318,1.314945931957367,17,0,0.03235801813579954,0
2366,Male,Young,Single,Four-wheeler,Lag,24.80244971784931,3.029550890403323,5.001156656619445,1.056311649338408,7,0,0.20489917076494263,0
2367,Male,Young,Two,Three-wheeler,Lag,21.799147246018787,4.456116591012396,21.604591796836864,1.8213772494655305,5,0,0.7304639231045018,0
2368,Male,Elder,Single,Two-wheeler,Lag,31.98780303897434,2.2909223210173204,7.828347814255993,1.4958793878055616,8,0,0.1232072252836569,0
2369,Male,Middle,Two,Four-wheeler,Gap,8.462368259661593,1.9880017101897736,4.742569692113669,0.7991042897799738,6,0,0.030891209995410656,0
2370,Male,Middle,Two,Two-wheeler,Lag,8.384293538448354,5.3684314430196824,17.312934538198064,1.7616280200846641,3,0,0.34090257726554857,0
2371,Male,Middle,Single,Three-wheeler,Lag,20.018773682406167,5.252436888831079,6.153090986649275,1.4048657528774549,5,0,0.458238344008668,1
2372,Male,Middle,More,Four-wheeler,Lag,16.532208750879747,3.2459101321882278,3.649038699451271,1.231446876516046,4,1,0.1927131189609381,0
2373,Male,Young,More,Four-wheeler,Lag,22.741509634245023,3.287221417905069,14.09222305780995,0.9541219066520032,8,1,0.427990252725547,0
2374,Male,Young,More,Three-wheeler,Lag,24.59879221318306,4.7976503549687886,1.257287276945572,1.4140535574210324,10,1,0.31495043460830524,0
2375,Male,Middle,Single,Three-wheeler,Lag,12.96886539802527,3.623711184313457,17.853785771229294,1.8290705411673365,3,0,0.6777176712689593,0
2376,Female,Middle,More,Two-wheeler,Gap,27.77878108004777,2.1409593759232886,12.167401756316263,0.5852892664257934,7,0,0.012497496503116991,0
2377,Male,Elder,Two,Heavy,Lag,9.704676805462274,2.128508481519189,6.77778053504932,1.0972317966607836,8,0,0.04017569032586068,0
2378,Male,Middle,Two,Two-wheeler,Lag,22.771475536150195,2.215938944915118,10.653551712894554,1.9454314735636093,5,1,0.6304185046330774,0
2379,Female,Young,Two,Three-wheeler,Lag,18.37504385155862,4.473506516010003,7.060449844699414,1.1061541931153864,6,1,0.6477209605559415,0
2380,Male,Young,Two,Three-wheeler,Lag,22.443815309240033,3.8442474705741674,11.653528715543606,0.5785666119544386,5,0,0.3513761610467158,1
2381,Male,Middle,Single,Heavy,Lag,12.819443618153574,2.901541940688176,12.32307683552286,0.7208560072248031,5,0,0.26769268909184696,0
2382,Male,Young,Single,Four-wheeler,Lag,28.573603427384086,2.3667814720760054,16.279468856953553,1.4664629522609287,5,0,0.5280911430713946,0
2383,Female,Middle,Single,Three-wheeler,Gap,28.588314459746343,2.1755255773348403,10.52807728668197,1.4788482855054625,4,0,0.2380354961636109,0
2384,Female,Middle,Single,Heavy,Lag,20.291171877465974,4.318478264718223,16.63990404134841,0.7454327690476177,6,0,0.39291797579513965,0
2385,Female,Child,Single,Two-wheeler,Gap,20.153260869929927,4.99678247573693,3.034786802206705,0.9048384202469821,9,0,0.020115729010907538,0
2386,Male,Middle,Single,Heavy,Lag,21.94938278973689,3.6254090586057317,21.123662391661846,1.3115076331037887,5,0,0.660614826107156,1
2387,Male,Middle,More,Two-wheeler,Lag,21.150657508482475,4.440615048045459,5.615868928505457,1.4609280325765461,13,1,0.18430819189168668,1
2388,Female,Elder,Two,Three-wheeler,Lag,20.631318910036416,2.8442208220479888,17.974299058633385,0.814386192541865,3,1,0.7201228028709393,1
2389,Male,Young,Single,Two-wheeler,Lag,21.281740070319515,3.793382664677647,11.0063049095974,1.1894779693790405,5,1,0.751271520820105,0
2390,Female,Middle,More,Heavy,Lag,26.033464382203363,3.3427306774248207,3.897141349539508,1.309382835155923,7,0,0.022828662893032654,0
2391,Male,Young,More,Heavy,Lag,21.599084587920846,1.964801872283008,8.75077797883883,0.6129624382034732,6,0,0.03128422843077668,0
2392,Male,Young,More,Four-wheeler,Lag,15.236740309976035,3.492686179130382,20.97591612010754,0.9109908535883952,14,0,0.11253259569208991,0
2393,Male,Young,More,Three-wheeler,Gap,27.655724219773678,4.775585540603006,17.920023865556875,1.887930299840504,4,0,0.219700616039208,0
2394,Female,Elder,More,Three-wheeler,Lag,15.629368925613669,1.695684152314249,15.179386833157427,1.782855885894365,5,1,0.25900333065352527,1
2395,Male,Elder,Two,Three-wheeler,Lag,14.589020527750728,3.461575023879514,9.088277553104987,1.0355474678355525,7,0,0.13455250404137983,0
2396,Male,Middle,More,Three-wheeler,Lag,34.82107928116377,4.920495504735867,12.624716784089426,1.7555527075616237,7,0,0.2850466008774157,0
2397,Male,Middle,More,Two-wheeler,Lag,15.580937485063206,4.512383465413564,6.507198099939633,1.3929151754400602,10,0,0.026252637031606386,0
2398,Female,Young,Single,Four-wheeler,Lag,12.89656165013443,3.5111272761952272,13.70052160443744,2.215373171201928,10,0,0.28164510232625206,1
2399,Female,Middle,More,Four-wheeler,Gap,20.892876245828162,2.408804406854042,7.0339072112539025,2.0916360353548944,0,0,0.01805428673989278,0
2400,Male,Young,More,Heavy,Lag,25.301040494272414,4.78456958160765,17.756300867299288,1.3740003997677566,9,0,0.17772179748637873,0
2401,Male,Middle,More,Three-wheeler,Lag,11.448465514660366,2.324994449653854,14.809190205134888,1.2023794537896206,9,0,0.08885216311003616,0
2402,Male,Young,More,Three-wheeler,Lag,19.879769026791376,2.8221244405431296,9.193006216818889,0.7913807285491217,7,0,0.06438126258281474,0
2403,Male,Middle,Single,Three-wheeler,Lag,11.778425766977335,2.179870267315668,13.921042840484825,1.2730478395698235,4,0,0.4355071980437844,0
2404,Male,Young,Single,Two-wheeler,Lag,19.012628218233587,3.4066333713833994,8.160640869575412,1.123757474898963,12,0,0.14763526696720297,1
2405,Male,Middle,Two,Four-wheeler,Lag,17.771358229039595,3.9311731107115437,5.011629353692942,1.4089616790348143,9,1,0.5665469222083548,0
2406,Male,Middle,Two,Four-wheeler,Lag,13.927078166996925,4.678306062842469,6.563935847494259,0.6981698893674007,3,0,0.15935235327931857,1
2407,Male,Young,More,Two-wheeler,Gap,28.31179054255187,3.4137106293490493,7.2265406381380455,1.6883295761171264,4,0,0.021740383033224182,0
2408,Male,Young,More,Three-wheeler,Lag,21.95055723324255,5.815299138933229,6.404680087947813,2.097360313927679,8,0,0.12832477484951976,0
2409,Male,Middle,Two,Four-wheeler,Lag,25.658641254353633,3.8252601185559825,14.286080759046325,0.8913164352960987,12,0,0.31565870528055695,0
2410,Male,Middle,More,Three-wheeler,Lag,27.382869230768712,3.8521743008487643,15.552250887652711,1.393197983786803,6,0,0.23744114419776546,0
2411,Male,Young,Single,Three-wheeler,Lag,28.277063922682494,2.426302557179434,10.378689637162958,1.6296667977432449,11,0,0.45063222847882217,0
2412,Male,Young,More,Four-wheeler,Lag,23.76433670179622,2.4902757999291714,27.276849946786548,1.3005881103197936,5,1,0.7822976934875471,1
2413,Male,Young,Single,Three-wheeler,Lag,17.1970381245474,3.7652809577387347,19.795875980030882,1.9445954835858243,5,0,0.7401876320279658,1
2414,Male,Middle,Two,Two-wheeler,Gap,25.339188523220642,4.242679030041427,3.478382026010971,1.2520556797987417,8,0,0.05271526710008773,0
2415,Male,Middle,Single,Four-wheeler,Lag,20.302166154263126,2.5507036895987585,10.433952739516158,0.971930898479951,1,1,0.7949581178532048,1
2416,Female,Child,Two,Heavy,Gap,16.620805011566926,3.482533039370529,20.51998542356371,1.2066142544628689,2,0,0.10471601454186011,0
2417,Male,Middle,Single,Two-wheeler,Lag,18.39366596267834,3.0875824360694315,6.285551085305594,1.2249407771573293,9,0,0.1350161396928823,0
2418,Male,Middle,Single,Two-wheeler,Gap,17.105698913739314,3.3449456933021247,9.063933979406647,0.9504750918318488,3,0,0.1057076750912517,0
2419,Female,Middle,Two,Four-wheeler,Gap,19.54377107574597,2.6200415317429453,22.60064821375579,1.6050410886228494,2,0,0.27444851587390046,0
2420,Male,Young,Two,Four-wheeler,Gap,24.369858001317144,2.264654387734265,16.38351135270967,1.3749733279956604,1,0,0.22999388554961567,1
2421,Female,Young,Single,Three-wheeler,Lag,19.806225649807423,2.9712456855592517,17.851038028742764,1.0917160722790487,3,1,0.9003273706886865,1
2422,Male,Young,Two,Three-wheeler,Gap,16.556791343788927,4.89539230966453,19.363156479977093,1.1502886388009619,3,0,0.44789942836114593,0
2423,Male,Young,Single,Four-wheeler,Gap,12.482734207353825,4.57791523730113,5.329556120474473,1.0932547617875956,4,0,0.11420913624163177,0
2424,Female,Young,Single,Three-wheeler,Gap,25.96230130373275,2.0520371270140205,14.702858747309124,1.1799202310529888,13,1,0.6997907571583091,1
2425,Male,Young,Single,Two-wheeler,Lag,18.850791003374376,1.9655473832628454,17.047444082478993,1.2704788823290825,8,0,0.2924333689820815,1
2426,Male,Young,Two,Two-wheeler,Lag,19.200731461385857,3.509615287178007,6.402118291067335,1.0455945535725477,8,0,0.08663019259526024,0
2427,Female,Middle,More,Three-wheeler,Lag,24.042973968254245,2.82410003123183,2.342838310101177,1.657660963038994,2,1,0.2364422784303022,1
2428,Male,Young,Two,Heavy,Lag,25.816020131276513,4.6608416348099615,5.473804741802308,1.9191448431860132,3,0,0.24637482814735395,0
2429,Male,Middle,More,Three-wheeler,Gap,20.17517461263899,3.489092014484634,15.59043636604952,1.2644583485016996,12,0,0.07843099099342475,0
2430,Male,Young,Two,Three-wheeler,Gap,21.913049322455215,4.806447677984703,14.602298140229387,1.4939739910355865,8,0,0.34600836282131625,0
2431,Male,Middle,More,Heavy,Lag,16.057067510079186,2.090567011141249,19.823406456743534,1.9267479214320984,10,0,0.11714232107071279,1
2432,Male,Young,More,Three-wheeler,Gap,28.484608097132202,5.804247403582798,8.019805309491735,0.866782059055456,4,1,0.41887649143108346,1
2433,Male,Middle,Single,Three-wheeler,Gap,20.97705082082933,4.418098836025243,13.217007721198257,0.8635982391797351,7,0,0.38854812472733585,1
2434,Male,Middle,Single,Two-wheeler,Gap,23.277584410509462,4.282961877863185,1.8637091111693707,0.6640792510276528,6,1,0.35623151183763613,0
2435,Male,Young,Single,Four-wheeler,Lag,13.315981696859897,5.420778051163918,21.859282032503714,1.1733866988598056,3,0,0.6955740241890608,1
2436,Male,Middle,Two,Four-wheeler,Lag,21.980904558202855,3.440935203124257,12.025047010689683,1.0458559863594714,10,0,0.2424234454190515,0
2437,Male,Young,Two,Four-wheeler,Gap,18.14605411291192,2.3046725940153543,15.745012951633726,1.307648798857793,4,1,0.6211442748491075,1
2438,Male,Middle,Single,Three-wheeler,Lag,19.316003953097052,3.5215890272777552,7.441754493958264,1.1834924146018169,6,1,0.8313982271749344,1
2439,Male,Young,More,Three-wheeler,Lag,22.67298573162654,4.622848934787592,3.353802342759951,0.8642764111373429,2,1,0.3669220323724928,1
2440,Male,Young,More,Two-wheeler,Lag,24.660157103268038,4.843113000918535,2.8687582155223312,1.1156291708137265,8,0,0.023909777913010747,0
2441,Male,Young,Single,Heavy,Gap,17.853185732900428,3.4962600814673044,17.360127912348297,0.559949282507826,10,0,0.24558454039612043,0
2442,Female,Elder,Single,Two-wheeler,Lag,26.411101925477325,4.284537524869864,4.934389469968471,1.2810709734087737,5,0,0.07520139870165395,0
2443,Male,Young,Single,Four-wheeler,Lag,15.686629801148538,2.7143367474887587,17.615688866955928,0.9725770471558592,15,0,0.3515386434240385,0
2444,Male,Middle,Single,Four-wheeler,Lag,20.905544913244906,2.652559075814163,7.111658219083214,0.7406743182301208,3,1,0.7081757451294903,1
2445,Male,Young,More,Two-wheeler,Lag,14.270782817782049,3.795240268751296,11.797498485334929,0.6496537947332619,11,1,0.1940901561480602,0
2446,Male,Young,Two,Three-wheeler,Gap,16.91212825735284,3.2928161171476855,7.0514837319834305,1.4981770728855444,9,0,0.1147944560193192,0
2447,Female,Young,Single,Two-wheeler,Lag,27.0468040203039,2.362073942603668,2.5286686447491533,0.9422264622966802,13,0,0.052636599142053486,0
2448,Male,Elder,Two,Three-wheeler,Lag,7.849366940822819,4.395369447404618,11.814767854638504,1.4254151953907224,9,1,0.6382565037234564,1
2449,Male,Middle,Single,Heavy,Gap,27.716291474172937,3.628666912339161,8.87425718028863,1.6529847832969047,6,0,0.23711201022154565,0
2450,Male,Young,Single,Three-wheeler,Gap,17.533100216075887,3.592888126638343,10.011432575257826,1.2386176758315932,5,0,0.26469231662169346,1
2451,Male,Middle,Single,Heavy,Lag,22.889214759799728,2.486865963306851,12.852078177513487,0.7762485036130702,10,0,0.30743959668391735,0
2452,Male,Young,Two,Two-wheeler,Gap,12.6279404799666,2.6926808513942575,7.962949313539939,1.371129694403699,11,0,0.03485798967042641,0
2453,Male,Child,Two,Three-wheeler,Lag,22.046010123022747,4.142836315511769,12.186444838377149,0.6619666406526599,7,1,0.6902813192994484,1
2454,Male,Young,More,Heavy,Lag,27.501134082072788,4.802206149622977,13.888458685583934,1.655866714299879,8,0,0.14536679108062095,0
2455,Male,Young,Single,Four-wheeler,Lag,20.796262031413985,2.4347633049703803,3.5387237283018553,1.5655461764542535,6,0,0.1656546858523557,0
2456,Male,Young,More,Three-wheeler,Gap,18.0445524299726,4.609764806587498,8.586480955776935,1.1280701230965475,3,1,0.31041261709243095,0
2457,Male,Middle,Single,Four-wheeler,Lag,24.605997202028576,4.504043604818547,3.5484169642295775,0.9700987444472261,1,1,0.7600037586061523,1
2458,Female,Young,Single,Heavy,Lag,23.163841264888,4.621424435217227,1.2418049844338555,1.4915216052895817,8,1,0.5445510270027315,1
2459,Male,Elder,More,Four-wheeler,Lag,13.413799975085007,3.781176184748572,2.5598967440975766,1.3153713511350884,8,1,0.08416097354327642,0
2460,Male,Middle,Two,Four-wheeler,Gap,22.417039713037887,3.0735934692906937,12.685443892447356,0.7959105328530409,8,0,0.13523270145781816,0
2461,Male,Middle,Single,Two-wheeler,Gap,22.400953162896343,4.433801537710495,3.4115004754126614,1.562015082701193,7,1,0.45434695482605714,1
2462,Male,Middle,Two,Two-wheeler,Gap,23.831425546646827,3.4701859219763045,18.978220947529202,1.0492047299275573,4,0,0.21874887953073147,0
2463,Female,Elder,Two,Four-wheeler,Gap,17.34479393870222,2.619000626266069,15.994934924787058,1.81694491614478,3,0,0.07576737115529124,0
2464,Male,Young,More,Three-wheeler,Lag,18.61912177656339,3.2330256017853576,1.3033927684554634,1.6781443484374192,1,0,0.044205889979907584,0
2465,Male,Middle,Two,Three-wheeler,Gap,29.787693278155007,3.4027043198234734,12.351077407555756,0.9785471872492715,2,0,0.31269020865458436,0
2466,Male,Young,Single,Three-wheeler,Gap,21.05603760550285,3.547198090731422,1.3498536294928805,0.9524607907167142,7,0,0.11515603522811801,0
2467,Male,Elder,Two,Three-wheeler,Lag,20.138101053386784,5.073089796263891,4.000279430821033,1.1232908681165703,9,1,0.5472523142758063,0
2468,Male,Young,Single,Three-wheeler,Gap,32.30960650945591,3.2601983503903447,27.38486747550849,1.6339613457889308,12,0,0.7890176260770079,1
2469,Male,Middle,Single,Three-wheeler,Gap,15.882966355457626,2.8500791583074045,10.376754005386099,0.7722459960345456,1,0,0.243258242982735,0
2470,Male,Middle,Two,Three-wheeler,Lag,18.570736325939993,5.683863173949942,1.8761988703026553,1.0278457325788697,10,1,0.6648133557042499,1
2471,Male,Young,More,Two-wheeler,Lag,23.973555434819176,2.695704439461713,18.387991332878585,1.4258062383022887,7,1,0.4524033964531509,0
2472,Male,Elder,Single,Four-wheeler,Lag,23.17001040703733,1.2230431100375814,20.92847448101504,0.5723192101645318,4,0,0.33460571459621347,0
2473,Male,Young,More,Four-wheeler,Lag,30.242508420450427,4.791301212012459,11.91967990495482,0.6274340659381621,9,0,0.10163612377996373,0
2474,Male,Young,Two,Two-wheeler,Lag,22.242676400783154,5.578976255818146,14.838747799738425,1.566496237311368,17,0,0.27379605393344264,0
2475,Male,Middle,More,Three-wheeler,Lag,17.294294517670828,4.106437927304516,16.481021081585517,1.2639386704975375,5,0,0.20034913927678785,0
2476,Female,Young,Single,Three-wheeler,Lag,18.566604937755052,3.249331241545679,15.443628802841937,1.3042662645751553,7,1,0.8666437169301527,1
2477,Female,Child,Single,Four-wheeler,Lag,12.561075425061343,3.664100849526058,11.004461081605248,0.9442057587610593,3,1,0.4945304760316236,1
2478,Female,Young,Single,Four-wheeler,Lag,28.0184641355523,4.701767844638173,17.861375257826943,1.2746804384118617,3,0,0.5767379219494858,1
2479,Male,Young,Single,Four-wheeler,Lag,13.710054570347893,4.993507397244045,11.559272794131589,1.289789213116438,2,0,0.41127674961015,0
2480,Male,Middle,Single,Four-wheeler,Lag,20.661801303797397,2.0572499084636213,7.00800515423943,1.1413534964690273,1,0,0.23231662739982012,0
2481,Male,Elder,Single,Two-wheeler,Lag,18.620816372846406,4.890151920082925,1.146991914681129,2.080525831252694,9,0,0.07480273436925206,0
2482,Male,Middle,Single,Three-wheeler,Gap,13.853577056623674,3.8932146471495006,8.730287662328761,0.611915588404921,2,0,0.2224198204888347,1
2483,Female,Young,Single,Two-wheeler,Lag,16.973012352583076,1.5047414802418242,3.3693346374030275,1.142665409832079,8,0,0.04192366053387139,1
2484,Male,Middle,More,Three-wheeler,Gap,21.930923197521395,2.0922249530566535,2.88061953893635,1.7330849808996516,11,0,0.01834846927555057,0
2485,Male,Middle,More,Three-wheeler,Lag,9.802384644212397,1.6392387878807273,10.580491709308212,0.8870213846701621,11,0,0.03998104763270294,0
2486,Male,Middle,Single,Four-wheeler,Lag,30.190710755331693,5.509532076977626,22.383903802000336,1.942951874645331,4,0,0.8577544023098499,1
2487,Male,Young,More,Two-wheeler,Lag,27.488682816365017,3.3074552202128267,3.9155845542579364,1.1546276172198298,2,0,0.02636479578511758,0
2488,Male,Young,Single,Four-wheeler,Gap,12.385716292490256,4.223674165674495,7.263286660439054,0.814088725568393,5,0,0.11672475192368241,0
2489,Female,Elder,Single,Three-wheeler,Lag,26.28170022712871,1.047912532403923,17.78675355727126,0.705135406157321,3,0,0.29623881682660197,1
2490,Male,Middle,More,Three-wheeler,Lag,17.53571424531935,4.525555439002559,9.456372688337925,1.0410134195395648,5,0,0.10425597587336355,0
2491,Male,Young,Single,Four-wheeler,Lag,11.737522038311234,3.4765230091195427,15.980284025255095,1.8905448337323243,7,0,0.43914296998400776,1
2492,Male,Middle,Single,Two-wheeler,Gap,17.18375444599986,5.268600279617586,11.815718741274832,1.9586323776686971,8,1,0.6999533562765738,1
2493,Female,Young,Single,Three-wheeler,Lag,24.913243338612496,3.594423938420375,12.894606113553433,1.3108038935316753,3,0,0.47717945021225616,1
2494,Male,Young,Two,Three-wheeler,Lag,22.419039661641975,4.507012662040379,5.125072903115512,0.7509482819190386,3,0,0.25021168197891236,0
2495,Male,Middle,Two,Four-wheeler,Lag,16.046348711190607,3.9320387316627214,8.623534782479924,1.1897146271090189,11,0,0.16372328807039013,0
2496,Male,Middle,Single,Two-wheeler,Lag,23.27046242452143,3.5933324694722084,13.217215512810544,1.1458754013575956,13,0,0.2824701155240074,0
2497,Male,Young,Single,Heavy,Gap,23.083538778335548,5.505996962899548,1.8629547934225439,0.9207997321237926,8,0,0.11037730793994713,0
2498,Male,Elder,Single,Heavy,Lag,23.672617649608796,3.517643033617495,5.671403621748967,0.6712050023680396,7,0,0.11567531521345335,0
2499,Male,Middle,Two,Four-wheeler,Gap,20.59051109896221,5.03862064741783,9.199793673998228,1.1046207688043053,8,0,0.14149492889319176,0
2500,Male,Young,Single,Three-wheeler,Gap,25.12330618426132,1.5456720064501166,14.212549934585589,1.0934324926939278,2,0,0.342982444833426,1
2501,Female,Middle,More,Four-wheeler,Lag,22.04737117197888,4.023318126929889,11.258403156791847,1.4840086491950488,12,0,0.048487599817113036,0
2502,Male,Middle,More,Two-wheeler,Gap,13.623664086972882,5.17376500751747,15.10394327293772,1.1191103174863655,3,1,0.26580177071882777,1
2503,Male,Middle,Single,Four-wheeler,Lag,24.941418865731272,5.084762315882518,15.275852893003808,0.5138792760489708,8,0,0.5365520840411103,0
2504,Male,Elder,More,Three-wheeler,Lag,17.461293049422423,3.4856737328298073,1.9900639423685273,0.5347572210063594,3,0,0.0173319765693277,0
2505,Male,Middle,Single,Two-wheeler,Gap,23.038193665304853,3.4463805295735064,20.22808752176968,1.4622113833782109,8,0,0.3463401261830261,0
2506,Female,Young,Single,Three-wheeler,Lag,22.563024804842275,4.601499106709024,17.62162708833649,1.4279187041882409,9,0,0.6024444583209766,1
2507,Male,Young,Single,Four-wheeler,Lag,17.648641774231617,3.0190513779257726,7.21548387033621,0.819899303142807,9,0,0.1814983937390595,0
2508,Male,Middle,Two,Four-wheeler,Gap,14.511015975664668,5.390613857264337,10.836610454020844,1.7517160197117563,5,0,0.18618423850228916,0
2509,Male,Elder,More,Three-wheeler,Lag,22.87581420936744,2.728114445476492,7.867519351040154,1.4302366167721594,7,0,0.03918172178683817,0
2510,Male,Young,More,Three-wheeler,Lag,25.79921619255287,1.8739894175322076,20.439259069626303,0.8101181303039615,7,0,0.20173094942148606,1
2511,Male,Young,Single,Four-wheeler,Lag,25.547500412807572,4.4374405104397034,9.13816752045885,0.9932239550843163,9,0,0.34618216777508437,1
2512,Male,Middle,Single,Four-wheeler,Lag,21.826078978928745,3.24027322416262,9.359812996853712,2.1436880203284954,6,1,0.8347003559305668,1
2513,Female,Young,Two,Four-wheeler,Lag,15.843424901702754,3.0862279510152004,20.674499491413552,1.1345123823690442,6,0,0.2991590447824767,0
2514,Female,Young,Single,Three-wheeler,Lag,17.34327359023773,2.972602988282186,12.83659470746767,0.9283719220124119,8,0,0.3119968293791755,0
2515,Male,Elder,Single,Four-wheeler,Gap,23.879459260194963,6.010446068583164,4.636051996951198,1.2659698775297081,2,0,0.12685908269521007,0
2516,Male,Middle,More,Four-wheeler,Lag,18.757250524590013,3.7499493900553604,13.29520746002417,0.8860206857774845,8,0,0.07649075927707188,0
2517,Female,Elder,More,Two-wheeler,Lag,23.49445603389242,6.372355758196431,16.83431410408214,1.6127518724746763,2,0,0.06825374448447748,0
2518,Male,Middle,More,Three-wheeler,Lag,17.236720625030962,3.0469248686703048,8.378047282871652,1.6169812518757591,9,0,0.07124305807339776,0
2519,Male,Young,Single,Two-wheeler,Gap,6.953964647984247,3.268853892462462,11.55377421483857,1.6278289902845295,5,0,0.10130389257884848,0
2520,Male,Elder,Single,Three-wheeler,Lag,21.488646437162785,2.5791284946109325,13.310342077440579,1.3743991652499172,11,0,0.3082698571293565,0
2521,Female,Young,Single,Four-wheeler,Gap,21.451264138776114,3.319247688669191,11.272396565617097,1.470788723086073,1,0,0.17066968521331047,0
2522,Male,Young,More,Two-wheeler,Lag,21.841619498540677,1.7806983788978472,33.788782385413626,1.034257545292695,6,0,0.2867504020413917,0
2523,Male,Elder,Single,Three-wheeler,Lag,16.562325061050377,1.0225706020886092,11.21117892732574,1.7802903870216986,2,0,0.24033678324414495,1
2524,Male,Middle,Single,Two-wheeler,Lag,24.958256839352202,3.3885781966954305,13.616664526801273,0.7944153442468622,11,0,0.2877434978657078,0
2525,Male,Elder,Single,Heavy,Lag,19.842734990293373,4.3360365471450875,16.812726151029917,0.9514743090952469,2,0,0.38216686553528834,1
2526,Female,Young,More,Four-wheeler,Lag,24.018782665927745,3.3397547238366707,4.608368519973715,2.383351219359098,6,1,0.21350375109107939,0
2527,Male,Elder,More,Three-wheeler,Lag,21.599474609685178,3.5856335625309845,2.3582268753267543,2.057198257252058,2,0,0.034263065290378966,0
2528,Male,Middle,Two,Four-wheeler,Lag,18.832182867466404,3.3658595356415373,24.88530481107681,1.2472491005926574,10,0,0.5629756869696131,0
2529,Male,Middle,Single,Two-wheeler,Lag,22.63321758546448,3.612392575328539,15.391512721965942,1.2376259122875937,4,0,0.40618778110257286,0
2530,Male,Elder,Two,Four-wheeler,Lag,21.077768075267862,4.4523547068471805,9.313454066846079,0.7485533073783915,7,0,0.12183118115169773,0
2531,Male,Young,Single,Four-wheeler,Lag,20.169082471609155,4.571562282535294,1.5851182431317579,1.4264882344046452,2,0,0.21282249126588992,1
2532,Male,Middle,Single,Two-wheeler,Lag,22.155712760058645,4.731478130495979,5.232649838829794,0.5657524760046199,4,0,0.18080741886886698,0
2533,Male,Middle,Single,Heavy,Lag,12.432314150950116,2.5817912147959925,1.3335540267535873,1.0257973052940599,2,0,0.10396564708102442,0
2534,Female,Middle,Two,Two-wheeler,Lag,27.528497306489296,3.403092365890301,9.366571706476119,1.1465902159036416,7,0,0.1114773038997945,1
2535,Male,Elder,Single,Four-wheeler,Lag,17.635915194062914,4.696948358138909,12.031315449758594,1.8172994053307372,0,0,0.3422332272615166,0
2536,Male,Middle,More,Two-wheeler,Gap,15.793218702278288,5.437687537390106,5.113549880568915,2.106159239952903,18,0,0.012904267518932915,0
2537,Male,Young,Two,Four-wheeler,Lag,24.191075345177847,3.661742417664064,13.551033087901919,2.1463092851227175,5,1,0.8451227476876476,1
2538,Male,Young,Single,Two-wheeler,Lag,15.91343023521564,3.509763072182584,23.125335584889655,1.6244788158811547,7,0,0.5431739927381367,1
2539,Female,Elder,Two,Two-wheeler,Lag,34.308560215238174,4.408133753343451,27.96502646579954,0.996165729186699,4,0,0.46109523888849563,0
2540,Male,Elder,Two,Three-wheeler,Lag,18.89553190635094,6.362682637935601,17.87526042002782,0.6024688716781744,3,0,0.48339283904895525,0
2541,Male,Elder,Single,Heavy,Lag,17.03176496304249,3.3056579519102285,10.157653664185503,1.1547710822698798,11,0,0.14140553167726436,0
2542,Male,Child,Two,Three-wheeler,Gap,11.506489138965298,2.3806395722395775,11.902915208664506,1.0052471998693717,9,0,0.05710954936632409,0
2543,Male,Young,Single,Four-wheeler,Lag,10.487085371389528,4.712994159495163,11.152368154144916,1.4208903096248877,8,1,0.7976186151855298,1
2544,Male,Middle,Single,Three-wheeler,Lag,12.73970593119342,4.2050991572779814,5.01191541107926,1.0925127676354365,9,1,0.7498340380603857,1
2545,Male,Middle,Two,Four-wheeler,Lag,6.6738708386666215,2.2861434194488073,18.516475627624764,1.8090767250005582,2,0,0.3258060184032983,0
2546,Male,Young,Two,Three-wheeler,Lag,17.51280987403915,2.9812160260639264,14.235893040584596,1.0959445334540834,13,1,0.788564694185837,0
2547,Male,Middle,Single,Three-wheeler,Lag,17.252614242796234,3.6931046606458646,13.515272865255842,1.1005085020541274,6,0,0.5270594475664129,0
2548,Female,Young,Single,Heavy,Lag,19.032588663054668,4.281441675412904,6.286811630401324,1.561912798402068,11,0,0.1588167539329069,0
2549,Male,Young,Two,Three-wheeler,Gap,15.944444234216373,4.47301720596394,4.959729544273273,1.3420066202557512,9,1,0.5022730807326508,0
2550,Male,Young,Single,Three-wheeler,Lag,11.535987599927461,2.337269832420805,19.133926699641385,0.9525054081060897,4,0,0.5479714704782545,0
2551,Male,Young,More,Heavy,Gap,11.88539854280198,2.5989334285533134,5.494921233771777,1.4481706876970715,7,0,0.010639995297768464,0
2552,Male,Young,Two,Three-wheeler,Gap,14.955948213052013,4.328815747720954,3.14850138507835,1.310490801115018,15,1,0.38401266712801546,0
2553,Male,Elder,More,Three-wheeler,Lag,17.349227858112997,2.1354109347735495,13.28765829560452,0.7256783810382121,1,0,0.05094964172058219,0
2554,Male,Middle,Single,Three-wheeler,Gap,14.193116507428694,3.5254077991196353,14.806022286430345,1.2017313328990118,5,0,0.36557634556328494,1
2555,Male,Elder,More,Four-wheeler,Lag,18.089168800095308,3.6709458064691067,4.236226013143388,1.8873281296538724,7,1,0.13643606069468722,0
2556,Male,Young,Single,Heavy,Lag,27.960822604568524,3.033200209813983,6.031026651815036,0.8946747187634092,4,1,0.7295662556093168,1
2557,Female,Young,Single,Four-wheeler,Lag,16.4502973012809,4.539120671391127,16.692381971445833,1.1423129105466805,4,0,0.41114503787241957,1
2558,Male,Young,Single,Four-wheeler,Lag,14.660710985658092,1.7268582371214416,21.55155882799634,0.9787182530767751,9,0,0.4462031031289453,1
2559,Male,Middle,Single,Three-wheeler,Gap,22.402804461053627,4.45986528707247,10.70199002634419,1.2805405382849873,12,1,0.8014979438788584,0
2560,Female,Young,More,Two-wheeler,Lag,19.89067683438907,3.985821433712985,16.773020834782777,2.1552367377093464,6,0,0.0695902636071798,0
2561,Male,Middle,Two,Two-wheeler,Lag,10.791774364732648,3.552878867148905,8.061991588197257,1.0203835961045633,14,1,0.38120250244771353,1
2562,Male,Middle,Two,Two-wheeler,Lag,24.493712312158536,4.915305728224144,14.783369949500592,1.6844114257224876,2,0,0.39181158283476347,0
2563,Male,Elder,Two,Two-wheeler,Lag,23.20696448510358,2.5406750022527467,12.072222791009375,1.6947553692489685,3,0,0.11248280679896623,0
2564,Male,Young,Two,Four-wheeler,Lag,31.1432684674308,4.558358120819359,18.17098054137982,0.9577983403877867,1,0,0.5843627449566378,0
2565,Male,Young,Two,Two-wheeler,Lag,28.62890351104398,2.4803550143680164,16.379658900909558,1.5824262349292377,5,0,0.30254782439019273,0
2566,Male,Young,More,Two-wheeler,Lag,21.210631401027218,6.310887241124754,7.44740269951971,2.2974495745268246,7,0,0.06819257496342716,0
2567,Female,Child,Two,Three-wheeler,Gap,22.733781844952297,1.5101018470224288,4.882190724979713,2.023947433882748,3,0,0.03362371580162263,0
2568,Female,Middle,More,Three-wheeler,Lag,18.73786619068701,3.693024473656713,17.173966554737913,1.3606022439483771,5,1,0.5803229576074842,0
2569,Male,Middle,Single,Two-wheeler,Lag,26.838299084701553,2.393866900851386,2.040949053611233,0.8064802241500899,8,0,0.09366097144946607,0
2570,Male,Middle,More,Two-wheeler,Lag,20.762344445629076,3.250337992279018,14.299472726223392,0.7529528799471501,8,0,0.050689996429449255,0
2571,Female,Young,Single,Three-wheeler,Gap,17.488974037017087,2.300118881398519,10.69237572355766,0.9672226043079475,7,0,0.13571815629237258,0
2572,Male,Elder,Single,Three-wheeler,Gap,7.533146825853249,2.505861534566283,3.18830106978805,1.3553394999857673,7,0,0.043604630472112146,0
2573,Male,Elder,More,Four-wheeler,Lag,21.242277578541156,1.7725373149898123,14.487690065864015,1.1099572873969454,16,0,0.026232870343824214,0
2574,Male,Young,Single,Four-wheeler,Gap,20.376013340841354,1.1700732002376983,10.808935640118301,1.4773838797911898,9,1,0.5481174727608924,0
2575,Male,Elder,Single,Four-wheeler,Lag,24.974958092042083,4.2369797410813765,18.698941387739143,1.6063698134767521,12,0,0.4551852277457339,0
2576,Male,Young,Single,Four-wheeler,Lag,15.057015082353516,3.389756234163701,6.064938168076014,0.8500757749777312,14,0,0.14076677616841543,0
2577,Male,Middle,Single,Heavy,Lag,25.048481024481987,1.6397804182389986,1.0878193483162697,1.8476317389168426,11,0,0.1219482253505634,0
2578,Male,Elder,More,Three-wheeler,Lag,8.338360755901213,5.408334404039684,4.4761678533777705,0.638012235195326,1,0,0.02716795633199375,0
2579,Female,Middle,More,Four-wheeler,Gap,21.25470269338028,4.0505907979106315,7.189441732920615,0.9648223906362842,6,0,0.01568599408386269,0
2580,Male,Middle,Two,Three-wheeler,Gap,18.555007903674994,2.7775113926706214,13.783523776087605,1.651741111763041,5,0,0.25427182167245305,0
2581,Female,Young,More,Three-wheeler,Lag,17.581198530063972,3.3447360743648216,8.798750292094885,0.854920321511903,1,0,0.04949005879012107,0
2582,Male,Middle,Two,Three-wheeler,Lag,19.078206984979122,3.498445690092312,4.205430365842263,0.9060911197704818,7,0,0.1739301444963434,0
2583,Female,Middle,More,Two-wheeler,Lag,15.772749222502668,3.744541437505507,26.07087052421004,2.1597106296733477,3,0,0.17300948343760672,0
2584,Female,Young,Single,Four-wheeler,Gap,14.982717923400386,4.831763748603175,3.978091925419867,1.8679912509434762,7,0,0.08283895089621977,0
2585,Female,Young,Two,Two-wheeler,Lag,24.83603686665916,3.8066068098162007,8.671600929842498,1.648175459332275,10,0,0.10055648938613346,0
2586,Male,Middle,Single,Four-wheeler,Gap,15.849893715172529,5.971329017590998,19.259872003438346,0.8402788054553497,5,0,0.4829901202716301,0
2587,Male,Middle,Single,Four-wheeler,Lag,23.570937048157866,4.26429947980056,13.790542076881703,0.9523122552527251,14,1,0.8576288028864746,1
2588,Female,Young,Two,Three-wheeler,Gap,23.141428896505005,6.239381240742019,8.06884349096381,0.9262489812565933,9,0,0.15387484615400343,0
2589,Male,Elder,Single,Two-wheeler,Lag,9.954210326745926,3.6855161997358463,24.585011660831483,0.8627366246639792,10,0,0.30628684800532396,0
2590,Male,Middle,Two,Three-wheeler,Lag,26.626116472697255,4.0938865058556955,11.115146119965763,2.1198626994108785,2,0,0.5402198955956257,0
2591,Male,Young,Two,Three-wheeler,Lag,24.523654324219283,4.305373093649179,1.2803130369599476,0.8285816806662938,13,0,0.1407869143069017,0
2592,Male,Young,Single,Heavy,Lag,24.655012161951458,4.369535634855987,1.216464815499597,1.5436129218722598,1,0,0.22893572966177977,1
2593,Male,Middle,Single,Four-wheeler,Gap,24.919482571962483,1.4125274527435825,22.214723496068192,0.6160690729601173,11,0,0.3432059627134148,1
2594,Female,Middle,Two,Four-wheeler,Lag,21.186290917409835,2.1968388759238096,7.395173749899792,1.288415339929453,0,0,0.11465408714933283,0
2595,Male,Middle,More,Three-wheeler,Lag,33.5892428332648,2.6417113198115683,17.29061855499313,0.6603648406349932,2,1,0.7369534233758643,0
2596,Male,Young,Single,Four-wheeler,Lag,14.892841387797763,2.8032974119972245,2.3484377539082493,0.6406417412193397,4,0,0.10931706303292951,0
2597,Female,Middle,More,Four-wheeler,Lag,11.931666399985547,5.127495669700471,4.8287440958185295,0.919684842030501,9,0,0.019610672481120462,0
2598,Male,Middle,More,Two-wheeler,Lag,23.02412058505313,4.248940779947496,18.59175053202935,1.9097241732521697,12,0,0.1266336209547831,0
2599,Male,Middle,Two,Three-wheeler,Gap,16.988329610896535,2.2773306548033494,29.25337728596967,1.4006040180379369,8,0,0.5861359540756846,1
2600,Male,Young,Single,Two-wheeler,Lag,21.55771291845538,3.3069554860261845,2.5787070940136543,1.4161586102354733,9,0,0.10604292555772771,0
2601,Male,Middle,Two,Three-wheeler,Lag,18.480150540190845,2.7000891282030666,5.257829997088192,1.0055643233459075,4,0,0.18166924534748388,0
2602,Male,Young,More,Four-wheeler,Lag,17.612008722273085,4.691443628066304,15.191986758277032,1.5108005424919404,15,1,0.47089851189325493,1
2603,Male,Young,Single,Four-wheeler,Lag,26.980835023753627,5.221233980902893,11.59631423509594,1.4544507146270709,5,0,0.533834102577582,0
2604,Male,Middle,More,Three-wheeler,Lag,14.049074912840677,2.3769461979219066,9.52546042730275,1.195450009012234,12,0,0.050997996229995096,0
2605,Female,Middle,More,Heavy,Lag,15.097771990754882,3.2768737650943494,5.791626822742199,1.4558161665959553,9,0,0.01829994960183189,0
2606,Female,Young,Two,Two-wheeler,Lag,22.45001197297513,5.559352350631926,22.49922400719641,1.753705215580609,5,0,0.46841376178750666,0
2607,Male,Middle,Two,Two-wheeler,Lag,24.393914602208326,4.022226756408686,5.351621875438365,2.057109403007096,4,0,0.1586285822618446,0
2608,Male,Young,Two,Heavy,Lag,25.411863656440644,4.8907212150579005,7.111369413481658,2.50932302929389,8,0,0.2916619469596306,0
2609,Male,Young,More,Heavy,Lag,15.9121116484154,3.092364853953087,8.14624843487239,1.2254435530194185,13,1,0.1975261272327209,0
2610,Male,Young,More,Four-wheeler,Lag,26.655416549387635,2.570879105699607,4.651376634979596,0.570361612154346,8,0,0.026438155098098128,0
2611,Male,Young,Single,Three-wheeler,Lag,21.576937651855868,4.13797242324355,11.711211357645595,0.9182757212782527,11,1,0.8790493295232903,1
2612,Male,Middle,Single,Heavy,Lag,25.21472929288798,2.2481302311354403,8.437419731096941,0.8737809614604047,15,1,0.6678823077438818,1
2613,Male,Middle,Single,Four-wheeler,Lag,11.779224826627273,4.740664619189832,12.965011743797536,1.0090830079508217,4,0,0.4011798339978846,0
2614,Male,Middle,More,Four-wheeler,Lag,17.96642119239626,4.369885019529598,8.886686884785556,1.0802886461177574,6,0,0.059244639903311344,0
2615,Male,Young,Single,Three-wheeler,Lag,20.367995559704227,2.918990884101794,4.164456627368014,1.4379148358800187,7,0,0.2656457053642943,1
2616,Male,Young,More,Three-wheeler,Lag,21.106086279724284,3.527079351279028,19.118992800798253,1.2677419604290368,3,0,0.2546531159705877,1
2617,Male,Young,Two,Four-wheeler,Lag,12.864653231113893,4.551479414352696,11.259472661860743,1.414095814255098,10,0,0.21629379692729275,0
2618,Male,Middle,Single,Four-wheeler,Gap,20.562309944219223,5.369080963448814,8.104173310601212,2.1299014777213565,3,0,0.29949470735598194,0
2619,Male,Young,More,Three-wheeler,Gap,22.413729021703464,3.074617573945146,1.5443524434584663,0.6114572568335745,8,0,0.014688950268402909,0
2620,Male,Young,Two,Three-wheeler,Lag,18.036701337909378,4.512044591507163,12.785710896202872,0.5178124511095039,6,1,0.8267833311983799,1
2621,Male,Middle,Single,Four-wheeler,Lag,20.02907257504243,2.5085415175810906,16.53878695664644,1.4338849287743853,10,1,0.8665796153076518,1
2622,Male,Middle,Single,Three-wheeler,Lag,16.9661027115363,5.114472484457402,13.742292169518079,1.2912197515829953,6,1,0.9311390621794552,1
2623,Male,Young,Single,Three-wheeler,Lag,26.338173482105134,4.120546974824344,16.66655937252701,1.219172833075327,7,0,0.6954061811932499,1
2624,Male,Young,Single,Two-wheeler,Lag,21.42646602160364,2.323115879888456,4.997768273330598,1.724493399908468,3,1,0.5818977241816564,1
2625,Male,Middle,Single,Two-wheeler,Lag,20.740604415604032,4.312612674148618,24.736159744881036,0.8176200473561519,10,0,0.6095834318522355,1
2626,Male,Middle,Two,Four-wheeler,Lag,28.914781877928068,4.254238929488768,6.116466752670815,1.322814148302464,5,0,0.24355744897649784,0
2627,Male,Young,Single,Two-wheeler,Lag,22.40519218495978,4.321911243751703,7.138799061062724,1.931703545725664,7,1,0.7258612635503324,1
2628,Male,Elder,Single,Two-wheeler,Gap,16.757140936202518,3.051123627131717,11.304743885536828,1.1776152991543138,11,1,0.31830928620969456,0
2629,Male,Young,Single,Heavy,Lag,22.05323426034199,4.312504941611943,1.1844832036917712,1.3301543287910436,6,0,0.17442459820897305,1
2630,Male,Young,Single,Four-wheeler,Gap,29.890166942168186,4.675698257042454,10.133729183471738,0.6585592262093903,4,0,0.276134985172063,0
2631,Female,Young,More,Two-wheeler,Lag,9.187334846926987,3.058403378034549,5.816116477302059,1.0670939999116422,3,0,0.009365035631375423,0
2632,Male,Young,Single,Three-wheeler,Gap,21.827353933375228,2.5638611955610977,15.75914080691482,0.592686729151036,7,0,0.3346020664133812,0
2633,Male,Young,Single,Four-wheeler,Gap,14.400478049862965,5.0095329271501905,15.95630157764962,1.321368467195852,4,0,0.3531801625602633,0
2634,Male,Young,Two,Three-wheeler,Gap,25.070727673325877,3.9038900003984036,13.107611465211313,1.342532819743461,4,0,0.31029896974401666,0
2635,Male,Middle,More,Three-wheeler,Gap,22.03721086053293,3.4108222029508375,9.787692075094997,2.0087380059539717,3,1,0.3915269961531572,0
2636,Male,Young,More,Three-wheeler,Lag,28.56954038053237,4.959045533474704,7.903648748024132,1.4000829687469567,5,0,0.14275772736880016,0
2637,Male,Elder,More,Two-wheeler,Lag,22.476845570815666,2.240939933160571,17.712611508303723,0.4805008008203768,6,0,0.03122282584748956,0
2638,Male,Elder,More,Four-wheeler,Lag,8.5611533615757,4.601819255729539,11.216256731914044,1.6851599546863625,6,0,0.034136181101964036,0
2639,Male,Young,Two,Two-wheeler,Lag,20.164064680248465,3.5031583578817425,11.037167140085382,1.044087022201915,7,0,0.1467528430935917,0
2640,Male,Young,More,Three-wheeler,Lag,27.30801831194398,1.6106148666264333,4.09687523144217,1.4979351024669916,7,0,0.04578365946365974,1
2641,Male,Middle,Single,Two-wheeler,Lag,15.933155908915477,5.848928546916122,6.25009471153785,0.9636795289103737,5,0,0.21445844239749917,1
2642,Male,Elder,More,Two-wheeler,Lag,12.325547875660792,4.462412557551038,8.762381833049822,1.5635698950571761,12,0,0.014382665815332742,0
2643,Male,Elder,More,Two-wheeler,Gap,23.282291547898613,2.591040655922134,14.69432742658947,1.9161273669608683,6,0,0.01852952735645095,0
2644,Male,Child,More,Four-wheeler,Lag,20.053910885016727,5.269379484459614,18.233209307955242,0.6779423890889665,10,0,0.0743461138124046,0
2645,Male,Young,Two,Two-wheeler,Gap,10.809975813933121,5.373200314734669,28.754070258293865,1.289051686374564,7,1,0.8566069754343784,0
2646,Male,Young,More,Three-wheeler,Gap,16.75866187596416,4.557012875619751,9.883482948678427,1.2845193235665855,5,0,0.054929687781221606,0
2647,Male,Middle,Single,Two-wheeler,Lag,17.507526040577986,2.1952375137426783,10.313049209203797,0.9917710864834559,9,0,0.1553301720156052,1
2648,Male,Middle,Two,Four-wheeler,Gap,22.45033026561932,2.4744209880505847,16.147674389599576,1.058286017996417,2,0,0.21179204634010063,0
2649,Male,Young,Single,Three-wheeler,Gap,19.61973213809287,4.366769660032787,8.093445598788641,1.4474903718354726,15,0,0.22035198720717278,0
2650,Male,Middle,Two,Heavy,Lag,19.838851779946385,5.190073535271013,11.78457104060076,0.9993821781938761,7,0,0.30253495112277806,0
2651,Male,Young,Two,Four-wheeler,Gap,24.866494907943924,2.5920806210558647,14.25986469148506,0.5646584043549607,2,1,0.6184425104334601,1
2652,Male,Middle,Single,Three-wheeler,Lag,16.733808669815108,3.4121614658091213,6.583638213504575,1.577159193523559,5,0,0.35699947523237,0
2653,Male,Child,Single,Four-wheeler,Lag,22.523243847912273,2.3328517555831194,7.367009272199869,1.383964966769029,9,0,0.11283540846485386,0
2654,Male,Middle,Single,Two-wheeler,Lag,18.125405016026388,3.464310202820414,8.68971303811514,0.9462680094407012,1,0,0.2092211933946235,0
2655,Male,Middle,Two,Heavy,Lag,18.865141378587175,3.974373706064341,12.428892657633488,2.063621937091167,3,1,0.8176212518889115,1
2656,Male,Middle,Two,Heavy,Gap,20.806195511449264,1.33509303140946,7.203829113675594,1.8289169479235947,13,0,0.05564623295477443,0
2657,Male,Young,More,Three-wheeler,Lag,22.886835150731955,3.9756722811529874,6.056065981103319,2.0802388740045545,4,0,0.10036260314274688,0
2658,Male,Middle,Single,Four-wheeler,Lag,28.956224291285075,3.965321652701957,4.883303910680581,1.2524744899557758,2,0,0.3281054874558151,0
2659,Female,Middle,More,Two-wheeler,Lag,16.57627798432501,3.394466571005152,17.21750890066695,0.9262473652863709,1,0,0.0512788084682034,0
2660,Male,Young,Two,Three-wheeler,Lag,13.008777482785327,5.058547959019755,19.602578550320665,0.8403206914791628,7,0,0.5544878379519537,1
2661,Male,Young,Single,Four-wheeler,Lag,19.0140652060636,2.2349016609250905,20.35603219192451,1.9981502756478657,7,1,0.9169597515438296,1
2662,Male,Middle,Single,Heavy,Lag,20.6761122088613,1.6915612937852684,17.550075757058995,1.809259740570924,8,1,0.8760698045819516,1
2663,Male,Young,Two,Three-wheeler,Lag,15.854410939748018,3.5183462146267757,4.6235712010591365,1.5352619182015874,14,0,0.14884177765636536,0
2664,Male,Young,Single,Four-wheeler,Gap,26.898232091984084,3.631370847636761,3.7343651792222774,1.250524902589579,1,0,0.1471748299891343,0
2665,Male,Young,Single,Four-wheeler,Lag,24.710159585040838,2.786172906813303,11.082568020500235,1.1078730107011754,3,1,0.8240908068007958,1
2666,Male,Young,Single,Three-wheeler,Lag,19.929747672959085,5.673641552290982,11.458927462151546,1.4832918839671418,3,0,0.6322012379008818,1
2667,Male,Young,Single,Four-wheeler,Lag,19.316017499021186,2.739280497252368,15.403673606404627,0.5024097992981327,5,0,0.36971219226818974,1
2668,Female,Middle,Single,Four-wheeler,Lag,10.424299849268536,2.7985616867491654,6.334731358126144,1.266137258093873,2,0,0.1229117431932966,0
2669,Male,Young,Single,Four-wheeler,Gap,20.537365013516126,4.603628269755573,21.626108288471627,1.4507098451946705,5,0,0.5462195928950868,1
2670,Male,Middle,More,Heavy,Lag,21.37637341295649,5.262094437432255,7.898377751329378,1.5539448820042785,10,0,0.06887060536100906,0
2671,Male,Young,Two,Two-wheeler,Lag,26.932138726955635,3.640841070156033,12.431071786830048,1.1835064383947551,2,0,0.24694554838101068,0
2672,Male,Young,Single,Two-wheeler,Lag,20.0341097626331,1.3420052706678138,18.834138069136408,1.5413269108153154,12,0,0.3050132584919019,0
2673,Male,Young,Two,Two-wheeler,Gap,14.41295177941748,3.0851301199181087,11.493263361910282,0.7103593259945564,12,0,0.047640587122115115,1
2674,Male,Middle,Two,Two-wheeler,Lag,14.911977604436078,2.6270810583804702,15.861093672628979,0.9237372089440542,6,0,0.17882758128025275,0
2675,Male,Elder,Single,Three-wheeler,Gap,14.469860063679265,3.564412723851903,15.75932138465612,0.7951405820706159,11,0,0.18758085552747944,1
2676,Male,Young,Single,Four-wheeler,Lag,28.639289037320246,4.107941113987318,16.723574921497118,1.0561246553910641,8,0,0.5801339576435162,1
2677,Male,Young,Single,Three-wheeler,Lag,24.6023029952003,3.202067725101935,17.2635590234416,1.0612456825846093,4,0,0.6642851154915712,1
2678,Male,Young,Two,Four-wheeler,Lag,25.248186054236662,3.644564723385222,9.299747555438401,1.095836926134375,7,1,0.7050990262014769,1
2679,Male,Young,Two,Three-wheeler,Gap,25.597956297989846,4.389469546928626,8.8141577129957,1.2001110811661706,2,1,0.726450572337132,1
2680,Male,Middle,Single,Three-wheeler,Lag,12.755606995717717,2.7113491372836416,17.065478339602297,1.1668779030167675,6,0,0.5382292000657629,0
2681,Male,Young,Two,Four-wheeler,Lag,22.991889349129096,2.514792185798285,12.46448146458231,1.2278792055928982,10,0,0.21887868519850276,1
2682,Male,Elder,More,Four-wheeler,Lag,23.0268654136922,4.579726314756842,12.96259451129282,1.5522280225105862,7,0,0.06384276204737929,0
2683,Female,Middle,Single,Three-wheeler,Gap,15.795607612324272,1.5555395716305918,9.624791011618166,0.7909533870876762,5,0,0.10810447191852247,0
2684,Male,Young,Two,Heavy,Lag,19.88765433701147,2.312884667989022,5.930207343481862,1.0688756003992064,8,1,0.47634347986206127,1
2685,Male,Middle,Two,Three-wheeler,Gap,22.366790030465292,1.2430411626576543,10.375208562323923,0.47048297061353317,15,1,0.4454874187916708,0
2686,Male,Child,Two,Two-wheeler,Lag,27.10634222092599,3.699739560249036,24.509213114373885,0.5581157440746691,1,1,0.8137668748438142,1
2687,Male,Middle,Two,Three-wheeler,Lag,13.207157536499968,3.838546920070883,7.5659077638714685,1.3614128540505026,4,0,0.2525537841100085,1
2688,Male,Young,Two,Four-wheeler,Gap,26.948987326966012,3.6252637415514726,7.2322513340479,1.7735975862279372,2,0,0.1447587285105374,0
2689,Male,Middle,Single,Three-wheeler,Lag,27.968261195262304,3.2697785547466887,4.482655527879735,1.0156110017563262,14,0,0.2878595799519538,0
2690,Male,Young,Single,Four-wheeler,Lag,28.01419240995837,3.6191665392512022,10.780554490891422,1.1278562166151616,7,0,0.39431431095500924,1
2691,Male,Young,More,Three-wheeler,Lag,6.6276711910151835,2.5063311365494054,7.524841896677033,0.8920273906376794,2,0,0.03802589495443905,0
2692,Male,Middle,Single,Three-wheeler,Lag,15.7243449078671,4.674143757964725,14.459099144495772,0.7922194838599088,7,1,0.9140668547948148,1
2693,Male,Child,More,Four-wheeler,Lag,22.816588689009215,6.018280352441511,4.576891327674808,1.7926658615019142,6,1,0.22495595241416863,0
2694,Male,Young,Single,Three-wheeler,Lag,17.42973250346716,3.654528255290644,6.786802878040257,1.3210705117082857,1,1,0.8337645868431578,1
2695,Male,Middle,Two,Three-wheeler,Lag,11.463233089934985,3.1453213188911056,2.8433497988059573,1.4852102046619606,11,0,0.11579734283351853,0
2696,Female,Young,Two,Two-wheeler,Lag,24.028825758525752,4.519638328230288,2.2897857586178514,1.7873767217165561,8,0,0.06376523501934742,0
2697,Male,Elder,Single,Three-wheeler,Gap,9.603596650698218,2.5027082575658364,17.34623397359283,1.3400860074834546,0,0,0.23656931325965252,0
2698,Female,Middle,More,Three-wheeler,Lag,19.258811091769022,2.9721503584540603,20.405990268046374,0.8498738122824259,14,0,0.11833739731562706,0
2699,Male,Middle,Single,Two-wheeler,Lag,29.07671710740796,5.418411176334191,16.097264024166982,1.4966326120039786,2,0,0.6161954046370464,0
2700,Male,Young,Two,Four-wheeler,Gap,19.17676376196801,2.4740489683633875,18.86577462946434,1.545204771875797,0,0,0.2711382356238189,1
2701,Male,Young,Two,Two-wheeler,Lag,27.584688201533623,2.112988942211111,3.4673548072820344,1.1415544788793497,5,0,0.07205058214053418,0
2702,Male,Elder,More,Three-wheeler,Gap,18.730630463772286,3.672052331745187,20.07972242691733,1.3738515757597907,2,0,0.08886646227096603,0
2703,Male,Young,Two,Three-wheeler,Lag,17.812684376878707,3.7988521939624422,10.527282394311797,1.2212021759393097,7,1,0.7886800145786594,1
2704,Male,Young,More,Three-wheeler,Lag,13.117859485519505,3.8293190845256184,16.208000579638735,1.048050020005744,4,0,0.15012920506667482,0
2705,Male,Young,More,Four-wheeler,Lag,17.984340613769216,2.3778052196577724,13.108018812993048,1.4426868184372088,3,0,0.07027407957119249,0
2706,Male,Young,Single,Four-wheeler,Lag,17.665081982694563,4.243641577610624,8.58263482640793,0.9423719695457607,16,0,0.21773760292558086,0
2707,Male,Middle,More,Three-wheeler,Gap,25.740541338254143,2.696949606351981,7.103285177634321,1.0414905846957492,4,0,0.03919788883436327,0
2708,Male,Middle,More,Two-wheeler,Lag,27.87384674046709,5.504409616916254,4.202811985132216,1.132173004732148,5,0,0.042375024684143836,0
2709,Female,Middle,Single,Three-wheeler,Lag,9.039106407147422,2.6426155038255725,9.637034710195012,1.3712165517764296,4,0,0.23169364238540502,0
2710,Male,Elder,Two,Two-wheeler,Gap,12.83903299299019,1.3175736374080866,10.997409885276015,1.7222013736530064,10,0,0.022311561033268222,0
2711,Male,Young,Single,Three-wheeler,Lag,22.075385717859927,3.7381073768118736,26.332466140362943,1.371572233857262,3,1,0.9816512673831688,1
2712,Male,Young,Two,Four-wheeler,Lag,19.804477533137987,2.5431324010445295,2.170989062545728,1.5142312362726582,2,0,0.09894683844250558,0
2713,Male,Child,Single,Four-wheeler,Lag,17.03586509690208,3.9291638386135057,12.648787549737724,0.9994389670101791,11,0,0.18301597933639105,0
2714,Female,Middle,Two,Three-wheeler,Lag,16.421207081003626,2.6474453623488197,11.5195603268909,1.3389370112443575,3,1,0.7087867100617469,1
2715,Male,Young,Single,Heavy,Lag,15.792877701294532,3.3122600236774913,1.7461055440261752,0.7252972217240101,11,1,0.45842563713206563,0
2716,Male,Middle,Two,Two-wheeler,Lag,20.376252219643472,2.4448220910521545,8.239629337891536,1.1972365222276868,7,1,0.483294305135083,0
2717,Male,Young,Single,Heavy,Lag,8.589872088671445,3.3144889654374508,9.808400483916918,1.465306204469061,10,0,0.20128127411532654,0
2718,Male,Middle,Two,Four-wheeler,Lag,23.60382540147204,2.24354975057807,11.00021821205291,0.8490481624508033,1,0,0.2284450866888268,1
2719,Female,Middle,Two,Three-wheeler,Lag,17.09230474771113,3.0287017072055757,6.5319432042019745,1.8387967609615712,14,0,0.1297616549295566,0
2720,Male,Elder,Two,Two-wheeler,Lag,18.986106737994458,2.527062709331691,2.0789990722957583,1.145232834412598,4,0,0.027676906948024715,1
2721,Male,Young,Single,Two-wheeler,Lag,20.39878487539078,4.626865483951415,7.618113094361965,1.4410577885530964,1,0,0.2606802174575573,0
2722,Male,Elder,Single,Heavy,Lag,15.541534017270791,4.2736502329556805,17.96800099647708,1.2046935149260911,9,0,0.3367877094836487,0
2723,Male,Young,Single,Three-wheeler,Gap,26.700498060119283,2.3884526975815445,17.179250646936502,1.5228998747403901,3,0,0.5057759417005103,0
2724,Male,Young,More,Four-wheeler,Lag,22.671905106978812,1.933054493039523,5.521548721322097,1.335287204418719,4,0,0.03121638045966992,0
2725,Female,Young,Single,Three-wheeler,Gap,26.3327813508338,1.4287893313487534,13.67152031134923,0.7585353562419662,7,1,0.6639358646484905,1
2726,Male,Young,Two,Three-wheeler,Lag,19.673890211801236,2.6376598805552707,21.239658120661264,1.9067514968753714,1,0,0.6545999428159018,1
2727,Male,Middle,Single,Four-wheeler,Lag,19.066317841383995,3.470889247379237,5.348376522206071,1.4270051976152007,3,0,0.24629338835353662,1
2728,Female,Young,Two,Three-wheeler,Lag,16.020853371656404,3.225252934867684,4.436578183935549,1.2071459544143754,6,0,0.10581045159147855,0
2729,Male,Young,Single,Three-wheeler,Lag,20.649599002796734,5.8289312473111785,1.7232430777118406,1.4480616843374712,5,0,0.3579537038467156,0
2730,Male,Middle,Single,Heavy,Lag,21.339036003347022,4.521607454714534,5.354504378811306,0.9596895956843732,7,0,0.24424548059602444,0
2731,Female,Middle,Single,Three-wheeler,Lag,18.887385626212236,1.9007452783894485,17.341109385842707,1.5768138378518897,9,0,0.44486107382570034,1
2732,Male,Middle,Single,Heavy,Lag,14.130402266561333,2.3522464531388123,17.342106745415784,1.1384641611777992,4,0,0.41370050582084383,1
2733,Male,Middle,Single,Heavy,Lag,16.64515498900104,1.4391680133993505,11.783441552541705,1.6348955465327746,5,0,0.2740797199129076,1
2734,Male,Young,Single,Two-wheeler,Gap,8.211653027916505,2.25216080180218,8.305025437866789,0.9763405525409254,4,0,0.05282724258339733,0
2735,Male,Middle,Two,Three-wheeler,Lag,17.3891422679933,3.6203483158233603,17.15098118916506,1.6104150324280548,4,0,0.5469860136053107,0
2736,Male,Child,More,Two-wheeler,Lag,21.160550258444793,1.8906037235748618,5.802296777680166,1.851563990075,1,0,0.011341018759542803,0
2737,Female,Young,Two,Four-wheeler,Lag,29.523391948338556,1.7635921009116469,4.678612986986674,2.207072393627001,7,0,0.10226708953490729,0
2738,Male,Young,More,Heavy,Lag,14.866191973315162,2.1467353715115935,3.5306519984220417,1.5888062414270754,2,0,0.021505318851101126,0
2739,Male,Middle,Two,Heavy,Lag,11.205398274196147,4.0633447404674214,18.41946154292661,1.4840536175644548,9,0,0.3621977548554094,0
2740,Male,Young,Single,Heavy,Lag,17.0267128222118,1.3461847522644486,15.022645070391345,1.261212178586347,1,0,0.34027963745635353,0
2741,Female,Middle,Single,Three-wheeler,Lag,14.399620196925856,5.796606257526632,13.268986347918286,0.7287416614917509,1,0,0.5018736995190564,1
2742,Male,Young,Single,Three-wheeler,Gap,22.884789116248633,3.165583184113498,15.288764488113396,1.3068635908714024,4,0,0.43494948247202786,1
2743,Female,Young,Single,Three-wheeler,Lag,6.833964853934667,3.024183264606674,4.755919468688538,1.310790641155219,5,0,0.13263770424969323,0
2744,Male,Young,More,Heavy,Lag,31.52299761313259,3.45461950637811,9.171205487913031,0.6472067202147594,8,0,0.06006682142568102,0
2745,Male,Young,Two,Two-wheeler,Gap,25.960102707614496,3.585197199136752,17.34547556990146,1.466287193719805,8,1,0.6634379106605705,1
2746,Male,Young,Two,Two-wheeler,Gap,19.887722039045986,3.287472143484778,20.900795900810316,0.8020565457558266,15,0,0.14826511502386794,0
2747,Male,Middle,Two,Two-wheeler,Lag,27.912368023323097,3.48953068469867,11.317705315511414,1.3497719007075677,4,0,0.23461896651173084,0
2748,Female,Middle,Single,Two-wheeler,Gap,21.84909468754575,3.0344344107919112,4.290596739215012,1.2077775820905268,1,0,0.051735625192987675,0
2749,Male,Young,Two,Two-wheeler,Lag,33.69067756402814,2.9762425716905208,25.603338972702733,1.7714252104784887,11,0,0.5912059336193584,0
2750,Female,Middle,Single,Two-wheeler,Lag,16.731966422276173,1.4477577324879634,9.342675446977136,0.9223671175658403,9,1,0.40651564938999907,1
2751,Male,Young,Single,Four-wheeler,Gap,34.75404459557047,4.071378943099872,8.055006090623506,0.8363991641584232,1,0,0.26886267036964484,0
2752,Male,Child,Single,Four-wheeler,Lag,14.915996999998306,3.8929665304475245,4.244459973554302,1.2968639889448845,1,1,0.4983277647395524,0
2753,Male,Young,Single,Three-wheeler,Gap,17.914248605950704,4.061351494960427,1.4261896730755357,1.1938256490568322,6,0,0.12665174450820246,0
2754,Female,Young,Two,Four-wheeler,Lag,28.49581790472186,5.429263846901258,12.889977198254048,0.8213537380324712,4,0,0.3124810350086232,1
2755,Male,Young,Single,Three-wheeler,Lag,18.16963887772075,3.4493769520630644,13.047746635702541,1.3701273450243032,7,0,0.502406035056593,1
2756,Male,Middle,Single,Four-wheeler,Gap,15.512215451314782,4.971393423485178,6.546486741056473,1.849098778173886,3,0,0.20048434756412176,0
2757,Male,Young,More,Three-wheeler,Lag,11.391812172139803,3.3607580869140232,5.142400649365373,1.5342802821651094,14,1,0.22597671514150683,0
2758,Male,Middle,More,Three-wheeler,Lag,14.21615437941842,3.4631158616397792,11.570857229272324,0.8915854375231622,6,0,0.08784719636954251,0
2759,Male,Young,Two,Three-wheeler,Lag,17.9413639365569,3.9432849921264532,10.016379691621893,0.9305285832479253,9,0,0.274302573523501,0
2760,Male,Middle,Two,Two-wheeler,Gap,18.90611285258665,2.595577698511108,7.789408965826827,1.3042188894198103,2,0,0.05845338962832795,0
2761,Male,Middle,More,Four-wheeler,Gap,20.615846693835216,2.6013217301442526,6.247260401053257,1.4492364024448496,7,0,0.01806032489463438,0
2762,Male,Young,Single,Four-wheeler,Lag,25.01054405761916,3.560812225377213,18.673111952280056,2.1892164416109323,11,0,0.6289796732618778,1
2763,Female,Young,Single,Four-wheeler,Lag,8.104371012464421,1.83159115627612,26.46043334491044,0.7270714507722709,0,0,0.4669220290264488,1
2764,Male,Middle,Single,Three-wheeler,Lag,25.613687547133235,2.675809133592696,8.679409753827201,1.2913242697777467,6,0,0.42603485408297015,0
2765,Female,Elder,Single,Three-wheeler,Lag,21.110269977525018,4.526580814597807,14.679715467447178,2.286261868860326,3,1,0.8728598446129315,1
2766,Male,Elder,More,Four-wheeler,Gap,23.91246181103821,3.4209895853621264,18.878600387688955,0.7380653204255594,6,1,0.26099713548061587,0
2767,Male,Young,More,Two-wheeler,Lag,23.92142347089321,1.4394439713890725,1.8679977593896773,2.1353221780945315,10,0,0.012686187788455648,0
2768,Male,Middle,More,Two-wheeler,Gap,27.292874502914437,1.770622566125979,20.501758119147404,1.1960045795499479,8,0,0.05256465926561758,0
2769,Male,Young,More,Three-wheeler,Lag,12.682576002586707,5.23499085926985,11.082309792693062,1.5022035647023049,9,0,0.11304420483285804,0
2770,Male,Young,Two,Three-wheeler,Lag,21.028310083024056,5.607618147245259,12.064068048483033,1.1543795383961986,3,0,0.4999871066413623,1
2771,Female,Middle,More,Three-wheeler,Gap,27.486436284193253,3.969728303811776,11.773523556565594,1.700049189834062,10,0,0.05685732422631247,0
2772,Male,Young,Two,Two-wheeler,Lag,23.270958275229408,2.468279053458872,6.70655686876458,1.856768541128191,7,1,0.4980345870337388,0
2773,Male,Middle,Two,Four-wheeler,Gap,12.78602818069043,3.1254764254690306,16.532395924248696,0.8295485387594104,1,0,0.17930305040084046,0
2774,Female,Middle,Single,Four-wheeler,Lag,21.6414798459347,2.9208862046787996,15.393219930964772,1.54438324153358,11,0,0.33052517857665026,1
2775,Male,Young,Two,Four-wheeler,Gap,24.730786429366834,4.491728006625394,3.6880406139407143,0.5368714079988341,1,0,0.08269809101156746,0
2776,Male,Middle,Single,Four-wheeler,Lag,16.6745711104397,3.643739781433941,12.168826366795216,0.9798576212463675,0,0,0.3953584364407965,0
2777,Male,Young,Two,Three-wheeler,Lag,21.914914417979585,4.4689392088148905,23.343674798861624,1.2982104909660688,10,1,0.9525273361226397,1
2778,Male,Young,Single,Heavy,Gap,25.597466188143702,3.1013675017999454,19.06913988624835,1.357586213459423,0,1,0.8759555057237283,1
2779,Male,Young,Two,Four-wheeler,Lag,20.353970546160962,4.89879381015078,13.293144520864242,1.085814852915995,1,0,0.3768526179737429,1
2780,Female,Elder,Single,Three-wheeler,Lag,15.203584851363164,3.3155649616736826,5.873733495517303,0.971793228319188,0,0,0.12308843712099428,1
2781,Female,Young,Single,Two-wheeler,Lag,20.718070913599885,3.279348185133197,8.537714252109986,0.8370635824702308,11,1,0.4776704766168955,1
2782,Female,Young,Two,Four-wheeler,Gap,21.26464236540477,3.49793566434311,4.901140276776578,0.932249074007796,1,0,0.04860464354295951,0
2783,Male,Middle,Single,Four-wheeler,Gap,18.64189238242445,3.812566010538381,17.558271384514985,0.7715303554120783,5,0,0.34355838888959384,1
2784,Male,Elder,More,Four-wheeler,Lag,22.633057503445944,5.049966999712542,16.44605381736207,0.9600342662258411,3,0,0.09591407253177253,0
2785,Male,Elder,Single,Four-wheeler,Lag,19.078732361659796,3.4028220087183776,20.604061130131207,1.6632310496459128,4,0,0.4797719705246327,1
2786,Male,Middle,Single,Heavy,Lag,26.52429686664265,5.325191658025714,2.883726535215332,0.9931119682109819,4,0,0.28168485631041246,0
2787,Male,Young,Single,Heavy,Lag,24.56780680096535,3.2059105687378153,24.013029973720364,1.8543964631104575,12,0,0.7021225733686055,1
2788,Male,Middle,More,Four-wheeler,Lag,24.829239102844404,2.9847324177891803,24.178486089537927,0.9394760179164414,9,0,0.22988931720519645,0
2789,Male,Middle,Two,Heavy,Gap,20.385057762059432,2.8854132134007706,14.208947838208747,1.2295621572947613,12,0,0.13518455447601452,0
2790,Male,Middle,Single,Heavy,Lag,15.247042093385826,1.370352133187707,19.445638187168967,0.8309191415933344,9,0,0.369033106399599,0
2791,Male,Middle,Single,Two-wheeler,Lag,23.35802723378226,4.787776429549556,10.066889740892902,0.5260459541858673,4,0,0.2860197521460951,0
2792,Female,Young,More,Four-wheeler,Lag,11.795472434284086,1.9080093288562499,7.958516502800561,1.3843859296315706,3,0,0.01804525114804138,0
2793,Male,Young,More,Two-wheeler,Lag,20.265508976751757,3.0168133627709937,4.984925302469773,1.0536823737212369,6,0,0.018357161029354096,0
2794,Male,Middle,Single,Three-wheeler,Lag,11.085218396431207,2.7272777864865585,2.005467076850284,1.06228092882311,4,0,0.1698304423728728,0
2795,Male,Young,Single,Three-wheeler,Lag,20.418018096225328,4.33000708603857,2.3046099171427104,1.1345188675117126,8,0,0.2605116199752277,1
2796,Male,Young,Single,Three-wheeler,Lag,22.732216342385115,5.3474345733616,14.547678461406194,1.5904492905519287,1,1,0.9585250190067267,1
2797,Male,Young,Single,Two-wheeler,Gap,18.877003672554707,4.6296533038499454,8.35643879605257,1.1254023637962258,9,0,0.10996621084079403,0
2798,Male,Middle,More,Three-wheeler,Lag,18.84411883428936,2.969576261674824,2.6364875817484066,0.6921320692290689,4,1,0.23659679821931334,1
2799,Male,Middle,More,Two-wheeler,Lag,13.55371716517709,3.3967447488575897,4.068928316983396,0.9822234210494339,6,1,0.11089781086715612,0
2800,Male,Middle,More,Four-wheeler,Lag,17.11572470875479,2.714648694622716,14.03223458686939,1.3257365515181783,16,0,0.05589986348777769,0
2801,Male,Middle,More,Heavy,Lag,19.234057550826495,5.2717707763963295,22.071772822403318,2.4031377536672283,3,0,0.35799989391254466,1
2802,Male,Middle,Single,Heavy,Gap,26.157880296249125,2.149937123153813,9.559053230598044,0.7927802353092737,2,0,0.16926887754914355,0
2803,Female,Middle,More,Three-wheeler,Lag,27.126422479199455,5.548802719079234,16.421706235996382,1.03670341430746,3,0,0.23252144757905815,0
2804,Male,Child,Single,Three-wheeler,Lag,29.400588244515973,4.615709781831032,24.955923112432192,1.222378317640908,4,0,0.7892165964177087,1
2805,Female,Middle,Single,Four-wheeler,Gap,12.90185875114757,4.209209843168965,14.887163366723414,1.9812432244420721,6,0,0.2255821448659407,0
2806,Male,Young,Two,Two-wheeler,Lag,17.02509114514371,4.445811497614336,15.19398643466742,0.733617623959828,16,0,0.1698632441964561,0
2807,Male,Young,Single,Heavy,Lag,19.497402632875403,3.0331750227173324,13.11062361495671,1.6161930441079386,11,0,0.34348389751284725,0
2808,Male,Young,More,Four-wheeler,Gap,22.05309537925072,2.8882938435814487,25.484694045957802,1.509882138968425,9,0,0.14083121690005324,0
2809,Female,Middle,More,Three-wheeler,Lag,23.001944005773264,3.1675777622226815,7.722365506424834,1.0162510915890848,9,0,0.04482117614782432,0
2810,Female,Middle,More,Two-wheeler,Gap,24.459222616352342,2.4539320431354086,16.550568682579907,1.584202797207098,4,0,0.028437448690167556,0
2811,Female,Elder,More,Two-wheeler,Lag,19.96077153726614,4.33731609874174,9.677519891449133,1.3242742704720654,13,0,0.011542000099344897,0
2812,Male,Elder,Single,Three-wheeler,Lag,20.81586715272027,3.4553202414153303,5.006783680925846,0.836628938929627,6,0,0.17033888162381544,0
2813,Male,Elder,Single,Three-wheeler,Lag,29.821758327682247,4.9964520659212495,15.54592829888106,0.9909072476619961,2,0,0.6138182390398186,1
2814,Female,Young,More,Four-wheeler,Gap,16.072688005770374,4.950824946156411,17.76751656162809,1.0425241382470762,14,0,0.03755255919590687,0
2815,Female,Elder,Two,Four-wheeler,Lag,24.808745005803893,2.3378461341460746,18.81375466797288,1.0361996141446232,6,0,0.17163058381508534,0
2816,Male,Middle,More,Three-wheeler,Lag,23.14893566643864,2.607075705160577,21.150384222542186,1.5431071296975225,2,0,0.31449417249984996,0
2817,Male,Elder,Single,Three-wheeler,Lag,14.000911251922076,3.258577253769292,15.667812370916831,1.4273001416569293,9,0,0.3572158457621562,0
2818,Male,Young,Single,Three-wheeler,Lag,28.127223999144764,2.1503202715635883,11.564211314295335,1.6606828854049764,3,1,0.9055738190850153,1
2819,Male,Young,Single,Two-wheeler,Gap,25.952474236628014,4.1315106074041585,22.072692346467132,1.2508430844509566,3,0,0.4653722916799777,1
2820,Male,Elder,Two,Four-wheeler,Lag,24.335211958903045,4.304239529243603,6.082770228500774,1.068671143420815,4,0,0.1128773624864546,0
2821,Male,Young,More,Four-wheeler,Gap,13.660168915969088,4.244387881212388,3.2386430740822068,0.6537496745417475,7,0,0.010484909099069458,0
2822,Male,Young,More,Four-wheeler,Lag,13.990516534376395,3.4406546985608983,9.953370184533744,1.6171292820282708,4,0,0.05515938308189366,0
2823,Female,Young,Single,Three-wheeler,Lag,22.689281979314973,4.757350855231669,12.508626862485142,0.6685874051938018,1,0,0.4778313958820215,1
2824,Male,Young,Two,Three-wheeler,Lag,13.114516005901724,3.856708066091505,14.318139005970107,1.0102107701519683,5,0,0.3718297501991876,0
2825,Male,Child,Single,Four-wheeler,Lag,13.290422448286783,6.453524786303506,17.380643668345378,1.438177628914238,3,0,0.4615804772074677,0
2826,Male,Elder,Single,Four-wheeler,Lag,18.604672116192198,4.623828518471974,1.8626091088518013,1.569516436194324,6,0,0.11267442895048839,0
2827,Male,Elder,Single,Four-wheeler,Lag,6.7523262875202,4.247688201552428,17.02795075257864,0.6553849672338646,6,0,0.24514264309526917,0
2828,Male,Elder,Two,Three-wheeler,Lag,23.308875165207162,2.174663359447435,12.826483980679775,1.3628394731254996,1,0,0.25026287919115653,1
2829,Male,Young,Two,Four-wheeler,Gap,20.584164158874536,4.704672845841775,23.0275766836266,0.7830002164803106,3,0,0.42503417700408413,0
2830,Male,Young,Single,Three-wheeler,Lag,12.154156858561619,2.921241697363703,8.549163502027888,1.5591080233052121,4,0,0.3350029765521448,1
2831,Male,Young,Two,Three-wheeler,Lag,20.631830031019163,3.2840902083445673,13.130196489837198,1.5195118178745164,6,0,0.40403649273407155,1
2832,Male,Young,More,Four-wheeler,Lag,11.13933139104956,3.418033334274273,16.159036900914312,1.5455716642581745,10,0,0.07850351490362589,0
2833,Male,Child,Single,Two-wheeler,Gap,11.866854169033461,3.006918119904005,11.373580856006166,0.645067609329182,3,0,0.044220451320992574,0
2834,Male,Middle,Single,Four-wheeler,Lag,19.814637003887434,2.091954069472067,5.016915401675997,1.3063689127083489,2,0,0.19303712765149605,0
2835,Male,Elder,Two,Three-wheeler,Lag,20.016213818269712,2.528844289870994,2.520910962674275,0.9337434772125813,0,0,0.08236791071359113,0
2836,Male,Young,More,Two-wheeler,Gap,17.695771358313237,4.570154533707616,4.050678448490688,1.2339000196351115,7,0,0.010523626838275745,0
2837,Male,Young,More,Two-wheeler,Lag,21.756182506095453,4.006305153316083,11.010891924732022,2.318271823357942,4,1,0.38525098034196337,0
2838,Male,Young,Single,Four-wheeler,Lag,18.41682091625635,5.4476418327052265,13.546403645196264,0.7000758456140996,8,0,0.44240062781444045,0
2839,Male,Young,Two,Four-wheeler,Gap,21.249626113610127,4.649811146040407,12.303455386053221,1.3467486299816571,8,0,0.18083982245475405,1
2840,Female,Young,More,Three-wheeler,Gap,17.859520367285764,3.232508901968467,14.982583774429035,0.8270172194496974,1,0,0.047763276608295685,0
2841,Male,Young,Single,Two-wheeler,Lag,23.200758367276052,4.49611616176783,2.2196514241130414,1.2499996686377106,5,0,0.14542764773362035,0
2842,Male,Young,Single,Three-wheeler,Gap,21.139438503389854,3.764670080872819,4.603142636206464,1.2623000492271077,15,0,0.14300303803549128,0
2843,Male,Middle,More,Three-wheeler,Lag,14.47386405196952,2.855256328415506,16.033849750600467,1.1893015243030245,4,0,0.1418545352707281,0
2844,Male,Middle,Single,Four-wheeler,Lag,22.737692584118456,5.895728672085831,16.506696699472275,1.4015694210828105,6,0,0.6702014321581953,1
2845,Male,Young,Two,Three-wheeler,Lag,24.419370358508672,5.310583852423804,14.76420682550199,2.147846412803645,6,0,0.6371116637726082,1
2846,Male,Child,More,Three-wheeler,Lag,11.669738608608466,2.1134584843410376,15.679296332448509,1.6352091331284995,3,0,0.058163668306829064,0
2847,Male,Child,Single,Two-wheeler,Gap,21.582923458275715,4.738264536832994,23.89434896766692,2.0470033892539035,9,1,0.805463087395129,1
2848,Female,Young,Two,Four-wheeler,Lag,24.544516369637755,1.8972572944298989,22.41923479020241,0.8632100989438832,0,0,0.3844964346573965,0
2849,Male,Middle,Two,Four-wheeler,Gap,13.32845823977118,5.3134778232444635,13.637421761924674,2.3965433201178037,3,0,0.2768834199596379,0
2850,Male,Middle,More,Four-wheeler,Lag,27.24280506817774,3.9150048592521802,8.06086253842795,1.0147064307755314,7,0,0.06495005607374033,0
2851,Male,Elder,More,Three-wheeler,Lag,18.813931748189372,2.387377874490285,1.4732706712136725,0.5741023353735001,12,0,0.010248643644634087,0
2852,Male,Middle,More,Heavy,Lag,23.585846403093782,4.632192674422831,13.398080739509524,1.166767696964552,0,0,0.13987144575011842,0
2853,Male,Young,Single,Three-wheeler,Lag,27.160013764669266,3.578878111076408,9.94800633721036,0.9407379378548376,7,0,0.47260983958781067,0
2854,Male,Young,More,Four-wheeler,Lag,32.77722735167988,1.7610180562999085,4.8310730680139535,1.5664200493791332,0,0,0.04847289804078617,0
2855,Male,Young,More,Four-wheeler,Gap,21.20598821425843,4.548154224995659,6.191003316679426,0.6931843117403862,7,1,0.14957184035417245,0
2856,Male,Young,Two,Two-wheeler,Gap,23.025847064430884,4.505066449821382,21.943527089970104,1.2932263126682613,5,0,0.3155759511519709,1
2857,Male,Elder,Two,Four-wheeler,Lag,16.279047211137172,3.476597473320996,2.9571042116677937,0.9954255730709956,5,0,0.049722755961626355,0
2858,Male,Young,Single,Four-wheeler,Lag,16.9251176876303,4.280126256102032,16.66042632990797,0.88766645588291,15,0,0.41080683988010136,0
2859,Male,Young,More,Four-wheeler,Lag,25.841040296379667,1.5872878260768246,20.242263988761973,1.7727640450183697,8,0,0.15217352966797693,0
2860,Male,Young,Single,Two-wheeler,Lag,18.575186564536182,2.9632853132204913,14.483435641234152,1.2561789274044892,3,0,0.3081465566010069,0
2861,Male,Young,Single,Three-wheeler,Lag,25.197841678960035,4.076176249237487,2.8299873788312055,1.0390791977793827,19,0,0.22221571927644312,1
2862,Male,Elder,More,Heavy,Gap,10.966085397168952,2.6527837541465926,18.2508901389865,1.5427474461979194,3,1,0.18607980209625666,0
2863,Male,Young,More,Three-wheeler,Lag,15.672744001948345,3.3804731138273882,13.803292394333035,1.7242131995545984,8,0,0.12530489079213744,0
2864,Female,Child,More,Two-wheeler,Gap,14.697895098016915,5.341565301589396,7.321656623182154,1.173369610287298,8,0,0.004429438271584035,0
2865,Male,Young,Two,Three-wheeler,Lag,20.398999799363192,4.676562051569004,13.362081225900681,0.8525714175032137,11,0,0.39402243368703255,1
2866,Female,Middle,Single,Three-wheeler,Lag,12.240579594213738,3.707764573282487,4.6074979570659576,2.4267037837639265,5,0,0.24155388777180883,0
2867,Male,Young,Two,Four-wheeler,Lag,17.769996468423717,3.7655606491215226,14.87375666231693,1.0785153675721975,8,0,0.28958281109480094,1
2868,Male,Middle,Single,Four-wheeler,Lag,32.21858436576145,5.003989985372349,20.282276794370198,0.8859546283783799,7,0,0.7524443643979152,1
2869,Male,Young,More,Heavy,Lag,24.618554353097657,4.862439687096419,11.46324608413067,0.7242997252351521,5,0,0.08970162789291176,0
2870,Female,Young,Two,Three-wheeler,Gap,23.986312766028234,1.9687249817048822,22.965125730283855,0.7607333030295049,12,0,0.2592922479466694,0
2871,Male,Middle,Single,Three-wheeler,Lag,13.876227700141389,3.4265900010132375,10.061175325362681,1.9745410715401106,3,0,0.4721927604368543,0
2872,Male,Young,Single,Three-wheeler,Lag,18.080858481907914,2.4933876830174473,18.617004623453894,1.9899091941636688,3,1,0.9460695444699828,1
2873,Female,Child,Single,Three-wheeler,Lag,22.648278684342177,1.935175415814225,16.326023190334112,1.2476025362665535,7,1,0.7408384288282769,1
2874,Male,Middle,More,Four-wheeler,Gap,9.010491532588771,2.876313068520858,3.511796173256699,1.4682713247120665,3,0,0.010563144094310323,0
2875,Female,Young,Two,Two-wheeler,Lag,19.08788767583396,3.8718946648067787,20.70840395602293,1.6840486932662284,10,0,0.26760803185506116,0
2876,Male,Young,Single,Three-wheeler,Lag,28.211623272382802,4.530678306682608,20.607185152509494,1.3040959402287446,4,0,0.8259392370870923,1
2877,Male,Middle,Single,Heavy,Lag,12.30571541190064,5.179928021159048,8.608851494872646,1.4357579097594757,5,1,0.7977862823678354,1
2878,Male,Young,Single,Three-wheeler,Lag,27.393323442212044,3.296519332429766,16.808945214274882,2.096453418537895,8,0,0.7166233118829335,0
2879,Male,Young,Single,Two-wheeler,Lag,15.210329878640678,3.294573976541051,6.3676620523780585,0.8383900835551014,12,0,0.09913663044974606,0
2880,Female,Young,More,Four-wheeler,Lag,15.100264734982439,2.3255545839299816,1.9705935525484328,0.7856944295035486,8,0,0.008097935341350943,0
2881,Female,Middle,Two,Three-wheeler,Gap,15.228736197558709,2.510102366337645,6.051655025556761,1.5528696301640188,1,1,0.4016349953075687,0
2882,Female,Young,Single,Four-wheeler,Lag,28.32161544797558,2.057065000090311,10.827605522835045,1.4831354972811674,4,1,0.7482606159191635,1
2883,Male,Young,More,Four-wheeler,Lag,21.492352756994094,5.911827898292554,2.7355886817323123,0.8581493537079737,9,0,0.03773495657042477,0
2884,Male,Middle,Single,Two-wheeler,Lag,23.811414137592944,2.1974870264786404,5.101668120534844,1.0113671750415159,12,0,0.1046140101847297,0
2885,Male,Middle,Single,Two-wheeler,Lag,18.108337080855147,4.376898378259836,22.843953428124422,1.4592615576332775,8,0,0.5990937205295486,1
2886,Male,Elder,Two,Three-wheeler,Gap,26.41148003543902,2.9621455014231195,10.993008768896377,1.2322717470127211,7,0,0.12163212198117056,0
2887,Female,Young,Single,Four-wheeler,Lag,21.17744956869663,3.6439171409850895,17.590648623670983,1.8159884633075443,5,0,0.47241510987352314,0
2888,Male,Young,Two,Three-wheeler,Lag,21.435576000713873,4.917270088455721,6.026492903875834,1.6925747726543643,6,0,0.31792931117330386,0
2889,Female,Middle,More,Four-wheeler,Lag,23.838504861631513,5.3810360516172056,3.51402462922706,1.2240991361374165,5,0,0.03407966960618985,0
2890,Female,Middle,More,Three-wheeler,Gap,24.225345601618557,2.6892667404772936,16.49134093741665,1.4356095764399555,1,0,0.07941138313836417,0
2891,Female,Young,Single,Three-wheeler,Lag,22.668297038455723,5.170813302872097,8.565057760016915,1.406308510696526,0,0,0.4504811524812249,0
2892,Male,Middle,Two,Two-wheeler,Lag,13.44755796574858,2.733142861346787,10.423166548573473,0.7031754152216657,7,1,0.4607140139805957,1
2893,Male,Young,Single,Two-wheeler,Lag,26.2393177765137,4.576020891452344,28.492543938489757,1.15474190057933,6,1,0.9679800476290785,1
2894,Male,Middle,Two,Three-wheeler,Lag,16.438235132407154,1.2875358451316297,8.012516363586144,1.1708808251171117,3,0,0.18371900350787723,0
2895,Male,Middle,Single,Three-wheeler,Lag,34.46453572799727,3.6380702315659943,10.646058859965716,1.8261096771202459,12,1,0.9267770559684729,1
2896,Female,Young,Two,Heavy,Lag,18.38977814872537,4.2606503583952815,13.457302773688474,1.7955300199895796,3,0,0.25256076940252653,0
2897,Male,Elder,Single,Three-wheeler,Gap,13.477512848279346,4.735858635029398,3.5272389767271246,0.6313946178536982,8,0,0.06964975429580125,0
2898,Male,Elder,More,Four-wheeler,Lag,17.341336120860507,4.746815677330637,15.055792397680786,1.7081108977892194,10,0,0.06453376848246718,0
2899,Male,Young,More,Two-wheeler,Lag,21.057142341752833,2.8984804131011455,10.28847789046807,1.3676959202471282,11,0,0.030967598130248755,0
2900,Male,Young,Single,Four-wheeler,Lag,18.476432240837987,4.8087833815397385,5.40688782505833,0.5234146337692178,11,1,0.661308012933038,0
2901,Male,Middle,More,Two-wheeler,Lag,25.333668422504953,2.9816717028833963,9.935308125945308,1.10471096641374,10,0,0.03630167038568529,0
2902,Male,Young,Single,Four-wheeler,Lag,22.67368124380511,2.6648477952936807,10.437578118094738,1.802421855548611,6,0,0.3450202122164593,1
2903,Female,Young,More,Two-wheeler,Gap,15.581584471636148,1.0426628624964613,13.567429297447328,1.077651745508011,7,0,0.007943490880519256,0
2904,Male,Young,Single,Two-wheeler,Lag,20.565061945631,2.6722412127298476,21.979218831972293,1.447857959279789,11,0,0.46225563570850603,1
2905,Male,Elder,Single,Three-wheeler,Lag,24.48839937714034,2.148259310273052,16.124545063964455,1.3135798784234314,5,0,0.4280404290755328,0
2906,Male,Young,Two,Three-wheeler,Lag,26.92023007915667,4.081971511203689,9.131978480906934,1.3418104049819355,8,0,0.36422290664504203,0
2907,Male,Middle,Two,Three-wheeler,Lag,18.527308104628446,2.284732217866816,24.50940064434976,1.2169768937203098,2,1,0.9450897178299633,1
2908,Female,Young,Two,Three-wheeler,Lag,28.047384818063477,3.7925089799072262,16.7437277271352,1.2187138608075316,7,0,0.4519575051395518,1
2909,Male,Young,Two,Heavy,Gap,10.12662942988692,2.1915263560060434,1.8982838711448213,1.8402967917120248,2,0,0.03382125237069489,0
2910,Male,Elder,Single,Three-wheeler,Gap,22.587331078542785,4.183798423678016,4.168123892709167,1.1414042925281462,8,0,0.10420961806699387,0
2911,Male,Child,Single,Three-wheeler,Lag,24.382193091853598,2.8526328563916334,6.243075501594642,0.8660262093867452,5,0,0.17954295225836645,0
2912,Female,Young,Two,Four-wheeler,Lag,18.961984422505925,2.9317815126969373,3.391868357958673,1.1481082417354878,3,0,0.06681705076146523,0
2913,Male,Young,Two,Four-wheeler,Lag,7.764061518019801,3.9673889504331643,10.851741493875389,1.523824622112047,5,0,0.18969742360666433,0
2914,Male,Middle,Single,Three-wheeler,Lag,22.749806320301808,5.408091760402297,8.427081831127966,1.2107157683762806,8,0,0.5175800803567917,1
2915,Male,Young,Single,Three-wheeler,Gap,17.750150008425198,6.358636353155148,24.87770132989327,1.522671912110981,12,0,0.7565814673375267,1
2916,Female,Young,Two,Two-wheeler,Lag,14.283666187935378,3.0909883261439774,10.639206687461387,0.9323427099287631,0,1,0.43103070804725296,1
2917,Male,Young,Two,Three-wheeler,Lag,14.406777781427255,5.484779188930746,6.132102086516198,1.3334814489720266,2,1,0.7779719287723006,1
2918,Male,Young,More,Three-wheeler,Lag,24.14248141757997,3.877217800679795,24.62721831627045,1.7475958770191966,8,0,0.43017770486893564,0
2919,Female,Child,Single,Four-wheeler,Lag,15.064951997457463,5.135422266025046,11.331010664718724,1.271850671003761,7,0,0.15134677991717507,1
2920,Male,Middle,Two,Four-wheeler,Lag,19.795423113915273,1.4541327098601284,3.1318610813823877,1.3981357362694493,4,0,0.0860114004747977,0
2921,Male,Young,Two,Two-wheeler,Lag,30.526179246589535,1.5145722664241719,3.327170477720313,1.4508997586952126,8,0,0.06911562627230906,0
2922,Female,Young,Single,Two-wheeler,Gap,23.954402137074325,1.8752501693870969,14.22616615844451,1.5334566897767121,11,0,0.09479857809406368,0
2923,Female,Middle,Single,Three-wheeler,Lag,20.682866435006865,4.574236505403016,11.009064238908802,1.068388194538919,3,0,0.4381398840800788,0
2924,Male,Middle,Single,Three-wheeler,Lag,20.41600044719912,2.2508025916232706,13.262477015950568,1.3859706598754211,6,0,0.4919511947447084,0
2925,Female,Young,More,Three-wheeler,Lag,14.637072819684189,2.4320111229501524,18.367704525626557,1.1440718853126646,0,0,0.11374352248339147,0
2926,Male,Young,Single,Four-wheeler,Lag,19.26450657325287,3.7925600494104263,14.345565508151555,1.115375838147387,13,0,0.37505398563265496,1
2927,Male,Young,Two,Three-wheeler,Lag,14.118716454885845,5.61702753323722,18.754111756081805,1.2106700596176296,10,0,0.5731233786428485,0
2928,Male,Elder,Two,Heavy,Lag,12.349850688389365,3.735845283115016,15.618718354703493,1.1345897147214985,6,0,0.16220164717127222,0
2929,Male,Young,Single,Three-wheeler,Lag,13.169558656812873,4.285625005529656,14.208752151664864,0.551556599475329,17,0,0.393401437099139,1
2930,Male,Young,More,Two-wheeler,Lag,21.53406767680009,2.480183791217727,4.567683611252909,1.5367835127855556,3,1,0.14946917743614865,0
2931,Male,Young,Two,Three-wheeler,Gap,15.190774291390595,5.192904237195691,10.808156704715662,1.3353286667377422,9,0,0.21184711702837375,0
2932,Male,Young,Single,Four-wheeler,Lag,14.225362446726024,1.7307329825748912,9.977816219808847,0.7837237080598215,9,0,0.16683576542574396,0
2933,Male,Young,More,Three-wheeler,Lag,26.249818596086776,2.8431418788026064,11.787611346408339,0.9602153255307188,10,0,0.10069359469493347,0
2934,Male,Young,Two,Three-wheeler,Lag,13.532557649141495,3.390558642858143,9.277650859833168,1.3669207848843052,8,0,0.23533132552326,1
2935,Male,Middle,Single,Three-wheeler,Lag,23.047947609042346,2.635729857758507,13.193160334146679,1.2590274364496723,3,0,0.5504187867478776,1
2936,Male,Middle,Two,Four-wheeler,Gap,18.845510850736904,4.044410662468575,9.299629180042139,1.5105296162977497,1,1,0.5974586069175171,0
2937,Male,Middle,Two,Heavy,Lag,21.136481572222685,4.095053750188247,12.079102695150773,1.2264807420450778,3,1,0.7897979765722799,1
2938,Female,Middle,Single,Three-wheeler,Gap,9.169273793712474,2.579509162154981,9.340112170441428,1.7070611361977732,11,1,0.5056433941791196,0
2939,Male,Young,More,Two-wheeler,Lag,5.059156231370062,1.1804025198341401,20.23039674996828,0.6741340628515837,5,0,0.03621736801805585,0
2940,Female,Elder,Two,Three-wheeler,Lag,25.0873665753197,1.8734121306934552,8.980235887371705,1.3694993779227929,7,0,0.09883062470042313,0
2941,Male,Middle,Two,Three-wheeler,Gap,19.673757376244133,1.019664649495648,15.362965431631833,1.0930809233229766,0,0,0.2251740573977969,0
2942,Male,Middle,Single,Heavy,Lag,11.89112223809387,5.127678794063225,13.071354373231237,1.0167416088399692,6,1,0.8452672073832201,1
2943,Male,Middle,Single,Three-wheeler,Lag,17.763704043462727,3.906997177906086,9.18351772601512,1.9770317618551037,5,0,0.4928562166357706,0
2944,Female,Young,Single,Four-wheeler,Lag,20.107904684432395,2.253211150777463,17.173291422303507,1.7464790736029125,6,0,0.3651936887154931,1
2945,Male,Young,Two,Heavy,Gap,13.88582593117728,1.9957576955934455,21.443339586470046,0.8548967172276036,5,1,0.6679199591624269,1
2946,Male,Young,Two,Four-wheeler,Lag,20.67076708261238,4.633722434699451,16.018784051322726,0.6309436399670671,1,0,0.40801146351641693,0
2947,Male,Young,More,Three-wheeler,Lag,20.422692152687148,4.603867671651304,22.713347966834505,1.7539669570010383,1,0,0.4387154204656537,1
2948,Male,Young,Single,Four-wheeler,Gap,21.479128089383067,5.30085678742943,10.031374737561693,0.8335272643977525,14,1,0.6652286421561576,1
2949,Male,Young,Two,Three-wheeler,Lag,24.941538904658337,2.35383249150306,20.758590520702203,1.9187400838170348,7,0,0.6279257108751135,0
2950,Male,Child,More,Three-wheeler,Gap,18.784923377797124,3.5986117229307233,19.246326262785047,0.9804325019722457,8,0,0.05362882177123554,0
2951,Female,Elder,More,Heavy,Lag,26.841025119308075,2.164817861000448,16.062569891434507,1.1389505573447862,12,0,0.0283383642539027,0
2952,Male,Middle,More,Three-wheeler,Lag,19.662965887568422,4.5361234759340245,17.93416136445866,0.6015714566023594,7,0,0.21433817981051753,0
2953,Female,Middle,More,Three-wheeler,Lag,19.416110430917865,3.2642733944299525,15.34581225594581,1.2812384400000958,7,1,0.48958486769245324,1
2954,Male,Young,Single,Two-wheeler,Lag,22.263745496454383,4.153671306256846,11.304386934381846,0.8621766607986132,6,0,0.2705862113825052,0
2955,Male,Middle,Two,Two-wheeler,Lag,21.693650566178384,1.4826904487963461,11.989241796288788,1.1609409072795003,2,0,0.14664788625793465,1
2956,Male,Elder,More,Four-wheeler,Lag,7.831748051650504,4.461856515146366,9.721026613976566,1.8895378058750691,4,1,0.20945897146482728,0
2957,Female,Middle,Two,Four-wheeler,Lag,31.7073224006488,2.6484930090497962,14.013178805344104,0.9490062350370165,11,0,0.22003802934021238,1
2958,Female,Middle,Single,Four-wheeler,Gap,28.833885210381858,4.755264923449044,8.154694698889458,1.395807963791785,5,0,0.19268563402933464,0
2959,Male,Young,More,Three-wheeler,Lag,16.781345976938447,2.4721879716684803,15.552209715604583,0.8810360366446869,3,1,0.5330602501878569,1
2960,Male,Young,Single,Two-wheeler,Lag,20.844236682855176,4.512490535731317,11.182868715561632,1.3655005706065548,10,0,0.27614180291036267,1
2961,Male,Middle,Single,Three-wheeler,Gap,24.16683127014413,2.2312575508507027,8.638879720170763,0.9951265924590491,1,0,0.2506689694402988,0
2962,Male,Elder,Single,Three-wheeler,Lag,27.894528982085056,4.043263986121166,4.835302994859737,1.454465074151178,8,0,0.2502986147470333,0
2963,Female,Young,Two,Four-wheeler,Gap,21.234466542805027,4.467303506314408,6.936129233228423,1.57936541997536,8,0,0.07089075793733678,0
2964,Male,Young,Single,Four-wheeler,Lag,8.74527906664113,3.1826744571500045,13.557425295428654,1.7844940569333738,4,0,0.348052662032445,1
2965,Male,Young,Two,Four-wheeler,Lag,22.649689606960056,2.7046042877753766,8.920223408463041,1.886986312817133,2,0,0.23338525767141718,1
2966,Male,Young,More,Four-wheeler,Lag,12.672694402106998,3.049991161340876,2.05192693453822,0.9343372484278543,5,0,0.016150674106458,0
2967,Male,Elder,Two,Three-wheeler,Lag,22.501611124253053,2.8907069038527373,8.23955566961517,0.7694579847437528,9,0,0.1263465294827459,1
2968,Male,Middle,Two,Four-wheeler,Lag,21.25634653734699,3.943653763765217,8.861402412772897,0.6101303475969124,12,0,0.16626234063470727,0
2969,Male,Young,More,Four-wheeler,Lag,22.036987519529372,1.6300995434330907,6.547593006052269,1.5062893267270314,10,0,0.027789426532109186,0
2970,Female,Young,More,Heavy,Lag,15.103348874829855,1.6000174505108875,7.485836487631864,0.8595121123733585,2,0,0.015204706495370928,0
2971,Male,Young,Single,Three-wheeler,Lag,19.928988854657213,2.860357291708164,14.817968644357109,1.6266967118384184,3,0,0.5881677692510622,1
2972,Male,Child,Single,Four-wheeler,Gap,21.70004931833825,2.822661702181643,15.69785127762008,2.0829287669739047,7,0,0.18476985146295988,0
2973,Female,Young,Two,Three-wheeler,Gap,17.090779225355384,2.434140998750542,23.497079062023055,0.8005017837238504,8,0,0.2690563686636641,0
2974,Male,Middle,More,Four-wheeler,Gap,14.944968818189484,4.227989208747696,4.2018721916438695,0.9879208012861944,0,1,0.13297457754355302,0
2975,Male,Middle,Two,Heavy,Lag,15.755781911452328,1.4041435026640774,7.929466825146738,1.265895246796621,2,0,0.11881116934405066,0
2976,Male,Young,Single,Heavy,Lag,26.018193147050596,5.273915327210322,3.2320188838372905,1.1603457733980564,1,0,0.29923718084267853,0
2977,Male,Middle,More,Two-wheeler,Lag,19.520380161670275,4.380188321267276,13.06354118771995,1.1551374792684512,4,0,0.06779693260393603,0
2978,Male,Middle,Two,Two-wheeler,Lag,22.345989020983932,3.2347966930636316,1.5450905644131154,0.9019622352077761,8,0,0.05615605937505106,0
2979,Male,Young,Two,Four-wheeler,Gap,20.22776583484748,4.839801131537593,6.002207030619047,1.8052153490177358,13,0,0.0948895329845367,0
2980,Male,Middle,More,Four-wheeler,Lag,25.4546395189359,3.895777495201869,12.5926705791893,1.4544984186305359,1,0,0.13090835888487642,0
2981,Male,Middle,More,Heavy,Lag,20.137959088014973,3.7454741978100192,8.732801503674663,0.8098256330470532,6,1,0.2982829797157246,0
2982,Male,Middle,Two,Three-wheeler,Lag,12.68078228692116,2.946293405224252,11.850771944130187,0.48550382724878527,5,1,0.7339874297234031,1
2983,Female,Young,Two,Four-wheeler,Gap,15.279777394488825,4.042221212035838,13.558117592793678,1.5672680998236819,5,0,0.11554468600342135,0
2984,Male,Young,Two,Four-wheeler,Lag,8.084747620924565,2.259524314242144,18.043721858890407,0.5222927550670367,1,0,0.23970731494685033,1
2985,Female,Young,Two,Two-wheeler,Lag,25.396504734402413,3.606595152455335,9.306647286172737,1.7838811062613678,4,0,0.12973618424797054,1
2986,Male,Young,Two,Two-wheeler,Lag,22.379707406726936,2.1353980930977574,7.354726914850247,1.2719952016561362,3,0,0.10013820642423789,0
2987,Female,Young,Two,Four-wheeler,Lag,23.9612896916737,3.36442949413238,11.755226447730552,1.9251454953198155,9,0,0.2021137717505013,0
2988,Male,Middle,Two,Two-wheeler,Lag,23.20163736949698,3.8897778146921107,3.0459782947176715,1.581267214073785,8,0,0.09308461946410203,0
2989,Female,Young,Two,Four-wheeler,Lag,25.241980181281747,2.3361969317993587,2.3022710639197648,1.8182230767532959,8,0,0.0675432147517918,0
2990,Male,Young,Single,Three-wheeler,Lag,32.32803208526876,2.619997366198589,10.296919894687704,1.5394136106342644,6,0,0.5306750757186423,0
2991,Male,Elder,Two,Three-wheeler,Lag,22.230083481144362,4.613897413962192,6.2443514436171155,1.3263050053823706,4,0,0.1872539416510013,0
2992,Male,Young,Two,Three-wheeler,Lag,16.28892511835492,2.746533144175788,1.25108993038047,0.8391732607659423,3,0,0.1069835784012024,0
2993,Male,Young,Single,Heavy,Lag,12.936728227546727,2.0148336065888923,14.305982245969243,1.5164180248502692,0,0,0.34486353364395933,0
2994,Male,Middle,Single,Four-wheeler,Gap,21.289762602759886,3.004881992833163,17.40045701993673,1.3446916356397318,2,0,0.3835088749497057,0
2995,Male,Young,Single,Four-wheeler,Lag,24.171852171007558,5.3712516506538375,4.849020794073272,1.1875361837799552,3,0,0.3278850654804968,0
2996,Male,Young,More,Four-wheeler,Lag,20.886685948379238,4.146565608457248,12.188128342022225,1.3054067134228506,15,0,0.06706681792103754,0
2997,Male,Middle,More,Four-wheeler,Lag,17.142984545848122,3.7615855078700906,26.489266238208348,0.9223830213110737,15,0,0.2202235550274858,0
2998,Male,Young,Two,Heavy,Lag,23.27974586919493,4.743256309643175,7.1741690749926486,1.1307379791717476,9,1,0.6649121719531913,0
2999,Male,Young,Single,Four-wheeler,Gap,19.286431021639928,4.032506493494216,15.360434819301522,0.7613212308733752,7,0,0.2751862236186911,1
3000,Female,Child,Two,Three-wheeler,Lag,16.868623190525327,4.604344665972716,5.144778220717899,1.1368110687179052,8,1,0.3858828047820798,1
3001,Male,Middle,Two,Three-wheeler,Gap,25.612957340138536,4.022450560311651,21.689466204822658,1.201358194683055,7,0,0.5393566900174632,0
3002,Male,Child,More,Three-wheeler,Lag,21.09981494211966,4.8691046550585995,1.024746451662626,1.733680883973508,8,0,0.02547501259043802,1
3003,Male,Middle,Single,Four-wheeler,Lag,16.817020449869332,3.9144987604519947,7.633650616146749,1.2694379017979456,3,0,0.29082067793374483,0
3004,Male,Young,Single,Three-wheeler,Lag,17.536225846583882,2.779671893220544,25.315931242253153,1.8577768058967057,15,0,0.7538572864442054,1
3005,Female,Middle,Two,Four-wheeler,Lag,21.030448794606002,1.5968909441391088,14.136648375192397,2.1026062022014136,9,0,0.18720126163164513,0
3006,Male,Young,Single,Heavy,Lag,18.930301027523782,2.0737898518172724,6.126218512440258,0.6112558424751093,3,0,0.1537281337274168,0
3007,Male,Young,Two,Three-wheeler,Lag,14.484661448759912,3.56874708036658,16.75705161872321,1.350400386095557,6,0,0.4524502984235169,0
3008,Female,Middle,More,Two-wheeler,Gap,21.590363142424025,5.833712366843612,20.077729993345258,1.0074914958797039,10,0,0.05365829339636102,0
3009,Female,Middle,Single,Four-wheeler,Lag,22.782670597772743,4.38790728990186,10.88267430385219,1.7204173775423306,12,0,0.30142628490823953,0
3010,Male,Young,Single,Two-wheeler,Lag,5.101264834980974,4.451697817029768,5.019324426494809,1.2319474920126674,5,0,0.10560845772765876,0
3011,Male,Young,Two,Four-wheeler,Lag,20.53707709790812,4.0444984834408295,6.9915802096346304,0.6754252503530409,6,1,0.605878613889713,1
3012,Male,Young,More,Three-wheeler,Gap,21.109012370595543,5.11410458481753,22.347814713545546,0.8990910091587372,4,0,0.22738767401334714,0
3013,Male,Young,Two,Three-wheeler,Lag,17.589563630666007,4.29626398205361,5.124238796278592,1.4445722078625094,5,0,0.23444451520641468,1
3014,Male,Middle,Single,Three-wheeler,Lag,17.691748417423707,2.7561744940105095,7.932613779931321,0.6785441917986561,3,1,0.7982472032251174,1
3015,Male,Young,Two,Three-wheeler,Lag,17.36598726225593,3.529416491481721,4.799586700134561,1.1017532062984925,0,0,0.20896045795495571,0
3016,Male,Young,Single,Three-wheeler,Lag,19.248993333099985,3.239091706430353,3.917699145569739,1.7636501479652622,5,0,0.2984252945079416,0
3017,Male,Young,More,Three-wheeler,Lag,24.976258797276596,2.381965415085426,11.469085029848717,0.5607826390751293,6,0,0.08636226860196315,0
3018,Female,Young,Two,Three-wheeler,Lag,19.583505725662125,2.6210010284791148,9.370786302283316,1.4736392084374628,9,0,0.16917889833425667,0
3019,Male,Young,Single,Heavy,Lag,33.659521695403214,2.851282066013951,2.421022029662584,1.4466206284145553,6,1,0.7003745779655853,1
3020,Male,Young,More,Two-wheeler,Lag,18.252564178823302,2.41903212890926,4.792328782320525,1.0334608844821265,4,0,0.015591322605674505,0
3021,Male,Young,Two,Three-wheeler,Lag,22.944873251802044,2.6011335990200877,2.1815222242399246,0.7413108106229251,6,0,0.12686004558233918,0
3022,Male,Elder,Single,Two-wheeler,Gap,20.70793245428614,5.210152208200697,1.797463453757862,0.7226375578904467,10,0,0.030831175203272235,0
3023,Male,Young,Two,Three-wheeler,Lag,24.016984651426338,3.045817077909516,5.476087060156368,2.111400359575044,6,0,0.2663755416224396,1
3024,Male,Middle,More,Two-wheeler,Lag,26.83528788236096,4.6802042498869945,15.639906784487518,1.448462532477473,7,0,0.1187791790631343,0
3025,Male,Young,Two,Four-wheeler,Lag,20.18273624143882,1.799404870366412,1.4941575071564799,1.098200752291206,2,0,0.07200688124896928,0
3026,Female,Young,Single,Two-wheeler,Lag,19.94119348553236,6.043500625971234,7.803731795079724,1.6857440333772995,0,1,0.7332912656174538,1
3027,Male,Young,Two,Four-wheeler,Lag,28.835108622745594,4.408914696484785,12.2035322409121,0.7243496228191912,13,0,0.28449384479874607,0
3028,Male,Young,Single,Three-wheeler,Lag,28.423562971158304,5.137214290142538,15.641105062360566,0.7659684543465656,4,0,0.7254574366297944,0
3029,Male,Middle,Two,Three-wheeler,Lag,34.79382494806568,3.609674898401358,14.276986120045379,0.8747931066322132,4,0,0.5708973992126967,0
3030,Male,Middle,Two,Two-wheeler,Gap,14.392206775565878,3.948411974396454,27.42738921555694,1.5685965248566196,2,0,0.41677597900748314,1
3031,Male,Middle,Single,Four-wheeler,Lag,6.308538900842953,3.102351914998419,7.296684349663555,1.135818337183283,6,0,0.16338109534402262,0
3032,Female,Middle,Single,Heavy,Gap,19.13527392209425,3.3243538851167007,1.0147219688752571,1.4052163977628551,9,1,0.2722591110965692,0
3033,Male,Young,More,Three-wheeler,Lag,23.508810894588745,4.354080999854568,2.1975513695370763,0.9226421755609344,8,0,0.04736104038363646,0
3034,Male,Child,Single,Heavy,Lag,11.95200019416611,1.6796846864344062,3.7288641079706766,1.5897265684818243,11,0,0.04440328707769581,0
3035,Male,Middle,More,Three-wheeler,Gap,18.214857842846673,1.5506286088243983,25.160794154151507,1.629207778207919,4,0,0.18325999518833747,0
3036,Male,Young,Two,Three-wheeler,Lag,21.170596839839327,4.930226256253743,12.295200059720193,1.1407709108307913,4,0,0.46196201327092845,0
3037,Male,Young,Two,Four-wheeler,Gap,15.56431319508664,2.1009786659742393,16.95918531525202,0.8912048702283462,15,0,0.10824894519371064,0
3038,Female,Elder,Single,Two-wheeler,Lag,23.47141603695567,4.2432251282421705,26.69725080325138,1.389865176164732,6,0,0.46329643075624855,1
3039,Female,Elder,Single,Three-wheeler,Lag,15.882599950323879,2.5295813012845723,18.202838308290538,0.9535940156437939,10,0,0.26138377041709265,0
3040,Male,Middle,Single,Two-wheeler,Lag,25.603447631005434,3.119515488295968,9.553005030720664,0.8010247532653678,7,1,0.6996873288704243,1
3041,Male,Young,Two,Four-wheeler,Lag,17.83669260890603,2.880280944617062,19.234218125814564,1.3726300175381834,3,0,0.41624858458425024,1
3042,Male,Middle,More,Three-wheeler,Lag,21.418376514997203,3.5016857211378944,9.98878495376592,1.2532362851964778,14,1,0.4287321107186206,0
3043,Male,Young,More,Heavy,Lag,20.639900626827707,4.676132787148161,4.109003400638674,1.599449272930491,4,0,0.04512530940341392,0
3044,Male,Young,Single,Three-wheeler,Lag,17.0288982290594,4.933846638561988,11.915340261279741,0.9990115462598108,8,0,0.5044931903356543,1
3045,Male,Young,Single,Heavy,Gap,19.160284139142544,2.619704536323265,20.852504989934914,0.9130747743012043,3,0,0.37031892178541964,1
3046,Male,Elder,Single,Two-wheeler,Lag,25.726910465145956,3.0276439586357218,16.588394947138827,1.4026858389321546,7,0,0.26307748680292786,0
3047,Male,Elder,More,Four-wheeler,Lag,20.699141114405,4.725826202208758,9.458002043576576,1.4801017500113396,6,0,0.04198370785291541,0
3048,Male,Middle,Single,Three-wheeler,Lag,11.21121544729348,1.9773839612933157,18.53079770321152,1.1408907454923254,3,0,0.5486414491455514,0
3049,Male,Young,Single,Two-wheeler,Lag,23.16888714583665,2.1397596551469524,10.496259693782562,1.1736762654855206,17,1,0.5884561573878141,0
3050,Male,Young,Two,Two-wheeler,Lag,14.962364387167964,3.4690821391307596,14.408558520468713,0.7602042484689544,2,0,0.18323773267055962,0
3051,Male,Young,Two,Four-wheeler,Lag,19.823015992834293,4.512689898779668,8.297686545128233,1.204158209987104,5,0,0.21875615374952634,0
3052,Female,Elder,Single,Three-wheeler,Gap,19.576647590230817,3.022188339432817,5.7964293756207095,2.0624145995801246,1,0,0.09067327355038467,0
3053,Male,Young,Two,Three-wheeler,Lag,19.82897323394107,1.837732109077951,7.959659370323251,0.7430518801521719,8,1,0.6222862222894329,0
3054,Male,Young,Single,Heavy,Gap,9.785143699026621,5.76761386499576,19.2088482144332,1.3162502380433954,6,0,0.4104578768976812,0
3055,Male,Middle,Single,Three-wheeler,Lag,16.633144444810103,5.407755070765871,27.7744433445682,0.5299348954788811,7,0,0.8678095536802685,1
3056,Male,Young,Single,Two-wheeler,Lag,10.973130905764421,4.005090486585766,7.087445483403014,1.0389950937071393,8,1,0.5448255528331271,0
3057,Male,Middle,Single,Two-wheeler,Lag,18.816198212754617,4.105565031980185,5.211518783072672,1.5649507495573607,9,0,0.16206848939644145,0
3058,Female,Young,More,Two-wheeler,Lag,21.749776676058033,5.357689638513316,3.0817128626851344,1.3153150897738133,15,0,0.01296945128071042,0
3059,Male,Middle,Two,Three-wheeler,Lag,22.239239016255294,3.978728531546747,15.86701351905674,0.6816157481018734,11,0,0.4487689743483627,0
3060,Male,Child,More,Four-wheeler,Lag,11.613703049064055,4.505379053035337,11.570711693372992,1.1843516780582224,4,0,0.03192318900963813,0
3061,Male,Child,Single,Three-wheeler,Gap,13.446982363447464,3.4203287166671026,12.052839159001191,0.6774473067822024,9,0,0.11443918295642454,0
3062,Male,Young,Two,Two-wheeler,Gap,22.35262651900282,2.642790367210124,2.3943335601008844,1.0953639849670864,1,0,0.03362835703086686,0
3063,Male,Young,More,Four-wheeler,Gap,20.457006198234144,4.7043429905432355,3.3316744770803073,1.5768039028993202,2,1,0.16354586672531535,0
3064,Male,Middle,Single,Three-wheeler,Lag,25.438607473217036,4.114136826191723,20.799692735363095,0.9563060431635124,6,0,0.7842273259815696,0
3065,Male,Child,More,Three-wheeler,Gap,15.421086086168557,2.86654638991466,12.412149681340779,1.186106763701771,6,0,0.021747040755868887,0
3066,Male,Child,Two,Heavy,Lag,13.48697819390642,3.912150979013395,6.26562888110062,1.2390169288829243,6,0,0.061974666279459696,0
3067,Male,Middle,More,Three-wheeler,Lag,18.043100774583284,4.628617133462522,6.042550913584007,1.7243876537964908,6,0,0.08864861742850216,0
3068,Female,Young,Single,Three-wheeler,Lag,21.98308784341337,2.7992140111832695,6.669393429297619,0.7566945872862145,8,0,0.19616175510263253,0
3069,Male,Middle,Two,Four-wheeler,Lag,19.821674392456874,4.42229391210841,2.893169349217896,1.2959993291469887,14,0,0.1085520696388455,0
3070,Male,Middle,Two,Four-wheeler,Gap,12.849638431722468,1.8591594606367872,2.519912948114216,0.5650982674558858,2,1,0.20005516494059963,0
3071,Female,Young,More,Four-wheeler,Lag,11.890534136396786,3.9175153617942025,15.130267445830047,0.7055901524246412,4,0,0.04867233623720331,0
3072,Male,Middle,More,Four-wheeler,Gap,22.602980325438725,6.85338568368576,7.084571058122204,0.9068856076823288,1,1,0.3207928475594756,0
3073,Male,Young,Single,Three-wheeler,Lag,17.037309399702053,4.880972486574924,9.165771666674209,1.5054015382641621,3,0,0.5019362391592178,0
3074,Male,Young,More,Three-wheeler,Lag,22.475370498621647,4.934580191205347,11.730539115029556,0.5919602891883731,17,0,0.09783672048475571,1
3075,Male,Young,More,Four-wheeler,Lag,17.004152861628732,4.100381470601034,8.073427524763904,1.98305035760868,1,0,0.06955851307672302,0
3076,Male,Middle,Two,Four-wheeler,Lag,17.321037893899003,3.4132533433073564,10.740455601312421,1.1570893084121874,3,0,0.23138801635150932,0
3077,Male,Middle,Single,Four-wheeler,Lag,15.511797946188407,4.089695642875251,18.860674280817975,1.6954378512633206,5,1,0.927833316369708,1
3078,Male,Young,Single,Three-wheeler,Lag,31.868981916091656,2.973539900470119,6.728044835317455,0.9084482128416366,4,0,0.4147415274008691,1
3079,Male,Elder,Single,Four-wheeler,Lag,8.431117954075185,3.6917090933404286,16.754409419775218,1.0537353332184052,6,0,0.25032286714486823,0
3080,Male,Young,Single,Three-wheeler,Gap,13.672825250852235,3.6516478175470315,7.088017103831746,1.515536055183385,17,0,0.1419267110730884,0
3081,Male,Elder,More,Two-wheeler,Lag,25.503392571708268,3.6640264329918657,5.644256997535332,1.101889781617343,8,0,0.013754003582246065,0
3082,Female,Middle,Single,Three-wheeler,Gap,13.952942330239598,3.26273851686742,3.1217137861106714,1.247098909194451,5,0,0.0820544343514651,0
3083,Male,Elder,Two,Three-wheeler,Gap,16.771604107952285,3.0766789886465937,14.40117548702171,1.6421047687349155,8,1,0.5704152840792128,0
3084,Male,Elder,Two,Four-wheeler,Lag,16.47051521576808,3.003780002231933,9.620061732618645,1.4157769168989065,11,1,0.439244850166838,1
3085,Male,Elder,Two,Three-wheeler,Gap,22.90829019252071,2.630150617808632,16.24987432906098,1.6901434508504722,3,1,0.6907503320332187,0
3086,Male,Young,Single,Four-wheeler,Lag,18.762244898184072,3.344284178088618,4.523729384851773,0.6922886944757297,9,0,0.14944573498781824,0
3087,Male,Middle,Two,Three-wheeler,Gap,25.601508504706104,2.1444463318133096,12.884186875873839,1.3633795002142188,7,0,0.23037357919401644,0
3088,Male,Middle,Two,Two-wheeler,Lag,23.752278256408115,5.100658273653822,1.4375885241247826,1.3552105813408741,9,0,0.0930923553064646,1
3089,Male,Middle,Two,Three-wheeler,Lag,20.455790479885813,1.8396055692975386,6.53887151670596,1.3622204232697128,1,0,0.21952220996159244,0
3090,Male,Young,Single,Three-wheeler,Lag,16.232852240021185,4.728308591520806,12.997453977528941,1.3405759706501335,9,0,0.5337088537559628,1
3091,Male,Elder,Two,Four-wheeler,Lag,24.583301687176288,2.6930846411957776,2.6895144734576135,1.5111082965512672,10,0,0.05434964687797952,0
3092,Male,Young,Single,Three-wheeler,Lag,26.220259549490905,4.809151549275153,9.044327876019851,1.7058831127219343,8,1,0.9111879201465288,1
3093,Male,Young,Two,Three-wheeler,Lag,25.503218962455364,4.240456124427329,12.149225259213887,0.9188370216473227,3,0,0.452411674479363,0
3094,Male,Young,Single,Three-wheeler,Gap,11.022442995362482,5.246847138775648,15.291306380760606,0.7266029286770157,2,0,0.412450355740491,0
3095,Male,Young,Single,Two-wheeler,Lag,22.923911484812884,4.902934138767009,14.832886203924435,0.6669348760164721,9,1,0.825925088186212,0
3096,Female,Middle,More,Two-wheeler,Lag,23.0204103393842,4.172072874139158,4.855382703424691,0.8169271462966702,8,0,0.015020634942127933,0
3097,Female,Young,Single,Heavy,Gap,28.852294749596318,2.318062239224549,3.1850616743083027,1.421845440623325,16,0,0.0469894861457214,0
3098,Male,Middle,More,Two-wheeler,Lag,16.48235492974294,3.6802946272481916,9.029704892438588,1.144445851059809,6,0,0.031850638192635054,1
3099,Male,Middle,More,Two-wheeler,Lag,24.465575148675242,3.0347406592368005,6.667607667285385,1.0674526613507118,3,0,0.03070846457676391,0
3100,Female,Young,Single,Four-wheeler,Gap,22.78245542164857,4.996236569627179,7.824834318006715,1.8609076565719365,9,0,0.15320719148606984,0
3101,Male,Middle,Single,Four-wheeler,Lag,26.56075035562725,4.914467535581764,8.45715930059147,1.8335899874490056,9,0,0.4374332967827387,1
3102,Female,Young,Single,Three-wheeler,Lag,22.849454424732667,2.949706181818473,9.37862073614096,1.2827925181633877,6,0,0.30667819278035496,1
3103,Male,Middle,More,Four-wheeler,Lag,25.881712077478554,4.071038648157049,11.410960336502985,1.191863407039527,9,0,0.08986290679660397,0
3104,Male,Elder,Two,Heavy,Gap,18.006542669400737,3.0297174523347743,1.3191625574747814,0.9717964199007645,4,0,0.019492458986415044,0
3105,Male,Young,Single,Two-wheeler,Lag,14.418622340184005,4.093007137159408,7.690878211804122,1.1934417770180359,3,0,0.18089420553689592,0
3106,Male,Middle,Two,Three-wheeler,Lag,18.062890266103327,3.8821407049000816,7.095532272844709,1.1381164692511343,2,1,0.7625278365215776,1
3107,Male,Young,Single,Four-wheeler,Lag,25.04114939261393,3.5641999490999443,6.583145310718706,0.49395955115664203,4,0,0.24644793551468006,1
3108,Male,Young,Two,Four-wheeler,Lag,13.787591923137747,4.950972243200752,16.688802404529714,1.5611022889973132,8,0,0.3921586630157957,0
3109,Female,Middle,Two,Heavy,Gap,21.996208011268426,2.7109900946763332,6.859417165845304,1.1694051953036266,3,1,0.3195794240924462,1
3110,Male,Young,Single,Three-wheeler,Gap,32.420197388798,4.543997172049527,4.913853216252547,0.9097654185766875,11,0,0.24220229727642434,0
3111,Male,Middle,More,Heavy,Gap,27.034635112745317,4.131765451701206,18.4350753223206,1.4348442445076928,3,0,0.12313781460159436,0
3112,Male,Young,Single,Three-wheeler,Lag,22.501697192789205,2.837725146904926,9.140222372346624,1.1796607832503871,8,0,0.37813694735730596,0
3113,Male,Young,Two,Four-wheeler,Gap,24.58743872800916,3.2926150276285875,5.586708765292985,1.0250557671453058,6,1,0.41088961835201243,0
3114,Male,Elder,Two,Heavy,Lag,13.379838988991697,1.8346167403374078,15.808188814604861,0.9204566450971716,3,0,0.12357923242985042,0
3115,Male,Young,More,Two-wheeler,Lag,20.002323439499385,3.8306587669051915,13.877056317457289,0.6348011328450077,7,0,0.049490932446795526,0
3116,Male,Middle,Two,Two-wheeler,Gap,20.467214847962133,5.009603045293973,22.490239556843477,1.2420486925237524,14,0,0.2816816299298677,0
3117,Female,Young,More,Three-wheeler,Lag,24.39571839112876,2.1448472245443178,19.30239038559496,1.0975707664119039,13,0,0.11002668052346429,0
3118,Male,Middle,Single,Four-wheeler,Gap,16.802933818252,2.2204271250186647,14.602795022812423,0.5899969446839206,4,0,0.19489857987998874,0
3119,Male,Middle,More,Two-wheeler,Lag,13.091185908817089,3.453873319030242,5.121942366990244,1.6475616968807598,6,0,0.02011436978775844,0
3120,Male,Young,Single,Four-wheeler,Lag,22.926404360241378,2.8375931079341368,10.814083934640266,1.6404416663149655,2,0,0.38532006379458433,0
3121,Female,Young,Two,Three-wheeler,Lag,19.91472869231967,2.822505268105583,4.217571642931223,1.227375773950819,6,0,0.10942866987450096,0
3122,Male,Young,Single,Three-wheeler,Lag,25.640937248899156,3.961811395143879,11.937156610525092,1.6959146807778418,4,0,0.6143798410198051,0
3123,Male,Elder,More,Three-wheeler,Lag,19.758774946973645,3.257391263685834,20.901655939132848,1.217208101390454,13,0,0.12185240546119201,0
3124,Male,Young,More,Heavy,Gap,25.73392543249728,4.764627855191492,1.1388504762101679,0.8329329089129291,8,0,0.01390952493078989,0
3125,Female,Young,Single,Two-wheeler,Lag,20.128693350479082,3.3147794641274135,19.23894318959306,1.2585524601470492,3,0,0.3517817229868172,0
3126,Female,Middle,Two,Three-wheeler,Lag,24.395770756064845,3.886607719517001,11.764011377591748,1.0236554570296723,17,0,0.23331530379286647,0
3127,Male,Young,Two,Two-wheeler,Lag,23.29656628212265,3.219061348518628,4.919818885292703,1.1849523976428422,8,1,0.43073124171919375,1
3128,Female,Young,Single,Heavy,Lag,16.526682966037477,2.7476654081870864,18.562568912872678,2.1214455674483794,2,0,0.4424788078431706,1
3129,Male,Young,Two,Four-wheeler,Lag,17.235902450162918,3.44405902869255,11.722556370389633,1.0745053529268958,10,0,0.19570492024730818,0
3130,Male,Young,Two,Three-wheeler,Lag,27.164607055630356,4.241232450286285,10.229029746354604,0.9003004969133037,7,0,0.3809160288825741,1
3131,Male,Middle,Two,Three-wheeler,Lag,15.90950583951235,5.5590172172428165,11.091894229190217,0.7687129248476174,5,0,0.39709281975899635,0
3132,Male,Elder,Single,Three-wheeler,Gap,22.916554330641027,1.6071481867662112,4.8383332245006985,1.7922546482914967,3,0,0.0940762830233189,0
3133,Female,Elder,More,Three-wheeler,Gap,14.124054926258015,3.627690129178745,4.081108068934271,0.519476797871074,4,1,0.046864029942983096,0
3134,Female,Elder,Single,Four-wheeler,Lag,23.888910753559564,3.9530368071794317,13.960701438481555,1.8537262726496646,2,0,0.28951720505127065,0
3135,Male,Young,Two,Three-wheeler,Lag,15.767133961691384,1.9518425846254106,19.396824848944338,0.6406827970192018,10,0,0.3694389091639227,1
3136,Male,Young,Single,Three-wheeler,Lag,21.35206215675504,4.688116565300858,14.605676257930465,1.5523204325945468,4,0,0.6740436313130734,1
3137,Male,Middle,Single,Four-wheeler,Lag,20.924680621061746,2.8190644847135764,18.098416576414934,1.0006592285259228,6,0,0.5093904538105191,1
3138,Female,Elder,Single,Three-wheeler,Lag,15.389202130708188,4.930172596732391,18.218073727225033,0.9455589051215332,15,0,0.3314244129100998,0
3139,Male,Middle,Single,Two-wheeler,Lag,19.898009896984508,3.691213411883644,2.018974831696428,0.8493612265308738,18,1,0.38963338254490554,1
3140,Male,Young,Two,Two-wheeler,Lag,26.575195265548107,2.3199711805017937,16.262310643140374,0.7786745839933991,10,0,0.2040015707088431,0
3141,Male,Middle,Two,Three-wheeler,Lag,22.64735950115689,4.3103293359449255,16.289166087570337,0.650473853319006,10,0,0.4883397600624826,1
3142,Female,Middle,Two,Four-wheeler,Lag,33.40861681217498,2.344295472635748,8.584452340650971,0.8116658153874965,13,1,0.5304876353538018,1
3143,Male,Elder,Two,Two-wheeler,Gap,24.431192277787996,4.2408628354072295,9.590278646781018,1.3401847548283978,10,0,0.04788286793385118,1
3144,Female,Middle,Single,Three-wheeler,Lag,22.07879625030525,4.591124314460174,15.680625265139144,1.318234749761609,5,0,0.5858564311356292,1
3145,Male,Young,Single,Three-wheeler,Gap,20.909865864049625,3.761879439627192,26.99973689227955,0.9851163424895908,1,0,0.7565347593523223,1
3146,Male,Young,Two,Four-wheeler,Gap,28.589227079248033,2.8018697854884933,27.28415539589589,1.4522883964576,3,0,0.5655770728484795,1
3147,Male,Young,Two,Two-wheeler,Lag,20.398239393810446,3.3405879804313736,10.657718616232845,1.577838513982905,5,0,0.16704544654419065,0
3148,Male,Young,Two,Three-wheeler,Gap,18.63929078957201,3.6160950256302296,16.711889799981762,2.200595546441951,3,1,0.8473388090074186,1
3149,Male,Elder,Single,Two-wheeler,Lag,25.462867829750543,4.051162785385628,10.527644163487091,1.170754534961377,4,1,0.6542909377665752,1
3150,Female,Young,More,Three-wheeler,Gap,28.718024428596582,3.9464307121227282,18.89239713505801,1.0965854441173704,1,0,0.12891014110118196,0
3151,Female,Young,Single,Two-wheeler,Lag,19.722619766418422,3.2269338616087744,13.736001742846907,2.1399217941960877,7,1,0.7253914480786834,1
3152,Male,Young,Two,Three-wheeler,Lag,13.929817806168042,4.382840523876546,21.95006516434877,1.9708789608650428,4,0,0.6913415093163171,0
3153,Male,Middle,Single,Four-wheeler,Gap,21.559749094569867,4.43539407671079,31.16219893385766,1.9142726472644827,3,0,0.8248551478931045,1
3154,Female,Young,Two,Two-wheeler,Lag,23.63831608516972,4.155433280438067,8.247255588422654,1.364233304512169,7,0,0.10039754205650965,0
3155,Female,Young,Single,Four-wheeler,Gap,18.215366388651265,2.8056397715896635,25.7209082720144,1.3749554837575795,4,0,0.4274628822705618,0
3156,Male,Elder,Two,Four-wheeler,Lag,23.76019917624786,3.438184071964461,14.566625327534709,1.9178092036602414,6,0,0.24615310123666476,1
3157,Female,Young,Single,Three-wheeler,Gap,20.455086444413624,3.3265759543429056,6.617533893128144,1.2158713588772658,3,0,0.14454880885940624,0
3158,Female,Young,Two,Four-wheeler,Lag,17.10782309508904,4.630031860386711,1.115083893829528,0.8969894446688368,8,1,0.32753391158504147,1
3159,Male,Young,Single,Three-wheeler,Lag,21.870767664968817,4.591042888897849,14.393997846560872,2.2574540005038726,11,0,0.6631897625983918,0
3160,Male,Middle,Two,Four-wheeler,Lag,18.440015788171095,4.879317650266169,6.325325440545829,1.702040443897884,1,0,0.24647226375705028,1
3161,Male,Middle,Single,Four-wheeler,Lag,24.47478469212102,2.65496484667543,6.493394073136303,0.6277862875870371,10,0,0.19284022771388962,0
3162,Male,Elder,Single,Four-wheeler,Lag,6.172619148552069,4.3453086714792954,11.984909017948354,0.7408632872932573,11,0,0.13709331659208493,0
3163,Female,Young,Two,Three-wheeler,Lag,25.107026317240148,4.90389028108585,1.9862774756761006,1.7879152155430311,14,0,0.14114369755676762,0
3164,Male,Elder,Single,Four-wheeler,Lag,17.1911089667099,2.3869629412221993,9.699054956686815,1.0097505707257848,10,0,0.11865937078326172,0
3165,Male,Middle,Single,Two-wheeler,Lag,29.76161907244769,1.5851805571621926,16.959311591912993,1.4738848657320378,7,0,0.39975734753642317,1
3166,Male,Young,More,Three-wheeler,Lag,23.960623530398102,2.074895311454119,1.8776633346889984,0.7503052743060614,1,0,0.034369594126940364,0
3167,Female,Young,More,Two-wheeler,Gap,16.090787378015367,3.857834988365908,13.257182359567146,0.8353882141294826,1,0,0.016198105355120493,0
3168,Female,Young,More,Two-wheeler,Gap,31.296735079139815,3.292498565516348,5.068109202715768,1.5445643850739788,3,0,0.01146488163745191,0
3169,Female,Elder,Single,Four-wheeler,Gap,20.01280738528948,2.5109779509337424,18.788642074248163,2.1920223973759887,5,0,0.17903634439028956,0
3170,Male,Young,Two,Four-wheeler,Lag,20.340705333865664,3.616957076700967,9.270017670837507,1.2411181746668631,14,0,0.16473646827396837,0
3171,Male,Young,More,Two-wheeler,Lag,27.50307334530114,4.493257236078318,17.29214808634504,0.5964729666495482,2,0,0.12016348039152722,0
3172,Male,Middle,Single,Three-wheeler,Gap,27.817794371410468,4.822986546699353,15.211215049910333,0.9251211947799216,6,1,0.9073784544456792,1
3173,Male,Elder,Two,Four-wheeler,Lag,22.906636782054647,4.357844006123029,19.303806903078215,0.8959245584510813,20,0,0.23601217439483524,0
3174,Male,Middle,Single,Heavy,Lag,31.26024160345134,4.994579034043383,11.381451852548357,1.9439784340728643,0,0,0.6338139299492187,1
3175,Male,Middle,More,Four-wheeler,Lag,17.54033412679349,3.8514653589901227,10.863244036862083,1.1474505671873885,1,0,0.07704933704112107,0
3176,Female,Young,Two,Two-wheeler,Lag,15.933767801791266,4.726601379914165,2.1750007114245076,1.9943582565043658,4,1,0.3440516564776762,0
3177,Male,Elder,Two,Two-wheeler,Lag,9.654489483747254,3.2787723084640756,11.669869818031819,1.7374842570341504,3,0,0.08016073112669317,0
3178,Male,Young,Two,Four-wheeler,Gap,17.807518687463986,4.8052383662834455,11.468258013471093,1.1831969009722527,6,0,0.15686275626624271,0
3179,Female,Young,Single,Three-wheeler,Lag,21.476195629531478,5.061296257589126,12.938864625011064,0.5487169134898807,5,0,0.45363971355771954,1
3180,Male,Elder,Single,Heavy,Gap,17.172074742676813,4.1210900699977175,4.487833486082119,2.1382095548724838,7,0,0.07137417616640451,0
3181,Male,Young,Two,Heavy,Gap,21.144226598645826,3.321337537700313,11.775144307205663,0.504161445514971,2,0,0.12264290148636316,0
3182,Male,Young,Two,Heavy,Lag,10.851774181881984,2.8391443079425263,10.326858869253437,1.7302631689341508,8,1,0.5942352194042431,1
3183,Male,Middle,Two,Three-wheeler,Lag,17.924359307416,2.9867370258671757,12.752354617956009,1.1407413445036358,3,0,0.36907489925446874,1
3184,Female,Young,Single,Four-wheeler,Lag,23.762411059769466,2.2222669575412493,13.941448891254895,1.0100212519165976,5,0,0.27347248862637596,0
3185,Female,Young,Two,Four-wheeler,Gap,13.026395584649684,1.6543124941983527,8.778157579571348,1.1351421767483347,1,0,0.04003054987341355,0
3186,Female,Middle,Single,Two-wheeler,Lag,23.198621680734266,3.270238128504394,11.164949495602889,1.0761108814243476,10,0,0.16252626572331785,0
3187,Male,Middle,Single,Three-wheeler,Lag,24.035520744392663,1.6120114200741513,9.343834311749259,1.4643103480428992,7,0,0.37906740466905736,0
3188,Male,Middle,More,Two-wheeler,Lag,20.989027244625284,4.964171226857563,16.13440256452911,1.3217717034674663,3,0,0.11839326957672551,0
3189,Female,Young,Two,Three-wheeler,Lag,26.768967914348494,3.9986965257846103,16.884228304096915,0.9545819403707466,7,0,0.436045925663197,1
3190,Male,Middle,Two,Heavy,Lag,29.456700876386968,4.759639207981408,7.602308568127652,1.2698035322049228,5,0,0.2882695975716675,0
3191,Female,Middle,More,Four-wheeler,Lag,10.041087082863678,3.3622021979267287,7.00877478272583,1.1313328260839548,10,0,0.016513327607676567,0
3192,Female,Young,Single,Three-wheeler,Lag,22.624704077110092,2.6271319944327565,14.285435954789396,1.893480815262485,16,0,0.3811948751653316,1
3193,Male,Young,More,Three-wheeler,Lag,16.021428827425787,2.8690204417929532,16.33475813496754,1.8131844926286966,2,0,0.17823145716069574,0
3194,Male,Child,Two,Two-wheeler,Lag,18.71880673729273,4.817192169981991,1.3696376833875554,1.374491228240227,6,0,0.03657048811091188,0
3195,Male,Young,Two,Three-wheeler,Lag,21.77657380925964,2.1670736820051726,9.883547613459378,2.0863106941158236,3,0,0.33344969401433283,0
3196,Male,Young,Single,Two-wheeler,Lag,23.15639458641574,4.162187032830229,7.860248370284554,1.0972053487604658,9,0,0.20115794893380332,0
3197,Male,Middle,Single,Four-wheeler,Gap,25.592376190226034,2.633866333941717,16.158385503308377,0.6952029760207865,1,0,0.3326574574249269,1
3198,Female,Elder,Single,Four-wheeler,Lag,23.04391435041194,3.077861467307568,4.757237641528809,0.6080526476608098,6,1,0.3654987230402777,1
3199,Female,Young,Single,Four-wheeler,Lag,24.295559551079933,1.0757617732662208,16.435849479235245,1.6855557841181374,11,0,0.284856821151532,0
3200,Male,Middle,Single,Four-wheeler,Lag,21.424503267991916,3.4675882092911046,13.957833171513402,1.10682113274508,5,0,0.4474647600949788,0
3201,Male,Young,Two,Two-wheeler,Gap,13.396139483035967,2.201456013153841,18.162525461858998,1.7389393069813788,10,0,0.10959254778751544,1
3202,Male,Child,Two,Four-wheeler,Lag,8.992045097867866,4.843682411856795,27.905707640052338,1.1921277555971503,2,0,0.48948035385468225,0
3203,Male,Middle,Single,Two-wheeler,Lag,20.437226234540226,2.0282358793396513,10.703101412061146,0.5076917526117791,12,1,0.5738139626764824,0
3204,Male,Young,Two,Three-wheeler,Gap,23.210235361144584,2.7269529083780286,14.705644803075929,1.2711093300952572,10,0,0.2386946044455064,1
3205,Male,Elder,More,Three-wheeler,Lag,13.161591519202258,1.2807723831544822,14.92141458495528,1.3473317869362755,5,1,0.28671604226296077,0
3206,Male,Middle,More,Two-wheeler,Lag,19.021249202127127,6.416863188652957,18.2120696327418,1.1839883415541819,2,0,0.1771029536888334,0
3207,Female,Young,More,Two-wheeler,Gap,16.356893847656234,3.9708159460410837,11.402901159665678,1.6942546056625938,6,1,0.11113596385326889,1
3208,Female,Young,Two,Three-wheeler,Lag,20.965250094984626,3.9777926534911288,3.9647707017871383,1.4069843570007876,8,0,0.1360069895120804,0
3209,Female,Young,Single,Two-wheeler,Lag,18.462689149757658,3.588233192077239,25.72671310254062,1.0852040827589449,2,1,0.9023795918409563,1
